"","intron_motif","startID","endID","maxCount","quantileValueN","passedExpression","passed","maxDJaccard","passedVariability","b_jaccard","rho_jaccard","hgnc_symbol","annotatedJunction"
"1",NA,1,661,1,0.549999999999999,FALSE,FALSE,0,FALSE,0.239789527279837,0.500000008334415,NA,"none"
"2","GT-AG",2,662,1,0.549999999999999,FALSE,FALSE,0,FALSE,0.239789527279837,0.500000040097874,NA,"none"
"3","GT-AG",3,663,2,2,FALSE,FALSE,0.666666666666667,TRUE,-0.239789527279837,0.98799231020692,"BTG3-AS1","start"
"4","GT-AG",3,664,2,2,FALSE,FALSE,0.666666666666667,TRUE,0.239789527279837,0.9879923102926,"BTG3-AS1","both"
"5","GT-AG",4,665,1,0.549999999999999,FALSE,FALSE,0,FALSE,0.239789527279837,0.500000076326028,"BTG3-AS1","both"
"6","GT-AG",5,666,1,1,FALSE,FALSE,0,FALSE,0.479579054559674,0.499999991665977,"AP000745.1;CHODL","none"
"7","GT-AG",6,667,3,3.1,FALSE,FALSE,0.416666666666667,TRUE,-0.136180334111159,0.00615360878273035,"CHODL","start"
"8","GT-AG",6,668,1,3.1,FALSE,FALSE,0.666666666666667,TRUE,-0.436019923162936,0.988917350403547,"CHODL","start"
"9","GT-AG",6,669,1,3.55,FALSE,FALSE,0.1875,TRUE,-0.647850964220857,0.00339203862462654,"CHODL","both"
"10","GT-AG",7,669,1,1.55,FALSE,FALSE,0.5,TRUE,1.82076576038526e-16,0.00933024147272504,"CHODL","end"
"11","GT-AG",8,670,3,2.55,FALSE,FALSE,0,FALSE,1.12743001878053,0.977806119511708,"CHODL","both"
"12","GT-AG",9,671,4,3.1,FALSE,FALSE,0,FALSE,1.69963027605463,0.981280209332052,"CHODL","both"
"13","GT-AG",10,672,1,1,FALSE,FALSE,0,FALSE,1.67852669095886,0.499999873396515,"CHODL","both"
"14","GT-AG",11,673,3,2.55,FALSE,FALSE,0,FALSE,1.36721954606037,0.982607972777295,"CHODL","both"
"15","GT-AG",12,674,10,10.55,FALSE,FALSE,0.578409090909091,TRUE,3.02462437048271,0.00200681089861698,"LINC01684","both"
"16","GT-AG",12,675,1,20.4,FALSE,FALSE,0.0818181818181818,TRUE,-4.30545885245427,0.00630954168276685,"LINC01684","start"
"17","GT-AG",12,676,2,12.65,FALSE,FALSE,0.6,TRUE,-3.76637403504384,0.48679760325941,"LINC01684","start"
"18","GT-AG",12,677,1,13.2,FALSE,FALSE,0.06,TRUE,-3.75641565448939,0.00154267868592415,"LINC01684","start"
"19","GT-AG",13,678,1,6.1,FALSE,FALSE,0.388888888888889,TRUE,-2.01839818737575,0.135405622635826,"LINC01684","end"
"20","GT-AG",13,675,4,9.84999999999999,FALSE,FALSE,0.738974358974359,TRUE,-1.67855204242122,0.403960836791621,"LINC01684","end"
"21","GT-AG",14,678,5,8.1,FALSE,FALSE,0.661375661375661,TRUE,-1.14186585657031,0.190841328159358,"LINC01684","both"
"22","GT-AG",14,675,9,12.1,FALSE,FALSE,0.611158841158841,TRUE,-0.600309367802523,0.176322712318873,"LINC01684","end"
"23","GT-AG",15,675,3,9.84999999999999,FALSE,FALSE,0.726923076923077,TRUE,-1.47430830673959,0.00126839536413241,"LINC01684","both"
"24","GT-AG",16,676,3,5.65,FALSE,FALSE,0.709821428571429,TRUE,0.859682005278778,0.0195542791818213,"LINC01684","start"
"25","GT-AG",16,677,4,6.2,FALSE,FALSE,0.75,TRUE,-1.25899769817112,0.0872839436640187,"LINC01684","both"
"26","GT-AG",16,679,1,5.65,FALSE,FALSE,0.21875,TRUE,-2.20154897070552,0.0381079974760922,"LINC01684","start"
"27","GT-AG",17,680,1,1,FALSE,FALSE,0.5,TRUE,2.1316282072803e-16,0.499999961226043,"LINC01684","none"
"28","GT-AG",18,681,7,4.29999999999999,FALSE,FALSE,0,FALSE,1.14563656954364,0.986302099993239,"LINC01684","both"
"29","GT-AG",19,680,1,1,FALSE,FALSE,0.5,TRUE,2.1316282072803e-16,0.499999968985046,"LINC01684","none"
"30",NA,20,682,1,0.549999999999999,FALSE,FALSE,0,FALSE,0.239789527279837,0.500000040097874,NA,"none"
"31","GT-AG",21,683,1,2,FALSE,FALSE,0.333333333333333,TRUE,-0.608904487544685,0.0383744395098674,"LINC00189;BACH1;GAPDHP14","start"
"32","GT-AG",21,684,1,1,FALSE,FALSE,0.5,TRUE,1.77635683940025e-16,0.500000150938037,"LINC00189;BACH1;GAPDHP14","both"
"33","GT-AG",22,683,2,2,FALSE,FALSE,0.333333333333333,TRUE,0.544241771052179,0.0145420993568365,"LINC00189;BACH1;GAPDHP14","none"
"34","GT-AG",23,685,1,1,FALSE,FALSE,0.5,TRUE,1.73194791841524e-16,0.499999947750721,"TPT1P1;HUNK","none"
"35","GT-AG",24,685,1,1,FALSE,FALSE,0.5,TRUE,1.73194791841524e-16,0.500000099977659,"HUNK","none"
"36","GT-AG",25,686,2,1.55,FALSE,FALSE,0,FALSE,0.784031298332016,0.972135486038972,"HUNK","both"
"37","GT-AG",26,687,1,1,FALSE,FALSE,0,FALSE,0.479579054559674,0.499999999996317,"HUNK","none"
"38","GT-AG",27,688,1,2.1,FALSE,FALSE,0.222222222222222,TRUE,-0.544241771052179,0.00727146969479073,"HUNK","start"
"39","GT-AG",27,689,2,2.1,FALSE,FALSE,0.222222222222222,TRUE,0.54424177105218,0.00727146743308079,"HUNK","both"
"40","GT-AG",28,690,2,1.55,FALSE,FALSE,0,FALSE,1.02382082561185,0.964776315192693,"HUNK","both"
"41","GT-AG",29,691,2,1.55,FALSE,FALSE,0,FALSE,0.544241771052179,0.965063526272517,"HUNK","both"
"42","GT-AG",30,692,1,1,FALSE,FALSE,0,FALSE,0.479579054559674,0.499999991665523,"HUNK","both"
"43","GT-AG",31,693,1,1,FALSE,FALSE,0,FALSE,0.479579054559674,0.499999991665491,"HUNK","both"
"44","GT-AG",32,694,1,0.549999999999999,FALSE,FALSE,0,FALSE,0.239789527279837,0.500000040097874,"HUNK","both"
"45","GT-AG",33,695,1,0.549999999999999,FALSE,FALSE,0,FALSE,0.239789527279837,0.499999991666228,"HUNK","both"
"46","GT-AG",34,696,1,0.549999999999999,FALSE,FALSE,0,FALSE,0.239789527279837,0.499999965255526,"OLIG1","both"
"47","GT-AG",35,697,1,91.7,FALSE,FALSE,0.0107142857142857,FALSE,-6.10510047011572,0.000411459454784674,"AP000295.1;IFNAR2","end"
"48","GT-AG",36,698,1,88.25,FALSE,FALSE,0.00947368421052631,FALSE,-5.92678216667091,0.00034530398675378,"AP000295.1;IFNAR2","start"
"49","GT-AG",36,699,34,96.2,TRUE,TRUE,0.0772959608956473,TRUE,-1.1590777332189,0.000145918363665044,"AP000295.1;IFNAR2","start"
"50","GT-AG",36,697,60,125.35,TRUE,TRUE,0.14717557451695,TRUE,-0.288480093857831,0.00907769038823258,"AP000295.1;IFNAR2","both"
"51","GT-AG",36,700,2,225.3,FALSE,FALSE,0.00790708614241488,FALSE,-5.36652835847316,3.88963311610686e-05,"AP000295.1;IFNAR2","end"
"52","GT-AG",37,699,1,42.85,FALSE,FALSE,0.0566666666666667,TRUE,-4.9029400893728,0.000758814755695894,"AP000295.1;IFNAR2","none"
"53","GT-AG",37,697,2,91.7,FALSE,FALSE,0.0222951289799116,FALSE,-5.32234470991266,0.000247429259487929,"AP000295.1;IFNAR2","end"
"54","GT-AG",37,700,1,159.25,FALSE,FALSE,0.0076271186440678,FALSE,-6.90392449767493,0.000699803191715797,"AP000295.1;IFNAR2","end"
"55","GT-AG",38,699,1,41.95,FALSE,FALSE,0.0321428571428571,FALSE,-5.12135719566528,0.00186119037373938,"AP000295.1;IFNAR2","none"
"56","GT-AG",39,699,1,41.95,FALSE,FALSE,0.09,TRUE,-5.11455467947824,0.0330611661703515,"AP000295.1;IFNAR2","none"
"57","GT-AG",40,701,119,120.6,TRUE,TRUE,0.0910049161999247,TRUE,2.71615611390905,0.0102046633041176,"AP000295.1;IFNAR2","both"
"58","GT-AG",40,702,1,117.5,FALSE,FALSE,0.00849056603773585,FALSE,-6.67859734464674,0.000455398106647027,"AP000295.1;IFNAR2","start"
"59","GT-AG",40,700,1,274.4,FALSE,FALSE,0.00352941176470588,FALSE,-7.48974452024263,0.00016940186785378,"AP000295.1;IFNAR2","end"
"60","GT-AG",40,703,1,276.85,FALSE,FALSE,0.0037037037037037,FALSE,-7.5532752392653,0.000201273916440619,"AP000295.1;IFNAR2","end"
"61","GT-AG",41,700,165,160.9,TRUE,TRUE,0.0650260205303401,TRUE,2.72520121852011,0.00789378976437596,"AP000295.1;IFNAR2","both"
"62","GT-AG",42,704,1,163.75,FALSE,FALSE,0.00668260473588342,FALSE,-6.7436532643489,0.000121146886473745,"AP000295.1;IFNAR2","start"
"63","GT-AG",42,703,166,173.75,TRUE,TRUE,0.0735879399705202,TRUE,2.3666002130746,0.0130823007236988,"AP000295.1;IFNAR2","both"
"64","GT-AG",42,705,1,163.75,FALSE,FALSE,0.00625,FALSE,-6.9842651646845,0.000303515312304038,"AP000295.1;IFNAR2","start"
"65","GT-AG",43,703,11,166.55,FALSE,FALSE,0.0443431072626465,FALSE,-3.3350259255892,0.00648393690707707,"AP000295.1;IFNAR2","end"
"66","GT-AG",44,706,142,145.05,TRUE,FALSE,0.0472218350798234,FALSE,3.18332089406355,9.97210813148968e-05,"AP000295.1;IFNAR2","both"
"67","GT-AG",45,707,2,219.6,FALSE,FALSE,0.00782780411125968,FALSE,-5.64369361321558,7.38125005452388e-05,"AP000295.1;IFNAR2","start"
"68","GT-AG",45,708,222,224.7,TRUE,FALSE,0.040685918862754,FALSE,2.95165349925781,5.35739881335335e-05,"AP000295.1;IFNAR2","both"
"69","GT-AG",45,709,1,219.6,FALSE,FALSE,0.0056836143308746,FALSE,-7.04107845087306,9.54642542892726e-05,"AP000295.1;IFNAR2","start"
"70","GT-AG",45,710,1,314.4,FALSE,FALSE,0.00290322580645161,FALSE,-7.57100248603272,0.00012910824474764,"AP000295.1;IFNAR2","start"
"71","GT-AG",46,708,4,220.8,FALSE,FALSE,0.0126586154241964,FALSE,-5.75610831798051,0.00333201033644398,"AP000295.1;IFNAR2","end"
"72","GT-AG",47,711,1,205,FALSE,FALSE,0.00542168674698795,FALSE,-7.03023263559023,0.000287204454341814,"AP000295.1;IFNAR2","start"
"73","GT-AG",47,712,208,216.4,TRUE,TRUE,0.0855596481503904,TRUE,1.43274692599744,0.000139970734847149,"AP000295.1;IFNAR2","both"
"74","GT-AG",47,713,7,277.35,FALSE,FALSE,0.0190655765153223,FALSE,-4.80570643445337,0.000103170030384485,"AP000295.1;IFNAR2","start"
"75","GT-AG",47,710,14,277.4,FALSE,FALSE,0.0470903077981979,FALSE,-3.51692632473367,0.00350230997182265,"AP000295.1;IFNAR2","start"
"76","GT-AG",47,714,3,205,FALSE,FALSE,0.0160412305790963,FALSE,-5.42206965515533,0.00469123451163644,"AP000295.1;IFNAR2","start"
"77","GT-AG",47,715,3,263.5,FALSE,FALSE,0.0162399197124745,FALSE,-6.25066137875636,0.00142646674127504,"AP000295.1;IFNAR2;IL10RB","start"
"78","GT-AG",47,716,2,321.8,FALSE,FALSE,0.00880593000974888,FALSE,-7.18921815435443,0.00179405534517923,"AP000295.1;IFNAR2;IL10RB","start"
"79","GT-AG",48,713,71,153.5,TRUE,TRUE,0.203794172580641,TRUE,-0.179574830273387,0.0267414527250663,"AP000295.1;IFNAR2","both"
"80","GT-AG",48,717,2,141.85,FALSE,FALSE,0.02,FALSE,-6.62830716421057,0.0117021084702058,"AP000295.1;IFNAR2","start"
"81","GT-AG",48,710,82,154.2,TRUE,TRUE,0.14316679483578,TRUE,-0.27984886312152,0.0210846919031517,"AP000295.1;IFNAR2","start"
"82","GT-AG",48,718,1,141.85,FALSE,FALSE,0.00936621518016867,FALSE,-6.45315311503986,0.000213035664783143,"AP000295.1;IFNAR2","start"
"83","GT-AG",49,714,1,4.1,FALSE,FALSE,0.166666666666667,TRUE,-1.66705913511214,0.00752500489977869,"AP000295.1;IFNAR2","none"
"84","GT-AG",49,715,1,65.75,FALSE,FALSE,0.0225,FALSE,-5.91296800387949,0.00164031632494077,"AP000295.1;IFNAR2;IL10RB","end"
"85","GT-AG",49,719,1,2,FALSE,FALSE,0.333333333333333,TRUE,-0.544241771052179,0.0124436645117376,"AP000295.1;IFNAR2;IL10RB","none"
"86","GC-AG",50,720,3,2.1,FALSE,FALSE,0,FALSE,0.822977775008189,0.971795944975521,"AP000295.1;IFNAR2","none"
"87","GT-AG",51,715,4,65.75,FALSE,FALSE,0.0688072392077398,TRUE,-5.11027818241991,0.0245907757823493,"AP000295.1;IL10RB","end"
"88","GT-AG",52,715,63,68.3,TRUE,TRUE,0.106258448974462,TRUE,2.45564593692602,0.00481518854672342,"AP000295.1;IL10RB","both"
"89","GT-AG",52,716,3,173,FALSE,FALSE,0.0180320039279577,FALSE,-6.35033010870036,0.00407996467368532,"AP000295.1;IL10RB","end"
"90","GT-AG",53,716,119,125.05,TRUE,TRUE,0.0691945636986943,TRUE,2.51581615156992,0.00590883922606955,"AP000295.1;IL10RB","both"
"91","GT-AG",53,721,1,124.5,FALSE,FALSE,0.00697674418604651,FALSE,-6.54656821919696,0.000351869471109209,"AP000295.1;IL10RB","start"
"92","GT-AG",53,722,10,279.05,FALSE,FALSE,0.0200192061455557,FALSE,-4.23400522617508,0.00626218782043403,"AP000295.1;IL10RB","end"
"93","GT-AG",54,722,1,171.35,FALSE,FALSE,0.00867356718420548,FALSE,-6.65061562113602,0.000219892460396578,"AP000295.1;IL10RB","end"
"94","GT-AG",55,723,1,161.95,FALSE,FALSE,0.00841121495327103,FALSE,-6.85197840206418,0.000836433232142534,"AP000295.1;IL10RB","start"
"95","GT-AG",55,722,166,171.8,TRUE,TRUE,0.0596490320834739,TRUE,2.79909790103867,0.000251471728690042,"AP000295.1;IL10RB","both"
"96","GT-AG",55,719,2,161.95,FALSE,FALSE,0.0114649681528662,FALSE,-6.78834996349363,0.00682916191698251,"AP000295.1;IL10RB","start"
"97","GT-AG",56,722,1,171.35,FALSE,FALSE,0.00588235294117647,FALSE,-6.89172238959855,0.000265488225688151,"AP000295.1;IL10RB","end"
"98","GT-AG",57,724,126,133.9,TRUE,FALSE,0.0457851048571927,FALSE,2.38686356795799,6.99834333253154e-05,"AP000295.1;IL10RB","both"
"99","GT-AG",58,725,156,149.9,TRUE,TRUE,0.0667655492190949,TRUE,2.71161522325166,0.000671230958656957,"AP000295.1;IL10RB","both"
"100","GT-AG",58,726,3,311,FALSE,FALSE,0.010971926852212,FALSE,-6.46078318008538,0.000708524885301797,"AP000295.1;IL10RB","end"
"101","GT-AG",59,725,1,148.35,FALSE,FALSE,0.00545454545454545,FALSE,-6.72446001322074,0.000210225399030657,"AP000295.1;IL10RB","end"
"102","GT-AG",60,727,2,166.2,FALSE,FALSE,0.0107142857142857,FALSE,-6.88776601022134,0.0030585678559161,"AP000295.1;IL10RB","start"
"103","GT-AG",60,728,1,166.2,FALSE,FALSE,0.00689024390243902,FALSE,-6.71238872769416,0.000111810184234369,"AP000295.1;IL10RB","start"
"104","GT-AG",60,726,164,174.1,TRUE,TRUE,0.0697902420930654,TRUE,2.69477220298708,0.013935539734058,"AP000295.1;IL10RB","both"
"105","GT-AG",60,729,1,166.2,FALSE,FALSE,0.00535714285714286,FALSE,-6.95302896861205,0.000296996417175728,"AP000295.1;IL10RB","start"
"106","GT-AG",60,730,1,166.2,FALSE,FALSE,0.00714285714285714,FALSE,-6.95282944654357,0.000476573621410195,"AP000295.1;IL10RB","start"
"107","GT-AG",60,731,2,166.2,FALSE,FALSE,0.0104649187241009,FALSE,-6.16565290651575,0.000367465702828351,"AP000295.1;IL10RB","start"
"108","GT-AG",60,732,1,166.2,FALSE,FALSE,0.00833333333333333,FALSE,-6.95269625437423,0.000670860611575281,"AP000295.1;IL10RB","start"
"109","GT-AG",61,726,1,170.65,FALSE,FALSE,0.00756302521008403,FALSE,-6.96268393466356,0.00049642893995313,"AP000295.1;IL10RB","end"
"110","GT-AG",62,733,1,0.549999999999999,FALSE,FALSE,0,FALSE,0.239789527279837,0.500000008335434,NA,"none"
"111","GT-AG",63,734,2,1.55,FALSE,FALSE,0,FALSE,0.544241771052179,0.977716158884026,"ITSN1","both"
"112","GT-AG",64,735,2,1.55,FALSE,FALSE,0,FALSE,1.26361035289169,0.953136285143741,"ITSN1","both"
"113","GT-AG",65,736,2,2,FALSE,FALSE,0,FALSE,1.63272531315654,0.975192466429068,"ITSN1","both"
"114","GT-AG",66,737,2,2,FALSE,FALSE,0,FALSE,1.80785212394387,0.970547183673108,"ITSN1","both"
"115","GT-AG",67,738,1,1,FALSE,FALSE,0.875,TRUE,-1.43873716367902,0.49999998333598,"ITSN1","start"
"116","GT-AG",67,739,1,1,FALSE,FALSE,0.625,TRUE,0.479579054559675,0.499999703021675,"ITSN1","both"
"117","GT-AG",67,740,1,1,FALSE,FALSE,0.75,TRUE,-0.959158109119348,0.499999912361222,"ITSN1","start"
"118","GT-AG",68,741,2,1.55,FALSE,FALSE,0,FALSE,0.784031298332016,0.934890474533781,"ITSN1","both"
"119","GT-AG",69,742,5,3.65,FALSE,FALSE,0,FALSE,0.937424334324611,0.978605573663485,"ITSN1","both"
"120","GT-AG",70,743,4,3.55,FALSE,FALSE,0,FALSE,1.77752322940697,0.984208656765132,"ITSN1","both"
"121","GT-AG",71,744,2,1.55,FALSE,FALSE,0,FALSE,1.74318940745136,0.953902226434038,"ITSN1","both"
"122","GT-AG",72,745,2,2,FALSE,FALSE,0,FALSE,1.80785212394387,0.959247289014901,"ITSN1","both"
"123","GT-AG",73,746,1,2,FALSE,FALSE,0.375,TRUE,-0.784031298332016,0.0106385128277629,"ITSN1","start"
"124","GT-AG",73,747,2,2,FALSE,FALSE,0.375,TRUE,0.784031298332016,0.0106384959839226,"ITSN1","both"
"125","GT-AG",74,748,3,3,FALSE,FALSE,0,FALSE,1.83994369949389,0.98678305709726,"ITSN1","both"
"126","GT-AG",75,749,4,3.55,FALSE,FALSE,0,FALSE,1.8032394692233,0.986537402878192,"ITSN1","both"
"127","GT-AG",76,750,4,3.1,FALSE,FALSE,0,FALSE,1.52450346526729,0.988701828386777,"ITSN1","both"
"128","GT-AG",77,751,5,4.1,FALSE,FALSE,0,FALSE,1.92867401899398,0.989747873188905,"ITSN1","both"
"129","GT-AG",78,752,3,2.55,FALSE,FALSE,0,FALSE,1.91146131711255,0.983319576589624,"ITSN1","both"
"130","GT-AG",79,753,5,4.55,FALSE,FALSE,0,FALSE,2.3669361885625,0.986189650345396,"ITSN1","both"
"131","GT-AG",80,754,3,3,FALSE,FALSE,0,FALSE,2.0540169869574,0.986968432053705,"ITSN1","both"
"132","GT-AG",81,755,4,4,FALSE,FALSE,0,FALSE,2.21354315256991,0.985529471141776,"ITSN1","both"
"133","GT-AG",82,756,2,2,FALSE,FALSE,0,FALSE,1.3282730693842,0.981278803033718,"ITSN1","both"
"134","GT-AG",83,757,1,1,FALSE,FALSE,0,FALSE,1.19894763639919,0.499999846440691,"ITSN1","both"
"135","GT-AG",84,758,2,1.55,FALSE,FALSE,0,FALSE,1.74318940745137,0.899604759645826,"ITSN1","both"
"136","GT-AG",85,759,4,2.65,FALSE,FALSE,0.5,TRUE,0.131567679390593,0.989626953507429,"ITSN1","both"
"137","GT-AG",85,760,1,3.1,FALSE,FALSE,0.8,TRUE,-0.980261694215115,0.991178029932227,"ITSN1","start"
"138","GT-AG",86,761,1,1,FALSE,FALSE,0,FALSE,0.719368581839511,0.500000008338161,"ITSN1","both"
"139","GT-AG",87,762,1,2,FALSE,FALSE,0.75,TRUE,-0.608904487544684,0.986996099998958,"ITSN1","start"
"140","GT-AG",87,760,2,2,FALSE,FALSE,0.6,TRUE,0.369114960264847,0.988217896431928,"ITSN1","both"
"141","GT-AG",88,763,3,2.1,FALSE,FALSE,0,FALSE,0.822977775008189,0.977965084920338,"ITSN1","both"
"142","GT-AG",89,764,1,0.549999999999999,FALSE,FALSE,0,FALSE,0.239789527279837,0.499999999997727,"ITSN1","both"
"143","GT-AG",90,765,1,2,FALSE,FALSE,0.375,TRUE,-0.784031298332016,0.0148356683692026,"LINC00649","end"
"144","GT-AG",91,766,1,3.55,FALSE,FALSE,0.2,TRUE,-1.29570192844171,0.00520206275275415,"LINC00649","start"
"145","GT-AG",91,767,2,4.1,FALSE,FALSE,0.52,TRUE,-0.103609193168677,0.00342496837398749,"LINC00649","start"
"146","GT-AG",91,765,2,4,FALSE,FALSE,0.6,TRUE,-0.14255566984485,0.00611047006379335,"LINC00649","both"
"147","GT-AG",92,767,1,2.55,FALSE,FALSE,0.291666666666667,TRUE,-0.608904487544685,0.00436450274857945,"LINC00649","none"
"148","GT-AG",93,768,2,2,FALSE,FALSE,0.5,TRUE,-8.88178419700125e-17,0.281703088334639,"LINC00649","both"
"149","GT-AG",94,768,1,2,FALSE,FALSE,0.4,TRUE,-1.08848354210436,0.0218846749107189,"LINC00649","end"
"150","GT-AG",95,768,1,2,FALSE,FALSE,0.75,TRUE,-0.848694014824521,0.0385408551587668,"LINC00649","end"
"151","GT-AG",95,769,1,1,FALSE,FALSE,0.666666666666667,TRUE,-0.239789527279837,0.500000122733007,"LINC00649","none"
"152","GT-AG",96,770,2,2.55,FALSE,FALSE,0.533333333333333,TRUE,-1.02382082561185,0.299900296326294,"LINC00649","none"
"153","GT-AG",97,770,2,2.55,FALSE,FALSE,0.722222222222222,TRUE,0.784031298332016,0.259534697778437,"LINC00649","none"
"154","GT-AG",97,771,1,2,FALSE,FALSE,0.857142857142857,TRUE,-1.3282730693842,0.981196297374427,"LINC00649","none"
"155","GT-AG",98,771,1,1,FALSE,FALSE,0.5,TRUE,1.73194791841524e-16,0.499999947750721,"LINC00649","none"
"156","GT-AG",99,768,1,2,FALSE,FALSE,0.4,TRUE,-1.08848354210436,0.0129986264308295,"LINC00649","end"
"157","GT-AG",100,772,1,0.549999999999999,FALSE,FALSE,0,FALSE,0.239789527279837,0.500000046432499,"LINC00649","none"
"158","GT-AG",101,773,2,8.1,FALSE,FALSE,0.729805996472663,TRUE,-1.41506603339123,0.00456982393891627,"LINC00649","end"
"159","GT-AG",102,773,7,8.1,FALSE,FALSE,0.729805996472663,TRUE,1.41506603339123,0.00456981164782619,"LINC00649","both"
"160","GT-AG",103,774,1,177.05,FALSE,FALSE,0.00494505494505495,FALSE,-6.90776697478449,0.000197824282490383,"MRPS6;SLC5A3;AP000317.2","end"
"161","GT-AG",104,775,1,5.1,FALSE,FALSE,0.222222222222222,TRUE,-2.62238829258165,0.0110125833425672,"MRPS6;SLC5A3;AP000317.2","start"
"162","GT-AG",104,776,1,22.3,FALSE,FALSE,0.0652307692307692,TRUE,-4.33730848240182,0.000631361416322329,"MRPS6;SLC5A3;AP000317.2","none"
"163","GT-AG",104,777,4,18.85,FALSE,FALSE,0.111301198801199,TRUE,-2.74192657573679,0.00730741126667105,"MRPS6;SLC5A3;AP000317.2","none"
"164","GT-AG",104,774,3,177.6,FALSE,FALSE,0.012859840987501,FALSE,-4.9982978613619,6.09619322465532e-05,"MRPS6;SLC5A3;AP000317.2","end"
"165","GT-AG",105,774,1,177.05,FALSE,FALSE,0.00725806451612903,FALSE,-6.90750857106689,0.000537947044476197,"MRPS6;SLC5A3;AP000317.2","end"
"166","GT-AG",106,778,3,202.55,FALSE,FALSE,0.01573058908899,FALSE,-6.39265701591585,0.00223606391696091,"MRPS6;SLC5A3;AP000317.2","start"
"167","GT-AG",106,776,19,203,FALSE,FALSE,0.0461819540638994,FALSE,-2.6237515468555,0.00515812175774294,"MRPS6;SLC5A3;AP000317.2","start"
"168","GT-AG",106,779,3,202.55,FALSE,FALSE,0.0114553525585307,FALSE,-6.45755377921715,0.00409878843210434,"MRPS6;SLC5A3;AP000317.2","start"
"169","GT-AG",106,780,1,202.55,FALSE,FALSE,0.005625,FALSE,-7.04353011439199,0.000328778123783442,"MRPS6;SLC5A3;AP000317.2","start"
"170","GT-AG",106,777,13,207.65,FALSE,FALSE,0.0227335441772304,FALSE,-3.17149506788816,0.000141246920608399,"MRPS6;SLC5A3;AP000317.2","start"
"171","GT-AG",106,774,167,217.1,TRUE,TRUE,0.124514247929788,TRUE,1.15263271100001,0.0174190812197196,"MRPS6;SLC5A3;AP000317.2","both"
"172","GT-AG",106,781,1,202.55,FALSE,FALSE,0.00642857142857143,FALSE,-7.04408302315042,0.000384978670872519,"MRPS6;SLC5A3;AP000317.2","start"
"173","GT-AG",106,782,3,235.1,FALSE,FALSE,0.0108871181926264,FALSE,-5.50749822704374,6.84928282348045e-05,"MRPS6;SLC5A3;AP000317.2","start"
"174","GT-AG",106,783,1,202.55,FALSE,FALSE,0.00625,FALSE,-7.04346030121358,0.000461983830288084,"MRPS6;SLC5A3;AP000317.2;LINC00310","start"
"175","GT-AG",106,784,1,202.55,FALSE,FALSE,0.00483870967741936,FALSE,-7.04430945413947,0.000210021031732048,"MRPS6;SLC5A3;AP000317.2;LINC00310;AP000317.1","start"
"176","GT-AG",106,785,1,202.55,FALSE,FALSE,0.00443349753694581,FALSE,-7.04366309844021,0.000184042858143373,"MRPS6;SLC5A3;AP000317.2;LINC00310;AP000317.1","start"
"177","GT-AG",107,776,1,19.55,FALSE,FALSE,0.1125,TRUE,-4.36253494194615,0.0148104341349147,"MRPS6;SLC5A3;AP000317.2","none"
"178","GT-AG",108,777,6,20.3,FALSE,FALSE,0.332830704745666,TRUE,-2.36510559195112,0.0402743643282374,"MRPS6;SLC5A3;AP000317.2","none"
"179","GT-AG",108,774,4,178.15,FALSE,FALSE,0.0214957769775651,FALSE,-4.90554521084155,0.000492767340990343,"MRPS6;SLC5A3;AP000317.2","end"
"180","GT-AG",109,777,1,16.85,FALSE,FALSE,0.0692307692307692,TRUE,-4.22024923310292,0.00288943995163093,"MRPS6;SLC5A3;AP000317.2","none"
"181","AT-AA",110,786,1,0.549999999999999,FALSE,FALSE,0,FALSE,0.239789527279837,0.499999965255526,"MRPS6;SLC5A3;AP000317.2","none"
"182","GT-AG",111,787,17,18.2,FALSE,FALSE,0.129212454212454,TRUE,2.93485384610863,0.0186843521370536,"MRPS6;SLC5A3;AP000317.2","none"
"183","GT-AG",111,774,2,188.35,FALSE,FALSE,0.007312244613094,FALSE,-5.72609984533392,5.07545706801778e-05,"MRPS6;SLC5A3;AP000317.2","end"
"184","GT-AG",112,787,2,17.1,FALSE,FALSE,0.121794871794872,TRUE,-3.8614408142855,0.000713890574827674,"MRPS6;SLC5A3;AP000317.2","none"
"185","GT-AG",113,788,1,1,FALSE,FALSE,0,FALSE,0.479579054559674,0.499999991672702,"MRPS6;SLC5A3;AP000317.2","none"
"186","GT-AG",114,774,10,177.05,FALSE,FALSE,0.0476216203998518,FALSE,-3.1636041137363,0.00688875555962248,"MRPS6;SLC5A3;AP000317.2","end"
"187","GT-AG",114,781,1,10.1,FALSE,FALSE,0.0818181818181818,TRUE,-3.72672803470612,0.0029528889345878,"MRPS6;SLC5A3;AP000317.2","none"
"188","GT-AG",114,782,1,70.9,FALSE,FALSE,0.0214285714285714,FALSE,-5.83065196496467,0.00216150054763816,"MRPS6;SLC5A3;AP000317.2","none"
"189",NA,115,789,1,0.549999999999999,FALSE,FALSE,0,FALSE,0.239789527279837,0.500000072077643,"MRPS6;SLC5A3;AP000317.2","none"
"190",NA,116,790,1,0.549999999999999,FALSE,FALSE,0,FALSE,0.239789527279837,0.500000046432499,"MRPS6;SLC5A3;AP000317.2","none"
"191",NA,117,791,1,0.549999999999999,FALSE,FALSE,0,FALSE,0.239789527279837,0.500000046432499,"MRPS6;SLC5A3;AP000317.2","none"
"192",NA,118,792,1,0.549999999999999,FALSE,FALSE,0,FALSE,0.239789527279837,0.49999991007907,"MRPS6;SLC5A3;AP000317.2","none"
"193","AT-AA",119,793,1,0.549999999999999,FALSE,FALSE,0,FALSE,0.239789527279837,0.499999999997727,"MRPS6;SLC5A3;AP000317.2","none"
"194","GT-AG",120,782,71,64.8,TRUE,TRUE,0.107933920039183,TRUE,3.50792463687827,0.000571179999675805,"MRPS6;AP000317.2","both"
"195","GT-AG",120,794,1,63.8,FALSE,FALSE,0.025,FALSE,-5.63066994089228,0.00147765912174035,"MRPS6;AP000317.2;LINC00310","start"
"196","GT-AG",120,784,1,63.8,FALSE,FALSE,0.036,FALSE,-5.63214592424232,0.00808826644288026,"MRPS6;AP000317.2;LINC00310;AP000317.1","start"
"197","GT-AG",121,795,1,1.55,FALSE,FALSE,0.5,TRUE,-0.0646627164925052,0.921577633569055,"SMIM11A;SMIM11B","both"
"198","GT-AG",122,795,2,1.55,FALSE,FALSE,0.5,TRUE,0.0646627164925051,0.921577598957963,"SMIM11A;SMIM11B","end"
"199","GT-AG",123,796,1,35.2,FALSE,FALSE,0.1125,TRUE,-4.52904313240618,0.0635736686557195,"CLIC6","end"
"200","GT-AG",124,797,1,38.15,FALSE,FALSE,0.0204545454545455,FALSE,-4.537607122446,0.000810470375466353,"CLIC6","start"
"201","GT-AG",124,796,36,40.05,TRUE,TRUE,0.170901960784314,TRUE,2.89108925341087,0.030143077127895,"CLIC6","both"
"202","GT-AG",124,798,3,96.45,FALSE,FALSE,0.0223508771929825,FALSE,-5.08461761551564,0.000328372604981527,"CLIC6","end"
"203","GT-AG",125,796,1,35.2,FALSE,FALSE,0.036,FALSE,-4.53815445960518,0.00234369790927792,"CLIC6","end"
"204","GT-AG",126,799,1,57.1,FALSE,FALSE,0.075,TRUE,-4.82967443366963,0.0383179534835174,"CLIC6","start"
"205","GT-AG",126,798,66,63.2,TRUE,TRUE,0.360379665379665,TRUE,2.31306892696701,0.0155880487015817,"CLIC6","both"
"206","GT-AG",127,798,1,60.4,FALSE,FALSE,0.0428571428571429,FALSE,-4.89101669081403,0.0133309303397906,"CLIC6","end"
"207","GT-AG",128,800,58,55.9,TRUE,TRUE,0.128810695790885,TRUE,2.51837627300335,0.00535131708478003,"CLIC6","both"
"208","GT-AG",129,801,61,59.4,TRUE,TRUE,0.103075396825397,TRUE,4.32754438274555,0.0010811408941298,"CLIC6","both"
"209","GT-AG",130,802,1,52.2,FALSE,FALSE,0.0375,FALSE,-5.09553250493088,0.00686866945700766,"CLIC6","start"
"210","GT-AG",130,803,52,56.2,TRUE,TRUE,0.381846066865557,TRUE,2.48136279118912,0.0127537280238156,"CLIC6","both"
"211","GT-AG",130,804,1,52.2,FALSE,FALSE,0.028125,FALSE,-5.09660560613269,0.00205002406580977,"CLIC6","start"
"212","GT-AG",131,805,1,0.549999999999999,FALSE,FALSE,0,FALSE,0.239789527279837,0.500000008335434,"DOP1B","both"
"213","GT-AG",132,806,1,2.1,FALSE,FALSE,0.5,TRUE,-0.103609193168677,0.987303751204544,"AP000695.1","none"
"214","GT-AG",132,807,3,2.1,FALSE,FALSE,0.5,TRUE,0.103609193168678,0.987303742783851,"AP000695.1","none"
"215","GT-AG",133,808,1,0.549999999999999,FALSE,FALSE,0,FALSE,0.239789527279837,0.49999991007907,"AP000695.1;AP000695.2;AP000695.1_2;AP000695.3","none"
"216","GT-AG",134,809,2,1.55,FALSE,FALSE,0,FALSE,0.544241771052179,0.976350758781204,"AP000695.1;AP000695.2","none"
"217","GT-AG",135,810,1,1,FALSE,FALSE,0,FALSE,1.19894763639919,0.499999999990703,"AP000704.1","both"
"218","GT-AG",136,811,1,0.549999999999999,FALSE,FALSE,0,FALSE,0.239789527279837,0.499999943136996,"AP000704.1","both"
"219","GT-AG",137,812,1,2,FALSE,FALSE,0.5,TRUE,-0.12932543298501,0.987329492555323,"KCNJ15","start"
"220","GT-AG",137,813,2,2,FALSE,FALSE,0.6,TRUE,-0.110464094294827,0.986868019037838,"KCNJ15","end"
"221","GT-AG",138,813,1,2,FALSE,FALSE,0.666666666666667,TRUE,-0.369114960264848,0.981874916581233,"KCNJ15","both"
"222","GT-AG",139,814,2,2,FALSE,FALSE,0,FALSE,1.80785212394387,0.968730313177504,"KCNJ15","both"
"223","GT-AG",140,815,5,4.55,FALSE,FALSE,0.214285714285714,TRUE,1.92867401899398,0.0279166765473904,"ETS2","both"
"224","GT-AG",141,815,1,4.55,FALSE,FALSE,0.214285714285714,TRUE,-1.92867401899398,0.0279166768818743,"ETS2","end"
"225","GT-AG",142,816,9,7.2,FALSE,FALSE,0,FALSE,3.54361543248088,0.98192664962315,"ETS2","both"
"226","GT-AG",143,817,15,14.1,FALSE,FALSE,0,FALSE,4.20148703651158,0.978179132202449,"ETS2","both"
"227","GT-AG",144,818,14,13.55,FALSE,FALSE,0,FALSE,4.21302572143107,0.97804610027147,"ETS2","both"
"228","GT-AG",145,819,19,16.75,FALSE,FALSE,0,FALSE,4.59335040082277,0.974095254828271,"ETS2","both"
"229","GT-AG",146,820,21,20.1,TRUE,TRUE,0.27280701754386,TRUE,3.72267051769678,0.0286682941073383,"ETS2","both"
"230","GT-AG",146,821,1,20.1,FALSE,FALSE,0.15,TRUE,-4.38236617214276,0.0592975884066432,"ETS2","start"
"231","GT-AG",147,822,22,22,TRUE,TRUE,0.0954545454545455,TRUE,4.00574992024253,0.000914179120326271,"ETS2","both"
"232","GT-AG",148,823,10,9.55,FALSE,FALSE,0,FALSE,4.23465888491319,0.977925339760414,"ETS2","both"
"233","GT-AG",149,824,14,13.1,FALSE,FALSE,0,FALSE,4.14658443280805,0.978363753444665,"ETS2","both"
"234","GT-AG",150,825,29,46.85,TRUE,TRUE,0.268077884918001,TRUE,0.16004969423089,0.039938472580238,"WRB;WRB-SH3BGR","both"
"235","GT-AG",151,825,1,46.85,FALSE,FALSE,0.0264537545787546,FALSE,-5.07047774797272,0.000278606945323359,"WRB;WRB-SH3BGR","end"
"236","GT-AG",152,825,1,46.85,FALSE,FALSE,0.03,FALSE,-5.55605732720101,0.00303068056345808,"WRB;WRB-SH3BGR","end"
"237","GT-AG",153,825,27,46.85,TRUE,TRUE,0.301844368434485,TRUE,-0.302333423718315,0.0494057618663131,"WRB;WRB-SH3BGR","end"
"238","GT-AG",154,826,92,88.9,TRUE,TRUE,0.118484650376023,TRUE,2.80187645892461,0.00315365105833514,"WRB;WRB-SH3BGR","both"
"239","GT-AG",155,826,1,85.45,FALSE,FALSE,0.012,FALSE,-6.12235019496462,0.000639602628532351,"WRB;WRB-SH3BGR","end"
"240","GT-AG",156,826,1,85.45,FALSE,FALSE,0.00960283687943263,FALSE,-5.64036225152731,0.000151426131901042,"WRB;WRB-SH3BGR","end"
"241","GT-AG",157,827,59,65.2,TRUE,TRUE,0.0512980337664714,TRUE,1.75560443791012,0.000115514505012197,"WRB;WRB-SH3BGR","both"
"242","GT-AG",157,828,1,87.55,FALSE,FALSE,0.0166161309884779,FALSE,-5.78616157450729,0.000183314035014574,"WRB;WRB-SH3BGR","start"
"243","GT-AG",157,829,2,60.75,FALSE,FALSE,0.0310344827586207,FALSE,-5.59179646122075,0.0214429616189143,"WRB;WRB-SH3BGR","start"
"244","GT-AG",157,830,1,59.75,FALSE,FALSE,0.0243243243243243,FALSE,-5.63185033606119,0.00155859272222034,"WRB;WRB-SH3BGR","start"
"245","GT-AG",157,831,4,62.4,FALSE,FALSE,0.0563359597842356,TRUE,-5.01271274615574,0.0215553261617325,"WRB;WRB-SH3BGR;SH3BGR","start"
"246","GT-AG",158,828,35,33.6,TRUE,TRUE,0.114128464128464,TRUE,2.33041528115183,0.00621817039214016,"WRB;WRB-SH3BGR","both"
"247","GT-AG",158,829,2,33.05,FALSE,FALSE,0.0763859775701881,TRUE,-3.23056679463916,0.000216561840227159,"WRB;WRB-SH3BGR","start"
"248","GT-AG",158,832,1,33.05,FALSE,FALSE,0.0573684210526316,TRUE,-4.78656817079201,0.000468562050702328,"WRB;WRB-SH3BGR","start"
"249","GT-AG",159,833,1,1,FALSE,FALSE,0,FALSE,0.479579054559674,0.500000056969131,"WRB;WRB-SH3BGR","none"
"250","GT-AG",160,834,1,1,FALSE,FALSE,0.5,TRUE,2.53130849614536e-16,0.49999999999866,"WRB;WRB-SH3BGR","none"
"251","GT-AG",160,832,1,1,FALSE,FALSE,0.833333333333333,TRUE,-0.959158109119348,0.499999934489463,"WRB;WRB-SH3BGR","none"
"252","GT-AG",161,832,1,1,FALSE,FALSE,0.6,TRUE,-0.239789527279837,0.500000052046802,"WRB;WRB-SH3BGR","none"
"253","GT-AG",162,835,1,1,FALSE,FALSE,0.5,TRUE,2.26485497023532e-16,0.499999999998181,"WRB;WRB-SH3BGR","none"
"254","GT-AG",162,836,1,1,FALSE,FALSE,0.5,TRUE,2.26485497023532e-16,0.500000081923408,"WRB;WRB-SH3BGR","none"
"255","GT-AG",163,831,1,5.55,FALSE,FALSE,0.388333333333333,TRUE,-2.28443058048959,0.00143573133761855,"WRB-SH3BGR;SH3BGR","end"
"256","GT-AG",164,831,2,5.55,FALSE,FALSE,0.316666666666667,TRUE,-1.09081737031721,0.00203169592134941,"WRB-SH3BGR;SH3BGR","both"
"257","GT-AG",165,831,2,5.55,FALSE,FALSE,0.666666666666667,TRUE,-1.10332583567081,0.00191783145490827,"WRB-SH3BGR;SH3BGR","end"
"258","GT-AG",166,831,1,5.55,FALSE,FALSE,0.4,TRUE,-2.53599180129441,0.00352858262268478,"WRB-SH3BGR;SH3BGR","end"
"259","GT-AG",167,837,7,7,FALSE,FALSE,0,FALSE,3.51611299107167,0.981319409456995,"WRB-SH3BGR;SH3BGR","both"
"260","GT-AG",168,838,12,10.65,FALSE,FALSE,0.182936507936508,TRUE,3.07521029856608,0.00116080705197674,"WRB-SH3BGR;SH3BGR;MYL6P2","both"
"261","GT-AG",168,839,1,18,FALSE,FALSE,0.0767521367521367,TRUE,-3.77859807172869,0.000604559557000327,"WRB-SH3BGR;SH3BGR;MYL6P2","start"
"262","GT-AG",169,839,11,10.55,FALSE,FALSE,0.185833333333333,TRUE,3.05689548387287,0.00105031084321807,"WRB-SH3BGR;SH3BGR","both"
"263","GT-AG",170,840,8,8.55,FALSE,FALSE,0.1,TRUE,3.66656310964581,0.00266795618413436,"WRB-SH3BGR;SH3BGR","both"
"264","GT-AG",170,841,1,15,FALSE,FALSE,0.06,TRUE,-4.30510797661413,0.00168791811682183,"WRB-SH3BGR;SH3BGR","start"
"265","GT-AG",171,841,7,7,FALSE,FALSE,0.128571428571429,TRUE,3.51892879473703,0.00326857097696876,"WRB-SH3BGR;SH3BGR","both"
"266","GC-AG",172,842,2,1.1,FALSE,FALSE,0,FALSE,0.304452243772342,0.951748380591938,"UMODL1","none"
"267","GT-AG",173,843,6,4.65,FALSE,FALSE,0,FALSE,2.89888205013208,0.983432210717741,"ABCG1;RNA5SP492","both"
"268","GT-AG",174,844,10,9.55,FALSE,FALSE,0,FALSE,3.46262500541694,0.980526821563702,"ABCG1","both"
"269","GT-AG",175,845,1,18.1,FALSE,FALSE,0.0473684210526316,FALSE,-4.31064363467617,0.00145295630578471,"ABCG1","none"
"270","GT-AG",176,846,10,10,FALSE,FALSE,0,FALSE,3.73880399617686,0.980755548881156,"ABCG1","both"
"271","GT-AG",177,847,8,9.1,FALSE,FALSE,0.136547619047619,TRUE,2.68614577517332,0.00212405623832569,"ABCG1","both"
"272","GT-AG",177,848,2,16.75,FALSE,FALSE,0.0746385193753615,TRUE,-3.21991968176252,0.000898431443165657,"ABCG1","start"
"273","GT-AG",178,848,9,9.65,FALSE,FALSE,0.169612794612795,TRUE,2.20334818123229,0.00100269277402863,"ABCG1","both"
"274","GT-AG",179,849,10,10,FALSE,FALSE,0,FALSE,3.66250024449991,0.980942099432525,"ABCG1","both"
"275","GT-AG",180,850,20,16.85,TRUE,TRUE,0.166666666666667,TRUE,3.32704754628635,0.0620552982041716,"ABCG1","both"
"276","GT-AG",181,851,15,14.75,FALSE,FALSE,0.292499363381716,TRUE,1.30303293855905,0.0145095846054466,"ABCG1","both"
"277","GT-AG",182,851,5,14.75,FALSE,FALSE,0.233300229182582,TRUE,-1.44898699583564,0.00143364116307159,"ABCG1","end"
"278","GT-AG",183,851,1,14.75,FALSE,FALSE,0.075,TRUE,-4.30132484862507,0.00340930565546203,"ABCG1","end"
"279","GT-AG",184,851,1,14.75,FALSE,FALSE,0.119480519480519,TRUE,-4.04553978603976,0.00207334161543208,"ABCG1","end"
"280","GT-AG",185,852,14,19.1,FALSE,FALSE,0.198444055944056,TRUE,0.104191393212147,0.000346867222409915,"ABCG1","both"
"281","GT-AG",186,852,7,19.1,FALSE,FALSE,0.198444055944056,TRUE,-0.104191393212147,0.000346869162966205,"ABCG1","end"
"282","GT-AG",187,853,1,14.55,FALSE,FALSE,0.06,TRUE,-4.38729307941598,0.00226769349316488,"ABCG1","start"
"283","GT-AG",187,854,14,14.55,FALSE,FALSE,0.0599999999999999,TRUE,4.38729307941598,0.00226769349365728,"ABCG1","both"
"284","GT-AG",188,855,20,20,TRUE,TRUE,0.163333333333333,TRUE,3.92842013177857,0.0122756762538989,"ABCG1","both"
"285","GT-AG",189,856,13,12.55,FALSE,FALSE,0,FALSE,4.46503243035542,0.975645217011983,"ABCG1","both"
"286","GT-AG",190,857,13,13,FALSE,FALSE,0.221560846560847,TRUE,2.86229436691574,0.00758011281694202,"ABCG1","both"
"287","GT-AG",191,857,2,13,FALSE,FALSE,0.221560846560847,TRUE,-2.86229436691574,0.00758011292816034,"ABCG1","end"
"288","GT-AG",192,845,18,18.1,FALSE,FALSE,0.0473684210526316,FALSE,4.31064363467617,0.00145295704346904,"ABCG1","both"
"289","GT-AG",193,858,1,1.55,FALSE,FALSE,0.75,TRUE,-0.544241771052179,0.982845324236232,"SLC37A1","end"
"290","GT-AG",194,858,2,1.55,FALSE,FALSE,0.75,TRUE,0.54424177105218,0.982845321378284,"SLC37A1","both"
"291","GT-AG",195,859,1,11.65,FALSE,FALSE,0.0692307692307692,TRUE,-3.9306456700466,0.00224114732546848,"NDUFV3;PKNOX1","end"
"292","GT-AG",196,859,12,11.65,FALSE,FALSE,0.0692307692307692,TRUE,3.9306456700466,0.00224115164173505,"PKNOX1","both"
"293","GT-AG",197,860,34,31.75,TRUE,TRUE,0.201591047559607,TRUE,2.95325687705351,0.0021501101848299,"PKNOX1","both"
"294","GT-AG",198,861,26,25.1,TRUE,TRUE,0.140944055944056,TRUE,3.76356714342063,0.0111190699283785,"PKNOX1","both"
"295","GT-AG",198,862,1,51.05,FALSE,FALSE,0.02,FALSE,-5.55000262313944,0.000699569010036689,"PKNOX1","end"
"296","GT-AG",199,862,30,26.85,TRUE,TRUE,0.0687747035573123,TRUE,4.4795145750997,0.0016451631193402,"PKNOX1","both"
"297","GT-AG",200,863,14,14.55,FALSE,FALSE,0.118857808857809,TRUE,3.54006397130413,0.00123216231986068,"PKNOX1","both"
"298","GT-AG",200,864,2,14.55,FALSE,FALSE,0.118857808857809,TRUE,-3.54006397130412,0.00123215997507224,"PKNOX1","start"
"299","GT-AG",201,865,21,21.55,TRUE,TRUE,0.108056943056943,TRUE,2.70945321520837,0.00203202136336248,"PKNOX1","both"
"300","GT-AG",201,866,1,48.75,FALSE,FALSE,0.0264705882352941,FALSE,-5.53272934636176,0.00119170119108226,"PKNOX1","end"
"301","GT-AG",202,866,29,32.2,TRUE,TRUE,0.0819688331042484,TRUE,2.64983363577523,0.000410762475633182,"PKNOX1","both"
"302","GT-AG",203,867,28,28,TRUE,TRUE,0.0808479532163743,TRUE,4.14754424136188,0.00725184087245386,"PKNOX1","both"
"303","GT-AG",204,868,32,32.1,TRUE,FALSE,0.0473301260450629,FALSE,3.25607066641449,0.000259001358992836,"PKNOX1","both"
"304","GT-AG",205,869,26,28.4,TRUE,TRUE,0.109385229064022,TRUE,2.65689933146705,0.0293577524336944,"PKNOX1","both"
"305","GT-AG",206,870,1,0.549999999999999,FALSE,FALSE,0,FALSE,0.239789527279837,0.499999991666228,"PKNOX1","none"
"306","GT-AG",207,871,2,1.1,FALSE,FALSE,0,FALSE,0.304452243772342,0.951748380591938,"PKNOX1","none"
"307","GT-AG",208,872,1,0.549999999999999,FALSE,FALSE,0,FALSE,0.239789527279837,0.499999943136996,"PDXK;TMEM97P1;RRP1;AGPAT3;TRAPPC10;FP565260.6;PWP2;FP565260.1;FP565260.2;GATD3A;GATD3B","none"
"308","GT-AG",209,873,2,139.4,FALSE,FALSE,0.0220668220668221,FALSE,-6.25148018805679,0.00639806134939948,"RRP1","end"
"309","GT-AG",210,874,1,132.05,FALSE,FALSE,0.0121621621621622,FALSE,-6.60042181180993,0.00204226861582624,"RRP1","start"
"310","GT-AG",210,873,136,147.6,TRUE,FALSE,0.0418982626595857,FALSE,1.47999518681872,6.67948584347681e-05,"RRP1","both"
"311","GT-AG",211,873,1,139.4,FALSE,FALSE,0.00592105263157895,FALSE,-6.55888118550474,0.000210290244610777,"RRP1","end"
"312","GT-AG",212,875,185,187.65,TRUE,TRUE,0.0789821849034336,TRUE,2.53631359755993,0.00417199602496182,"RRP1","both"
"313","GT-AG",212,876,1,190.55,FALSE,FALSE,0.00471204188481675,FALSE,-6.76480198718345,0.000186337589737994,"RRP1","none"
"314","GC-AG",213,877,1,216.65,FALSE,FALSE,0.00803571428571428,FALSE,-7.00249842293096,0.000714635191269009,"RRP1","end"
"315","GT-AG",214,877,222,220.45,TRUE,FALSE,0.0365114184395333,FALSE,2.92635922765977,0.000426898259562264,"RRP1","both"
"316","GT-AG",215,878,263,273,TRUE,FALSE,0.0225778491523085,FALSE,3.09837812362606,5.28491137016736e-05,"RRP1","both"
"317","GT-AG",215,879,1,520.45,FALSE,FALSE,0.00307167235494881,FALSE,-7.85174832357226,0.000254851052038357,"RRP1","end"
"318","GT-AG",215,876,1,276.65,FALSE,FALSE,0.0075,FALSE,-7.15551864042241,0.000963729611227625,"RRP1","none"
"319","GT-AG",216,880,1,252.15,FALSE,FALSE,0.00511363636363636,FALSE,-7.18190891329286,0.000262214682190791,"RRP1","start"
"320","GT-AG",216,879,256,253.6,TRUE,FALSE,0.0364179367540443,FALSE,3.08689124215915,0.00102430469702947,"RRP1","both"
"321","GT-AG",216,876,7,252.7,FALSE,FALSE,0.0153549002763489,FALSE,-4.11756446738629,0.000102043876230548,"RRP1","start"
"322","GT-AG",217,881,243,248.75,TRUE,TRUE,0.102905774579559,TRUE,2.76115874626842,0.00955529088800885,"RRP1","both"
"323","GT-AG",218,882,236,229.9,TRUE,TRUE,0.105223643184459,TRUE,3.34727004620919,0.0107171039952056,"RRP1","both"
"324","GT-AG",219,882,2,229.45,FALSE,FALSE,0.0127434986694031,FALSE,-6.18815947077866,0.000281155112457422,"RRP1","end"
"325","GT-AG",220,883,3,223.55,FALSE,FALSE,0.0145406937694636,FALSE,-6.0344619237141,0.0036056080127386,"RRP1","end"
"326","GT-AG",221,883,1,223.55,FALSE,FALSE,0.00714285714285714,FALSE,-6.99126793172437,0.000534016255721928,"RRP1","end"
"327","GT-AG",222,884,1,210.55,FALSE,FALSE,0.00584415584415584,FALSE,-6.93844023261713,0.000350541752716054,"RRP1","start"
"328","GT-AG",222,883,255,224.1,TRUE,TRUE,0.0616058344384263,TRUE,2.61720268175106,0.00043967314515289,"RRP1","both"
"329","GT-AG",223,883,1,223.55,FALSE,FALSE,0.00656934306569343,FALSE,-6.99133204658308,0.000401081949492707,"RRP1","end"
"330","GT-AG",224,885,1,191.65,FALSE,FALSE,0.012,FALSE,-6.8080504032158,0.00249325059907051,"RRP1","start"
"331","GT-AG",224,886,197,194.45,TRUE,TRUE,0.145829709281142,TRUE,2.63163756668726,0.0283698624953108,"RRP1","both"
"332","GT-AG",225,887,198,210.3,TRUE,TRUE,0.0743178854995533,TRUE,2.32850472999643,0.000787821451881323,"RRP1","both"
"333","GT-AG",225,888,1,426.15,FALSE,FALSE,0.00278160679476469,FALSE,-7.17307263719532,3.14740564040013e-05,"RRP1","end"
"334","GT-AG",226,889,2,203.75,FALSE,FALSE,0.00814877226769379,FALSE,-6.57600795649083,0.000493463100566313,"RRP1","start"
"335","GT-AG",226,888,206,218.3,TRUE,TRUE,0.0593538762934356,TRUE,2.28529157917339,5.1519492123033e-05,"RRP1","both"
"336","GT-AG",227,888,1,216.95,FALSE,FALSE,0.00424528301886792,FALSE,-6.95266799364674,0.000174370952829576,"RRP1","end"
"337","GT-AG",228,888,3,216.95,FALSE,FALSE,0.0116720192693697,FALSE,-6.60724895212543,0.0063448783963099,"RRP1","end"
"338","GT-AG",229,890,1,181.95,FALSE,FALSE,0.00666692702857078,FALSE,-6.01441677849776,5.066434840167e-05,"RRP1","start"
"339","GT-AG",229,891,189,190.5,TRUE,TRUE,0.0763103127866671,TRUE,1.91304838341371,0.0121334094343702,"RRP1","both"
"340","GT-AG",230,891,1,184.05,FALSE,FALSE,0.00907043775896235,FALSE,-6.74418283631099,0.000182287199132877,"RRP1","end"
"341","GT-AG",231,892,1,206.75,FALSE,FALSE,0.0046875,FALSE,-7.07522191226781,0.000226091395807347,"PWP2;FP565260.1;FP565260.2;GATD3A;GATD3B","none"
"342","GT-AG",232,893,1,224.1,FALSE,FALSE,0.0272727272727273,FALSE,-6.69451775970759,0.0148132017625477,"FP565260.2;GATD3A;GATD3B","end"
"343","GT-AG",233,893,2,224.55,FALSE,FALSE,0.0116892291556141,FALSE,-6.08628101528081,0.000129415974025409,"FP565260.2;GATD3A;GATD3B","end"
"344","GT-AG",233,892,1,208.2,FALSE,FALSE,0.00520231213872832,FALSE,-7.07825107645905,0.000254742502474832,"FP565260.2;GATD3A;GATD3B","none"
"345","GT-AG",234,894,2,206.05,FALSE,FALSE,0.0097905915045653,FALSE,-6.24060370830277,0.00189978879030392,"FP565260.2;GATD3A;GATD3B","start"
"346","GT-AG",234,893,224,230.45,TRUE,TRUE,0.329007542598455,TRUE,1.36630001642605,0.0115149828522729,"FP565260.2;GATD3A;GATD3B","both"
"347","GT-AG",234,892,2,411.45,FALSE,FALSE,0.00771335771055738,FALSE,-6.76805578242102,0.00111196502378809,"FP565260.2;GATD3A;GATD3B","start"
"348","GT-AG",235,892,1,206.75,FALSE,FALSE,0.0090964590964591,FALSE,-6.83405436032584,0.000301465528187031,"FP565260.2;GATD3A;GATD3B","none"
"349","GT-AG",236,893,1,224.1,FALSE,FALSE,0.00473684210526316,FALSE,-6.69705805754929,0.00023795503969514,"FP565260.2;GATD3A;GATD3B","end"
"350","GT-AG",237,893,1,224.1,FALSE,FALSE,0.00617251766886803,FALSE,-6.45666643315834,8.81365042004066e-05,"FP565260.2;GATD3A;GATD3B","end"
"351","GT-AG",238,895,1,204.2,FALSE,FALSE,0.00642857142857143,FALSE,-7.05434205329628,0.000401166343467345,"FP565260.2;GATD3A;GATD3B","start"
"352","GT-AG",238,892,214,209.1,TRUE,TRUE,0.0558629649244682,TRUE,2.96955995143716,0.00952440750644462,"FP565260.2;GATD3A;GATD3B","both"
"353","GT-AG",239,892,2,206.75,FALSE,FALSE,0.018060979623017,FALSE,-6.28776942410581,0.000109124203276737,"FP565260.2;GATD3A;GATD3B","end"
"354","GC-AG",240,896,3,261.2,FALSE,FALSE,0.008289818022104,FALSE,-6.16979395601437,0.0026440410050559,"FP565260.2;GATD3A;GATD3B","end"
"355","GT-AG",241,896,224,289.6,TRUE,TRUE,0.0507397916842541,TRUE,1.30778569192417,0.00195947614549132,"FP565260.2;GATD3A;GATD3B","both"
"356","GT-AG",242,896,2,261.2,FALSE,FALSE,0.00749293204029245,FALSE,-6.0733477109662,7.39643586379403e-05,"FP565260.2;GATD3A;GATD3B","end"
"357","GT-AG",243,897,2,274.7,FALSE,FALSE,0.00740740740740741,FALSE,-7.36534663875274,0.00289208020442575,"FP565260.2;GATD3A;GATD3B","start"
"358","GT-AG",243,898,1,274.7,FALSE,FALSE,0.00310344827586207,FALSE,-7.43049016064824,0.000142114170044595,"FP565260.2;GATD3A;GATD3B","start"
"359","GT-AG",243,899,271,282.9,TRUE,FALSE,0.0355591310808497,FALSE,2.07016744090072,4.46299959156296e-05,"FP565260.2;GATD3A;GATD3B","both"
"360","GT-AG",243,900,1,274.7,FALSE,FALSE,0.003515625,FALSE,-7.43044422805297,0.000166615324656305,"FP565260.2;GATD3A;GATD3B","start"
"361","GT-AG",243,901,5,435.65,FALSE,FALSE,0.00821622071948262,FALSE,-4.59317178055546,2.11790159859299e-05,"FP565260.2;GATD3A;GATD3B","start"
"362","GT-AG",244,902,1,244.5,FALSE,FALSE,0.0036144578313253,FALSE,-7.17418798979282,0.000140646657656236,"FP565260.2;GATD3A;GATD3B","start"
"363","GT-AG",244,903,1,244.5,FALSE,FALSE,0.00604026845637584,FALSE,-7.17391729290017,0.000522859456807906,"FP565260.2;GATD3A;GATD3B","start"
"364","GT-AG",244,904,13,244.5,FALSE,FALSE,0.0178696383049932,FALSE,-3.25492185857562,3.61603052026157e-05,"FP565260.2;GATD3A;GATD3B","start"
"365","GT-AG",244,905,3,244.5,FALSE,FALSE,0.0154285714285714,FALSE,-7.06925289617375,0.0166977630418944,"FP565260.2;GATD3A;GATD3B","start"
"366","GT-AG",244,906,18,244.5,FALSE,FALSE,0.0335660941402844,FALSE,-3.28263779883197,0.0024737414519962,"FP565260.2;GATD3A;GATD3B","start"
"367","GT-AG",244,907,2,244.5,FALSE,FALSE,0.0111075019156203,FALSE,-6.62802302007255,0.00010047274741053,"FP565260.2;GATD3A;GATD3B","start"
"368","GT-AG",244,901,188,261.3,TRUE,TRUE,0.186825741329484,TRUE,0.58075246691872,0.0141132056860826,"FP565260.2;GATD3A;GATD3B","both"
"369","GT-AG",244,908,1,244.5,FALSE,FALSE,0.00508474576271186,FALSE,-7.1740239900212,0.000281079323208773,"FP565260.2;GATD3A;GATD3B","none"
"370","AT-AC",245,909,1,274.75,FALSE,FALSE,0.00382978723404255,FALSE,-7.45275085616674,0.000212046551712863,"FP565260.2;GATD3A;GATD3B","start"
"371","AT-AC",245,910,289,287.75,TRUE,TRUE,0.0719234644497144,TRUE,2.69458938343568,0.000139695373952142,"FP565260.2;GATD3A;GATD3B","both"
"372","GT-AG",246,911,5,4.55,FALSE,FALSE,0.4375,TRUE,2.23536850917191,0.206568581747658,"FP565260.2;GATD3A;GATD3B","both"
"373","GT-AG",247,911,1,4.55,FALSE,FALSE,0.4375,TRUE,-2.23536850917191,0.206568567435014,"FP565260.2;GATD3A;GATD3B","end"
"374","GT-AG",248,912,1,0.549999999999999,FALSE,FALSE,0,FALSE,0.239789527279837,0.500000046432499,"GATD3A;GATD3B","none"
"375","GT-AG",249,913,1,0.549999999999999,FALSE,FALSE,0,FALSE,0.239789527279837,0.500000008335434,"GATD3A","none"
"376","GT-AG",250,914,7,9.65,FALSE,FALSE,0.314772727272727,TRUE,3.24049451839924,0.0257829768515313,"GATD3A","both"
"377","GT-AG",250,915,1,9.65,FALSE,FALSE,0.1125,TRUE,-3.65653675749677,0.00333834928963936,"GATD3A","start"
"378","GT-AG",250,916,4,10.1,FALSE,FALSE,0.327272727272727,TRUE,-3.50510200862663,0.162730714024953,"GATD3A","start"
"379","GT-AG",251,916,1,2.65,FALSE,FALSE,0.5,TRUE,-0.131567679390594,0.961079409637785,"GATD3A","none"
"380","GT-AG",252,917,6,6,FALSE,FALSE,0,FALSE,2.87619175979206,0.984044306146435,"TRPM2;snoZ6;snoZ6_2","both"
"381","GT-AG",253,918,3,2.1,FALSE,FALSE,0,FALSE,0.822977775008189,0.959771847241284,"TRPM2","both"
"382","GT-AG",254,919,1,0.549999999999999,FALSE,FALSE,0,FALSE,0.239789527279837,0.499999965255526,"TSPEAR-AS2","both"
"383","GT-AG",255,920,1,0.549999999999999,FALSE,FALSE,0,FALSE,0.239789527279837,0.499999965255526,"LINC01424","both"
"384","GC-AG",256,921,1,0.549999999999999,FALSE,FALSE,0,FALSE,0.239789527279837,0.500000040097874,"LINC00334;LINC00205;BX322557.1;COL18A1;LINC01694;PCBP3;AJ011931.1;AJ239328.1;AJ011932.1;COL6A1","none"
"385","GT-AG",257,922,2,1.1,FALSE,FALSE,0,FALSE,0.304452243772342,0.971678352369764,NA,"none"
"386","GT-AG",258,923,1,1.55,FALSE,FALSE,0.333333333333333,TRUE,-0.479579054559674,0.00933024608463391,"LINC00205","start"
"387","GT-AG",258,924,1,2.1,FALSE,FALSE,0.611111111111111,TRUE,-0.304452243772342,0.00808468096023382,"LINC00205","both"
"388","GT-AG",259,924,1,1.55,FALSE,FALSE,0.583333333333333,TRUE,0.239789527279837,0.00933025000626233,"LINC00205","end"
"389","GT-AG",260,925,3,2.55,FALSE,FALSE,0,FALSE,2.28057627737739,0.978072960903563,"LINC00205","both"
"390","GT-AG",261,926,1,1.55,FALSE,FALSE,0.5,TRUE,1.77635683940025e-16,0.00933022768034875,"LINC00205","start"
"391","GT-AG",261,927,1,1.55,FALSE,FALSE,0.4,TRUE,-0.959158109119348,0.00933024041479818,"LINC00205","start"
"392","GT-AG",261,928,1,1.55,FALSE,FALSE,0.6,TRUE,-0.304452243772342,0.951023603262442,"LINC00205","both"
"393","GT-AG",262,929,1,0.549999999999999,FALSE,FALSE,0,FALSE,0.239789527279837,0.499999984731113,"COL18A1","none"
"394","GT-AG",263,930,2,1.55,FALSE,FALSE,0.666666666666667,TRUE,0.304452243772342,0.936623141299451,"COL18A1","both"
"395","GT-AG",264,930,1,1.55,FALSE,FALSE,0.666666666666667,TRUE,-0.304452243772342,0.936623034601842,"COL18A1","end"
"396","GT-AG",265,931,3,2.1,FALSE,FALSE,0,FALSE,1.06276730228803,0.946240805247355,"COL18A1","both"
"397","GT-AG",266,932,1,0.549999999999999,FALSE,FALSE,0,FALSE,0.239789527279837,0.499999965255526,"COL18A1","both"
"398","GT-AG",267,933,2,1.55,FALSE,FALSE,0,FALSE,0.544241771052179,0.972357804988242,"COL18A1","both"
"399","GT-AG",268,934,1,1,FALSE,FALSE,0,FALSE,0.719368581839511,0.500000067866047,"COL18A1","both"
"400","GT-AG",269,935,1,1,FALSE,FALSE,0,FALSE,0.479579054559674,0.499999991672702,"COL18A1","both"
"401","GT-AG",270,936,2,1.55,FALSE,FALSE,0,FALSE,1.02382082561185,0.970121244442233,"COL18A1","both"
"402","GT-AG",271,937,2,2,FALSE,FALSE,0,FALSE,1.80785212394387,0.967198549819648,"COL18A1","both"
"403","GT-AG",272,938,2,2,FALSE,FALSE,0,FALSE,1.08848354210436,0.980925279573774,"COL18A1","both"
"404","GT-AG",273,939,5,3.2,FALSE,FALSE,0,FALSE,1.11255114511194,0.944009755438513,"COL18A1","both"
"405","GT-AG",274,940,3,2.55,FALSE,FALSE,0,FALSE,0.647850964220857,0.985561617678007,"COL18A1","both"
"406","GT-AG",275,941,3,2.1,FALSE,FALSE,0,FALSE,0.822977775008189,0.9601705942441,"COL18A1","both"
"407","GT-AG",276,942,2,1.55,FALSE,FALSE,0,FALSE,1.02382082561185,0.93581720851516,"COL18A1","both"
"408","GT-AG",277,943,3,2.1,FALSE,FALSE,0,FALSE,0.822977775008189,0.947692019237914,"COL18A1","both"
"409","GT-AG",278,944,1,1,FALSE,FALSE,0,FALSE,0.719368581839511,0.499999991664708,"COL18A1","both"
"410","GT-AG",279,945,2,1.55,FALSE,FALSE,0,FALSE,0.784031298332016,0.940512786270466,"COL18A1","both"
"411","GT-AG",280,946,2,2,FALSE,FALSE,0,FALSE,1.3282730693842,0.96586852845828,"COL18A1","both"
"412","GT-AG",281,947,2,2,FALSE,FALSE,0,FALSE,0.848694014824521,0.978697430709877,"COL18A1","both"
"413","GT-AG",282,948,1,1,FALSE,FALSE,0,FALSE,0.479579054559674,0.500000000001082,"COL18A1","both"
"414","GT-AG",283,949,1,1,FALSE,FALSE,0,FALSE,0.959158109119349,0.500000008316998,"COL18A1","both"
"415","GT-AG",284,950,1,1,FALSE,FALSE,0,FALSE,0.719368581839511,0.500000008335826,"COL18A1","both"
"416","GT-AG",285,951,2,1.55,FALSE,FALSE,0,FALSE,0.784031298332016,0.949069035393096,"COL18A1","both"
"417","GT-AG",286,952,1,1,FALSE,FALSE,0,FALSE,0.479579054559674,0.500000000005448,"COL18A1","both"
"418","GT-AG",287,953,1,1,FALSE,FALSE,0,FALSE,0.719368581839511,0.500000119394912,"COL18A1","both"
"419","GT-AG",288,954,1,1,FALSE,FALSE,0,FALSE,1.67852669095886,0.499999904588795,"COL18A1","both"
"420","GT-AG",289,955,2,1.55,FALSE,FALSE,0,FALSE,1.02382082561185,0.971512506359974,"COL18A1","both"
"421","GT-AG",290,956,4,3.1,FALSE,FALSE,0,FALSE,1.69963027605463,0.980125769427239,"COL18A1","both"
"422","GT-AG",291,957,2,1.55,FALSE,FALSE,0,FALSE,0.784031298332016,0.973526852456743,"COL18A1","both"
"423","GT-AG",292,958,2,2,FALSE,FALSE,0,FALSE,1.08848354210436,0.976459981728158,"COL18A1","both"
"424","GT-AG",293,959,3,2.55,FALSE,FALSE,0,FALSE,1.43188226255287,0.972108071402762,"COL18A1","both"
"425","GT-AG",294,960,1,1,FALSE,FALSE,0,FALSE,0.719368581839511,0.500000035503737,"COL18A1","both"
"426","GT-AG",295,961,1,0.549999999999999,FALSE,FALSE,0,FALSE,0.239789527279837,0.500000040097874,"COL18A1","both"
"427","GT-AG",296,962,1,2.1,FALSE,FALSE,0.8,TRUE,-0.822977775008188,0.973731358523191,"COL18A1","start"
"428","GT-AG",296,963,3,2.1,FALSE,FALSE,0.8,TRUE,0.822977775008189,0.973731393677795,"COL18A1","both"
"429","GT-AG",297,964,2,2,FALSE,FALSE,0,FALSE,1.87251484043637,0.97709677347156,"COL18A1","both"
"430","GT-AG",298,965,4,3.1,FALSE,FALSE,0,FALSE,2.1792093306143,0.980867382344613,"COL18A1","both"
"431","GT-AG",299,966,2,1.55,FALSE,FALSE,0,FALSE,0.784031298332016,0.95187377030723,"COL18A1","both"
"432","GT-AG",300,967,7,5.2,FALSE,FALSE,0,FALSE,1.72882481727199,0.975372327664488,"COL18A1","both"
"433","GT-AG",301,968,8,5.74999999999999,FALSE,FALSE,0,FALSE,2.35090623257979,0.979802537766202,"COL18A1","both"
"434","GC-AG",302,969,2,1.1,FALSE,FALSE,0,FALSE,0.304452243772342,0.971678352369764,NA,"none"
"435","GT-AG",303,970,1,2.65,FALSE,FALSE,0.5,TRUE,-0.131567679390594,0.985804452636759,"PCBP3","start"
"436","GT-AG",303,971,3,3.1,FALSE,FALSE,0.5,TRUE,-0.440632577883502,0.393472493431714,"PCBP3","end"
"437","GT-AG",303,972,1,4.2,FALSE,FALSE,0.125,TRUE,-0.937424334324612,0.00287553256258864,"PCBP3","none"
"438","GT-AG",304,973,1,0.549999999999999,FALSE,FALSE,0,FALSE,0.239789527279837,0.49999991007907,"PCBP3","none"
"439","GT-AG",305,971,1,2.1,FALSE,FALSE,0.666666666666667,TRUE,-0.343398720448514,0.98239683902932,"PCBP3","end"
"440","GT-AG",306,971,1,2.1,FALSE,FALSE,0.666666666666667,TRUE,-0.343398720448514,0.956220925808968,"PCBP3","both"
"441","GT-AG",307,974,1,2,FALSE,FALSE,0.25,TRUE,-0.304452243772342,0.0118651693409569,"PCBP3","start"
"442","GT-AG",307,972,2,2.55,FALSE,FALSE,0.375,TRUE,-0.414916338067169,0.00653782508149373,"PCBP3","both"
"443","GT-AG",308,972,1,2.1,FALSE,FALSE,0.75,TRUE,-0.583188247728352,0.948452135348154,"PCBP3","end"
"444","GT-AG",309,972,1,2.1,FALSE,FALSE,0.75,TRUE,-0.583188247728352,0.949735083374291,"PCBP3","end"
"445","GT-AG",310,975,1,4.1,FALSE,FALSE,0.75,TRUE,-0.801244000213452,0.976627781939756,"PCBP3","start"
"446","GT-AG",310,976,1,4.1,FALSE,FALSE,0.2,TRUE,-0.740472166935278,0.00256692248350777,"PCBP3","start"
"447","GT-AG",310,977,4,4.1,FALSE,FALSE,0.533333333333333,TRUE,0.0211035850957671,0.00352619749884651,"PCBP3;AJ011931.1","both"
"448","GT-AG",311,978,1,0.549999999999999,FALSE,FALSE,0,FALSE,0.239789527279837,0.49999991007907,"PCBP3","none"
"449","GT-AG",312,977,1,3.55,FALSE,FALSE,0.222222222222222,TRUE,-0.740472166935278,0.00902174342512256,"PCBP3;AJ011931.1","end"
"450","GT-AG",313,979,6,5.1,FALSE,FALSE,0,FALSE,1.60542236809595,0.985480028307905,"PCBP3","both"
"451","GT-AG",314,980,6,5.55,FALSE,FALSE,0,FALSE,1.82347812058105,0.991557599447751,"PCBP3","both"
"452","GT-AG",315,981,4,4,FALSE,FALSE,0,FALSE,1.63035490484155,0.988421342415469,"PCBP3","both"
"453","GT-AG",316,982,4,4,FALSE,FALSE,0,FALSE,2.26497563220257,0.988793628092504,"PCBP3","both"
"454","GT-AG",317,983,4,3.55,FALSE,FALSE,0,FALSE,1.64134289529581,0.986538150652799,"PCBP3","both"
"455","GT-AG",318,984,3,4,FALSE,FALSE,0.666666666666667,TRUE,0.647850964220857,0.00275207189649372,"PCBP3","both"
"456","GT-AG",318,985,2,7.55,FALSE,FALSE,0.206632653061224,TRUE,-1.79199241032751,0.00627921634378535,"PCBP3;AJ239328.1","end"
"457","GT-AG",318,986,1,7,FALSE,FALSE,0.257142857142857,TRUE,-1.92152798912347,0.0420315966248722,"PCBP3;AJ239328.1","none"
"458","GT-AG",319,985,4,5,FALSE,FALSE,0.285714285714286,TRUE,1.39056537756172,0.00265201633195284,"PCBP3;AJ239328.1","both"
"459","GT-AG",320,986,4,5.1,FALSE,FALSE,0.5,TRUE,0.105851439574261,0.00310351109493697,"PCBP3;AJ239328.1","both"
"460","GT-AG",320,987,2,5.1,FALSE,FALSE,0.555555555555556,TRUE,-0.235176872559271,0.0022017382662434,"PCBP3;AJ239328.1","start"
"461","GT-AG",321,988,4,4,FALSE,FALSE,0.236111111111111,TRUE,1.42726960783231,0.00370518522708775,"PCBP3","both"
"462","GT-AG",321,989,1,8.1,FALSE,FALSE,0.193877551020408,TRUE,-2.11345120037597,0.0575629455406963,"PCBP3","start"
"463","GT-AG",322,989,7,5.65,FALSE,FALSE,0.392857142857143,TRUE,1.65730719965334,0.108991847299261,"PCBP3","both"
"464","GT-AG",323,990,4,4.1,FALSE,FALSE,0.244444444444444,TRUE,1.34937665447996,0.0032641247866301,"PCBP3","both"
"465","GT-AG",323,991,1,4.1,FALSE,FALSE,0.244444444444444,TRUE,-1.34937665447996,0.00326412727970412,"PCBP3","start"
"466","GT-AG",324,992,3,2.55,FALSE,FALSE,0,FALSE,1.97612403360505,0.980185162408955,"PCBP3","both"
"467","GT-AG",325,993,3,2.55,FALSE,FALSE,0,FALSE,1.19209273527304,0.986492574923501,"COL6A1","both"
"468","GT-AG",326,994,3,2.55,FALSE,FALSE,0,FALSE,0.887640491500694,0.971706087097791,"COL6A1","both"
"469","GT-AG",327,995,1,1,FALSE,FALSE,0,FALSE,0.959158109119349,0.500000091915588,"COL6A1","both"
"470","GT-AG",328,996,1,1,FALSE,FALSE,0,FALSE,0.959158109119349,0.500000117147554,"COL6A1","both"
"471","GT-AG",329,997,1,1,FALSE,FALSE,0,FALSE,1.19894763639919,0.500000039868539,"COL6A1","both"
"472","GT-AG",330,998,1,1,FALSE,FALSE,0,FALSE,0.719368581839511,0.500000141461629,"COL6A1","both"
"473","GT-AG",331,999,1,1,FALSE,FALSE,0,FALSE,0.959158109119349,0.500000008340295,"COL6A1","both"
"474","GT-AG",332,1000,2,1.55,FALSE,FALSE,0,FALSE,1.02382082561185,0.971503874954375,"COL6A1","both"
"475","GT-AG",333,1001,1,1,FALSE,FALSE,0,FALSE,1.19894763639919,0.499999999993462,"COL6A1","both"
"476","GT-AG",334,1002,1,1,FALSE,FALSE,0,FALSE,0.959158109119349,0.499999991661603,"COL6A1","both"
"477","GT-AG",335,1003,1,1,FALSE,FALSE,0,FALSE,0.479579054559674,0.499999991665523,"COL6A1","both"
"478","GT-AG",336,1004,2,1.55,FALSE,FALSE,0,FALSE,0.544241771052179,0.958507979853939,"COL6A1","both"
"479","GT-AG",337,1005,2,1.55,FALSE,FALSE,0,FALSE,0.544241771052179,0.978135482211565,"COL6A1","both"
"480","GT-AG",338,1006,4,2.65,FALSE,FALSE,0,FALSE,0.850936261230104,0.983859346259438,"COL6A1","both"
"481","GT-AG",339,1007,1,0.549999999999999,FALSE,FALSE,0,FALSE,0.239789527279837,0.499999984731113,"COL6A1","both"
"482","GT-AG",340,1008,4,2.65,FALSE,FALSE,0,FALSE,0.850936261230104,0.983859346259438,"COL6A1","both"
"483","GT-AG",341,1009,2,1.1,FALSE,FALSE,0,FALSE,0.304452243772342,0.978820203054868,"COL6A1","both"
"484","GT-AG",342,1010,2,1.55,FALSE,FALSE,0,FALSE,1.02382082561185,0.974712345915714,"COL6A1","both"
"485","GT-AG",343,1011,3,2.1,FALSE,FALSE,0,FALSE,1.5423463568477,0.967764782454668,"COL6A1","both"
"486","GT-AG",344,1012,1,1,FALSE,FALSE,0,FALSE,0.959158109119349,0.499999999992914,"COL6A1","both"
"487","GT-AG",345,1013,2,1.55,FALSE,FALSE,0,FALSE,1.02382082561185,0.923899742092926,"COL6A1","both"
"488","GT-AG",346,1014,1,1,FALSE,FALSE,0,FALSE,0.479579054559674,0.499999991664551,"COL6A1","both"
"489","GT-AG",347,1015,2,1.55,FALSE,FALSE,0,FALSE,0.784031298332016,0.972135486038972,"COL6A1","both"
"490","GT-AG",348,1016,1,1,FALSE,FALSE,0,FALSE,0.959158109119349,0.500000043290377,"COL6A1","both"
"491","GT-AG",349,1017,1,0.549999999999999,FALSE,FALSE,0,FALSE,0.239789527279837,0.49999991007907,"COL6A1","both"
"492","GT-AG",350,1018,1,1,FALSE,FALSE,0,FALSE,0.479579054559674,0.499999991667576,"COL6A1","both"
"493","GT-AG",351,1019,2,1.55,FALSE,FALSE,0,FALSE,0.784031298332016,0.934890474533781,"COL6A1","both"
"494","GT-AG",352,1020,1,1,FALSE,FALSE,0,FALSE,0.719368581839511,0.500000040453024,"COL6A1","both"
"495","GT-AG",353,1021,1,1,FALSE,FALSE,0,FALSE,0.719368581839511,0.500000040453024,"COL6A1","both"
"496","GT-AG",354,1022,2,1.55,FALSE,FALSE,0,FALSE,1.02382082561185,0.933762650240976,"COL6A1","both"
"497","GT-AG",355,1023,3,2.55,FALSE,FALSE,0,FALSE,1.12743001878053,0.971139107802474,"COL6A1","both"
"498","GT-AG",356,1024,6,4.2,FALSE,FALSE,0,FALSE,2.1542767938687,0.974588755552512,"COL6A1","both"
"499","GT-AG",357,1025,5,4.1,FALSE,FALSE,0,FALSE,1.92867401899398,0.989497879414006,"COL6A1","both"
"500","GT-AG",358,1026,3,2.55,FALSE,FALSE,0,FALSE,1.80099722281772,0.987967029603456,"COL6A1","both"
"501","GT-AG",359,1027,1,2.55,FALSE,FALSE,0.833333333333333,TRUE,-1.80099722281772,0.1380201720232,"MCM3AP-AS1","start"
"502","GT-AG",359,1028,2,3.65,FALSE,FALSE,0.7,TRUE,-1.11255114511194,0.00509589198249702,"MCM3AP-AS1","both"
"503","GT-AG",359,1029,2,5.55,FALSE,FALSE,0.362962962962963,TRUE,-2.17300997064948,0.055412318762512,"MCM3AP-AS1","end"
"504","GT-AG",359,1030,1,2.55,FALSE,FALSE,0.777777777777778,TRUE,-1.56120769553788,0.0177725270362974,"MCM3AP-AS1","none"
"505","GT-AG",360,1027,1,1,FALSE,FALSE,0.666666666666667,TRUE,-0.239789527279837,0.500000000005934,"MCM3AP-AS1","none"
"506","GT-AG",361,1031,2,3.55,FALSE,FALSE,0.722222222222222,TRUE,-0.850936261230105,0.0458920720656873,"MCM3AP-AS1","none"
"507","GT-AG",361,1028,3,3.55,FALSE,FALSE,0.574074074074074,TRUE,-1.56806259666403,0.0074733770977549,"MCM3AP-AS1","end"
"508","GT-AG",361,1029,2,6.2,FALSE,FALSE,0.3875,TRUE,-2.26621168719802,0.0201591809699531,"MCM3AP-AS1","end"
"509","GT-AG",362,1029,2,5.1,FALSE,FALSE,0.53125,TRUE,-0.210244335813666,0.00477451241706056,"MCM3AP-AS1","both"
"510","GT-AG",362,1030,1,2.55,FALSE,FALSE,0.833333333333333,TRUE,-1.45759850236921,0.0108418663292204,"MCM3AP-AS1","start"
"511","GT-AG",363,1029,2,4.55,FALSE,FALSE,0.277083333333333,TRUE,-1.60015417221406,0.00232507171087282,"MCM3AP-AS1","end"
"512","GT-AG",364,1032,1,5.1,FALSE,FALSE,0.145833333333333,TRUE,-2.35594819810825,0.00610349217045652,"MCM3AP-AS1","start"
"513","GT-AG",364,1033,1,5.1,FALSE,FALSE,0.78125,TRUE,-1.56186323669921,0.168570401846221,"MCM3AP-AS1","start"
"514","GT-AG",364,1034,4,5.1,FALSE,FALSE,0.510416666666667,TRUE,-0.200843050603665,0.119098208840174,"MCM3AP-AS1","both"
"515","GT-AG",364,1035,3,5.1,FALSE,FALSE,0.604166666666667,TRUE,-1.61323378476738,0.00505428298361491,"MCM3AP-AS1;AP001469.2","start"
"516","GT-AG",364,1036,1,5.1,FALSE,FALSE,0.375,TRUE,-1.77369427775713,0.0064965396859879,"MCM3AP-AS1;AP001469.2","start"
"517","GT-AG",365,1037,1,0.549999999999999,FALSE,FALSE,0,FALSE,0.239789527279837,0.500000046432499,"MCM3AP-AS1","none"
"518","GT-AG",366,1038,32,119.6,TRUE,TRUE,0.13484283703517,TRUE,-2.33381312848468,0.0270783606483675,"PRMT2","start"
"519","GT-AG",366,1039,7,116.3,FALSE,FALSE,0.0283098605257503,FALSE,-4.11443935924839,0.0124947665094005,"PRMT2","start"
"520","GT-AG",366,1040,3,117.3,FALSE,FALSE,0.0206790938169462,FALSE,-4.92957968042837,0.00172621242246685,"PRMT2","start"
"521","GT-AG",366,1041,93,156.35,TRUE,TRUE,0.220190531868841,TRUE,0.751065990662829,0.0527312902008421,"PRMT2","both"
"522","GT-AG",367,1040,1,40.35,FALSE,FALSE,0.0732456140350877,TRUE,-4.56188229860699,0.000383250344762441,"PRMT2","none"
"523","GT-AG",367,1041,53,131.3,TRUE,TRUE,0.165040823127166,TRUE,-1.63941558654604,0.040608266641081,"PRMT2","end"
"524","GT-AG",368,1042,3,127.15,FALSE,FALSE,0.0139577139195677,FALSE,-4.6888318479974,0.000207595247956531,"PRMT2","start"
"525","GT-AG",368,1043,144,139.05,TRUE,TRUE,0.0598190121980713,TRUE,1.85062887362923,0.000671181317052634,"PRMT2","both"
"526","GT-AG",368,1044,1,270.25,FALSE,FALSE,0.00358565737051793,FALSE,-7.29999226468147,0.000170804733016496,"PRMT2","end"
"527","GT-AG",369,1043,1,132.95,FALSE,FALSE,0.0101123595505618,FALSE,-6.49839083757689,0.00057188446042708,"PRMT2","end"
"528","GT-AG",370,1045,98,108.7,TRUE,TRUE,0.083929259928565,TRUE,1.63006941228954,0.0132525298649184,"PRMT2","both"
"529","GT-AG",370,1046,1,96.5,FALSE,FALSE,0.0132956152758133,FALSE,-6.03074429200943,0.000224801211328618,"PRMT2","start"
"530","GT-AG",371,1044,148,154.65,TRUE,TRUE,0.112191207023939,TRUE,2.70228696081259,0.00824966487804132,"PRMT2","both"
"531","GT-AG",371,1047,1,141.9,FALSE,FALSE,0.00774475524475525,FALSE,-6.46721692466468,0.000150516900180904,"PRMT2","start"
"532","GT-AG",372,1048,1,162.4,FALSE,FALSE,0.00569620253164557,FALSE,-6.85956775691431,0.000254228221770383,"PRMT2","start"
"533","GT-AG",372,1049,158,163.3,TRUE,FALSE,0.0476809966024043,FALSE,3.08261444416539,4.30400071173926e-05,"PRMT2","both"
"534","GT-AG",373,1050,5,87.6,FALSE,FALSE,0.0271400016713247,FALSE,-3.99996118012872,0.000126580060285034,"PRMT2","start"
"535","GT-AG",373,1051,1,87.6,FALSE,FALSE,0.0145161290322581,FALSE,-6.28102249235254,0.00122762039753429,"PRMT2","start"
"536","GT-AG",373,1052,1,87.6,FALSE,FALSE,0.00967741935483871,FALSE,-6.28156598052655,0.000350293305853743,"PRMT2","start"
"537","GT-AG",373,1053,54,100.25,TRUE,TRUE,0.202518039810866,TRUE,0.12532905095241,0.00912130102808499,"PRMT2","both"
"538","GT-AG",373,1054,2,148.5,FALSE,FALSE,0.0138086679321185,FALSE,-6.2840712001667,0.000139339502901072,"PRMT2","end"
"539","GT-AG",373,1055,2,123.3,FALSE,FALSE,0.0206036772216548,FALSE,-5.98853506981842,0.00758986228059528,"PRMT2","none"
"540","GT-AG",373,1056,4,115.35,FALSE,FALSE,0.0201912054955162,FALSE,-4.43811852959824,0.00107070547334333,"PRMT2","none"
"541","GT-AG",373,1057,8,123.2,FALSE,FALSE,0.056581566011498,TRUE,-3.7916799451433,0.00123971563312798,"PRMT2","none"
"542","GT-AG",374,1050,1,4.1,FALSE,FALSE,0.25,TRUE,-2.01905297530282,0.0042170788912971,"PRMT2","none"
"543","GT-AG",375,1054,70,93.95,TRUE,TRUE,0.073104171836393,TRUE,0.32972244377904,0.000174666279309315,"PRMT2","both"
"544","GT-AG",375,1058,1,86.95,FALSE,FALSE,0.0126760563380282,FALSE,-6.26381603320624,0.000816801776259313,"PRMT2","start"
"545","GT-AG",375,1057,1,127.2,FALSE,FALSE,0.00831972789115646,FALSE,-6.38652268627643,0.000114065538857637,"PRMT2","start"
"546","GT-AG",376,1055,50,55.15,TRUE,TRUE,0.301182449757335,TRUE,0.645610221216212,0.0438391042746666,"PRMT2","both"
"547","GT-AG",377,1059,1,30.3,FALSE,FALSE,0.035426731078905,FALSE,-4.92901907545386,0.000526549169459504,"PRMT2","start"
"548","GT-AG",377,1056,32,34.55,TRUE,TRUE,0.13404419545596,TRUE,2.12139552432556,0.00723421116357347,"PRMT2","both"
"549","GT-AG",378,1056,1,34,FALSE,FALSE,0.0391534391534391,FALSE,-5.05320121336863,0.000780634444957292,"PRMT2","end"
"550","GT-AG",379,1057,44,42.6,TRUE,TRUE,0.142993806359865,TRUE,1.90147041577653,0.000303708429673325,"PRMT2","both"
"551","GT-AG",380,1060,3,2.1,FALSE,FALSE,0,FALSE,0.583188247728352,0.98526933098266,NA,"none"
"552","GT-AG",381,1061,1,3.65,FALSE,FALSE,0.4,TRUE,-1.24187657809695,0.243659487960473,"TEKT4P2","start"
"553","GT-AG",381,1062,2,18.55,FALSE,FALSE,0.125187969924812,TRUE,-3.61126294996045,0.00881631446872396,"TEKT4P2","both"
"554","GT-AG",382,1061,3,19.55,FALSE,FALSE,0.113533834586466,TRUE,-3.52898117008432,0.0357778900449159,"TEKT4P2","none"
"555","GT-AG",382,1062,18,22.75,FALSE,FALSE,0.278538461538462,TRUE,1.97477576438346,0.0328501051693658,"TEKT4P2","end"
"556","GT-AG",382,1063,3,59,FALSE,FALSE,0.0710658374021545,TRUE,-4.56896615909281,0.00703938506793447,"TEKT4P2","end"
"557","GT-AG",383,1062,1,18.55,FALSE,FALSE,0.1,TRUE,-4.242408892605,0.0220637439987335,"TEKT4P2","end"
"558","GT-AG",384,1062,4,18.55,FALSE,FALSE,0.233709273182957,TRUE,-2.81834705112779,0.00261615559197898,"TEKT4P2","end"
"559","GT-AG",385,1063,26,79.55,TRUE,TRUE,0.299380015946392,TRUE,-0.570166970109919,0.0287009168910828,"TEKT4P2","both"
"560","GT-AG",386,1063,2,45.7,FALSE,FALSE,0.0623626373626374,TRUE,-4.96568857323295,0.000471812208713153,"TEKT4P2","end"
"561","GT-AG",387,1063,1,45.7,FALSE,FALSE,0.0428571428571429,FALSE,-5.27460696581967,0.00751969615906994,"TEKT4P2","end"
"562","GT-AG",388,1064,2,31.1,FALSE,FALSE,0.1,TRUE,-4.53590940535472,0.0151381757997712,"TEKT4P2","start"
"563","GT-AG",388,1065,1,31.1,FALSE,FALSE,0.0514880952380952,TRUE,-4.61574572171232,0.000930646472781324,"TEKT4P2","start"
"564","GT-AG",388,1066,1,31.1,FALSE,FALSE,0.0369047619047619,FALSE,-4.37388679949045,0.000359550130549118,"TEKT4P2","start"
"565","GT-AG",388,1067,28,50.15,TRUE,TRUE,0.221558790958244,TRUE,-0.0603181371733325,0.000243368749255014,"TEKT4P2;CR392039.4;CR392039.2_2;CR392039.1_2","both"
"566","GT-AG",389,1067,1,45.95,FALSE,FALSE,0.045,FALSE,-5.27811961030932,0.00524562006118862,"TEKT4P2;CR392039.4;CR392039.2_2;CR392039.1_2","end"
"567","GT-AG",390,1067,1,45.95,FALSE,FALSE,0.0257142857142857,FALSE,-5.28033238369233,0.000944421823858576,"TEKT4P2;CR392039.4;CR392039.2_2;CR392039.1_2","end"
"568","GT-AG",391,1068,1,17.55,FALSE,FALSE,0.0529411764705882,TRUE,-4.12942948405419,0.00180753463280105,"TEKT4P2","none"
"569","GT-AG",391,1069,1,17.55,FALSE,FALSE,0.0833333333333333,TRUE,-3.87838778025005,0.00114852759207442,"TEKT4P2;CR392039.4;CR392039.2_2;CR392039.1_2","none"
"570","GT-AG",391,1067,18,45.95,FALSE,FALSE,0.270378441793076,TRUE,-0.745825706009343,0.0237664677391839,"TEKT4P2;CR392039.4;CR392039.2_2;CR392039.1_2","end"
"571","GT-AG",392,1067,1,45.95,FALSE,FALSE,0.0475609756097561,FALSE,-5.03528670483544,0.000564335047318108,"TEKT4P2;CR392039.4;CR392039.2_2;CR392039.1_2","end"
"572","GT-AG",393,1067,2,45.95,FALSE,FALSE,0.0646666666666667,TRUE,-4.96908772903439,0.00412459767409857,"TEKT4P2;CR392039.2_2;CR392039.1_2","end"
"573","GT-AG",394,1067,1,45.95,FALSE,FALSE,0.018,FALSE,-5.28120656098153,0.000529189018766626,"TEKT4P2;CR392039.2_2;CR392039.1_2","end"
"574","GT-AG",395,1067,2,45.95,FALSE,FALSE,0.0601798941798942,TRUE,-3.78449660798643,0.000470957514994969,"TEKT4P2","end"
"575","GT-AG",396,1070,1,42.85,FALSE,FALSE,0.0375,FALSE,-5.01253847292078,0.0016801341290591,"TEKT4P2","start"
"576","GT-AG",396,1071,36,58.05,TRUE,TRUE,0.346609794997471,TRUE,0.0510560105439302,0.012358538631497,"TEKT4P2","both"
"577","GT-AG",396,1072,1,42.85,FALSE,FALSE,0.0375,FALSE,-5.01253847292078,0.0016801341290591,"TEKT4P2","start"
"578","GT-AG",397,1073,3,2.1,FALSE,FALSE,0,FALSE,1.5423463568477,0.96397319326047,"TPTE;AF254983.1;BAGE2","both"
"579","GT-AG",398,1074,2,1.1,FALSE,FALSE,0,FALSE,0.304452243772342,0.980915276636358,"TPTE;AF254983.1;BAGE2","both"
"580","GT-AG",399,1075,1,0.549999999999999,FALSE,FALSE,0,FALSE,0.239789527279837,0.499999984731113,"TPTE;AF254983.1;BAGE2","both"
"581","GT-AG",400,1076,1,0.549999999999999,FALSE,FALSE,0,FALSE,0.239789527279837,0.500000008335434,"HSPA13","none"
"582","GT-AG",401,1077,60,63.6,TRUE,TRUE,0.124040531063772,TRUE,2.12860402615164,0.000110827749158405,"HSPA13","both"
"583","GT-AG",401,1078,2,126.05,FALSE,FALSE,0.0184616253372439,FALSE,-5.51230703184295,0.00040640326699638,"HSPA13","end"
"584","GT-AG",401,1079,1,120.25,FALSE,FALSE,0.0104651162790698,FALSE,-6.30226522177613,0.000491220664804757,"HSPA13","none"
"585","GT-AG",402,1080,1,66.1,FALSE,FALSE,0.0473684210526316,FALSE,-5.62146691175181,0.0192638734444881,"HSPA13","start"
"586","GT-AG",402,1078,65,68.65,TRUE,TRUE,0.0885940416877065,TRUE,2.23744473762794,0.000104377149854013,"HSPA13","both"
"587","GT-AG",402,1079,1,125.95,FALSE,FALSE,0.0185314685314685,FALSE,-6.05803329215205,0.000705358076266431,"HSPA13","start"
"588","GT-AG",403,1079,59,60.85,TRUE,TRUE,0.19226925766997,TRUE,2.17224379808743,0.005047015765754,"HSPA13","both"
"589","GT-AG",404,1081,2,45.6,FALSE,FALSE,0.0782608695652174,TRUE,-5.30422308045069,0.0699499555962678,"HSPA13","end"
"590","GT-AG",405,1081,50,48.05,TRUE,TRUE,0.0864222219849783,TRUE,2.47524116544796,0.000179396552153372,"HSPA13","both"
"591","GT-AG",406,1082,2,2.1,FALSE,FALSE,0.444444444444444,TRUE,-0.414916338067169,0.0111981053847425,"AF127577.4;NRIP1","start"
"592","GT-AG",406,1083,1,3.2,FALSE,FALSE,0.666666666666667,TRUE,0.0863964912872417,0.99028732767849,"AF127577.4;NRIP1","both"
"593","GT-AG",406,1084,1,2.1,FALSE,FALSE,0.222222222222222,TRUE,-0.544241771052179,0.00763504533223396,"AF127577.4;NRIP1","start"
"594","GT-AG",407,1083,2,1.55,FALSE,FALSE,0.666666666666667,TRUE,-0.175126810787332,0.982996413761718,"AF127577.4;NRIP1","end"
"595","GT-AG",408,1085,1,1,FALSE,FALSE,0,FALSE,0.719368581839511,0.499999991667952,"NRIP1","both"
"596","GT-AG",409,1086,155,167.05,TRUE,TRUE,0.0961840920004702,TRUE,1.74730968603109,0.00264003818663117,"BTG3","both"
"597","GT-AG",409,1087,2,163.9,FALSE,FALSE,0.0204545454545455,FALSE,-6.75801234375493,0.0115000287874194,"BTG3","start"
"598","GT-AG",410,1088,1,102.95,FALSE,FALSE,0.0118421052631579,FALSE,-6.3401950878375,0.000624943168153602,"BTG3","start"
"599","GT-AG",410,1089,2,102.95,FALSE,FALSE,0.0234424242424242,FALSE,-5.72566592179013,0.00688425854945258,"BTG3","start"
"600","GT-AG",410,1090,9,102.95,FALSE,FALSE,0.0625120602560929,TRUE,-3.34297880625123,0.0212739837565315,"BTG3","start"
"601","GT-AG",410,1091,108,128.75,TRUE,TRUE,0.110096449447947,TRUE,0.892405713892156,8.84641761332817e-05,"BTG3","both"
"602","GT-AG",410,1092,1,216.85,FALSE,FALSE,0.00576923076923077,FALSE,-7.14828603176524,0.000364794959313267,"BTG3","end"
"603","GT-AG",411,1091,2,113.1,FALSE,FALSE,0.0230827067669173,FALSE,-6.02830130620347,0.0154539024651715,"BTG3","end"
"604","GT-AG",412,1091,10,113.1,FALSE,FALSE,0.0816447240560952,TRUE,-3.44416770520012,0.0273358567088672,"BTG3","end"
"605","GT-AG",413,1092,1,113.9,FALSE,FALSE,0.0128571428571429,FALSE,-6.55383817427769,0.00112356106006842,"BTG3","end"
"606","GT-AG",414,1093,1,117.9,FALSE,FALSE,0.0130434782608696,FALSE,-6.59323940215396,0.00176576065644299,"BTG3","start"
"607","GT-AG",414,1094,1,117.9,FALSE,FALSE,0.01,FALSE,-6.59452804767572,0.000581206401544285,"BTG3","start"
"608","GT-AG",414,1092,119,119.55,TRUE,TRUE,0.0523318094325196,TRUE,2.38906217700179,0.00198437866044596,"BTG3","both"
"609","GT-AG",415,1094,1,1,FALSE,FALSE,0.666666666666667,TRUE,-0.239789527279837,0.499999963521554,"BTG3","none"
"610","GT-AG",415,1092,1,113.9,FALSE,FALSE,0.0130434782608696,FALSE,-6.55480148875699,0.00154833845211031,"BTG3","end"
"611","GT-AG",416,1092,1,113.9,FALSE,FALSE,0.0116225749559083,FALSE,-6.31280793629315,0.000231975303366628,"BTG3","end"
"612","GT-AG",417,1095,3,70.4,FALSE,FALSE,0.0914230637375289,TRUE,-3.93542899190505,0.000718972045121471,"BTG3","start"
"613","GT-AG",417,1096,1,70.4,FALSE,FALSE,0.0163636363636364,FALSE,-5.58137483402788,0.000715725992470791,"BTG3","start"
"614","GT-AG",417,1097,2,70.4,FALSE,FALSE,0.0399878382487078,FALSE,-5.0274570123375,0.00810943991197711,"BTG3","start"
"615","GT-AG",417,1098,1,70.4,FALSE,FALSE,0.025,FALSE,-5.58039721357182,0.0029992147510194,"BTG3","start"
"616","GT-AG",417,1099,61,82.95,TRUE,TRUE,0.380726888887317,TRUE,0.178073677651554,0.0292615586095221,"BTG3","both"
"617","GT-AG",418,1099,3,68.15,FALSE,FALSE,0.0273934385204877,FALSE,-4.60832907881229,0.00106038608779014,"BTG3","end"
"618","GT-AG",419,1100,1,2,FALSE,FALSE,0.857142857142857,TRUE,-1.3282730693842,0.976027526576254,"AP001341.1","end"
"619","GT-AG",420,1100,1,2,FALSE,FALSE,0.785714285714286,TRUE,-1.02382082561185,0.0101922101316851,"AP001341.1","end"
"620","GT-AG",421,1100,2,2,FALSE,FALSE,0.642857142857143,TRUE,0.54424177105218,0.0101389996365698,"AP001341.1","both"
"621","GT-AG",422,1101,3,3,FALSE,FALSE,0,FALSE,2.18334241994241,0.988702916897603,"AP001341.1","both"
"622","GT-AG",423,1102,2,2,FALSE,FALSE,0.8125,TRUE,-1.19894763639919,0.438888269807214,"AP001341.1","none"
"623","GT-AG",423,1103,1,2.55,FALSE,FALSE,0.518518518518518,TRUE,-0.12932543298501,0.00548245997468092,"AP001341.1","none"
"624","GT-AG",423,1104,1,2,FALSE,FALSE,0.8125,TRUE,-1.3282730693842,0.0154248245484043,"AP001341.1;LINC00158","none"
"625","GT-AG",424,1103,1,2.1,FALSE,FALSE,0.857142857142857,TRUE,-1.30255682956786,0.976736414274365,"AP001341.1","none"
"626","GT-AG",425,1105,1,0.549999999999999,FALSE,FALSE,0,FALSE,0.239789527279837,0.499999965255526,"AP001341.1","none"
"627","GT-AG",426,1103,2,2.1,FALSE,FALSE,0.571428571428571,TRUE,-1.37407444718652,0.217727073188984,"AP001341.1","none"
"628","GT-AG",427,1106,180,201.8,TRUE,TRUE,0.0732923969624003,TRUE,2.02451480655243,5.46367384028588e-05,"APP","both"
"629","GT-AG",428,1107,1,239.85,FALSE,FALSE,0.00463917525773196,FALSE,-7.19731126902798,0.00023614975438787,"APP","start"
"630","GT-AG",428,1108,1,239.85,FALSE,FALSE,0.0075,FALSE,-7.19699167382956,0.00157404591693319,"APP","start"
"631","GT-AG",428,1109,255,241.95,TRUE,FALSE,0.0427348188306812,FALSE,3.47771200330803,0.00831988773099313,"APP","both"
"632","GT-AG",429,1110,202,210.15,TRUE,TRUE,0.114350845354549,TRUE,1.33172118383957,0.00131982226179359,"APP","both"
"633","GT-AG",429,1111,27,370.6,TRUE,TRUE,0.066118043346509,TRUE,-2.50038702635275,0.00215756783499669,"APP","end"
"634","GT-AG",429,1112,1,379.55,FALSE,FALSE,0.00211764705882353,FALSE,-7.62418260288281,8.28990269295984e-05,"APP;RNU6-123P","none"
"635","GT-AG",430,1111,175,187.15,TRUE,TRUE,0.134053432363441,TRUE,1.44128139508119,0.00201395158970205,"APP","both"
"636","GT-AG",431,1112,179,181,TRUE,TRUE,0.0576925774162622,TRUE,3.68812212729307,0.0104040052154867,"APP;RNU6-123P","both"
"637","GT-AG",431,1113,1,333.55,FALSE,FALSE,0.00620689655172414,FALSE,-7.43045578320284,0.00158788993065622,"APP;RNU6-123P","none"
"638","GT-AG",432,1114,125,142.3,TRUE,TRUE,0.0942653211531775,TRUE,2.11120050829093,0.0032281755746449,"APP","both"
"639","GC-AG",433,1115,1,0.549999999999999,FALSE,FALSE,0,FALSE,0.239789527279837,0.499999943136996,"APP","none"
"640","GT-AG",434,1116,160,168.45,TRUE,TRUE,0.0561329708439948,TRUE,2.40598584062004,0.000223083367209879,"APP","both"
"641","GT-AG",435,1117,151,156.65,TRUE,FALSE,0.04303207629678,FALSE,3.12794387799209,0.00182354933283324,"APP","both"
"642","GT-AG",436,1118,144,157.1,TRUE,TRUE,0.0643279871728503,TRUE,1.90185534404675,0.00129030153662619,"APP","both"
"643","GT-AG",437,1119,24,148.7,TRUE,TRUE,0.0653295677834398,TRUE,-2.01502019814625,0.00102587421099236,"APP","start"
"644","GT-AG",437,1120,129,175.7,TRUE,TRUE,0.0751225124997373,TRUE,0.754728409713884,8.31305931493795e-05,"APP","both"
"645","GT-AG",437,1113,13,293.6,FALSE,FALSE,0.0247136673045054,FALSE,-3.09667909592703,3.08831593598873e-05,"APP","start"
"646","GT-AG",438,1120,26,147.55,TRUE,TRUE,0.0565986283990043,TRUE,-1.87951394837945,0.000397745385319597,"APP","end"
"647","GT-AG",438,1113,1,182.8,FALSE,FALSE,0.00957446808510638,FALSE,-6.73990364397497,0.00112366806632761,"APP","none"
"648","GT-AG",439,1121,1,152.35,FALSE,FALSE,0.0219512195121951,FALSE,-6.56963724330709,0.00969237228552413,"APP","start"
"649","GT-AG",439,1113,150,167,TRUE,TRUE,0.133386256707829,TRUE,1.3864316223083,0.00434201568189449,"APP","both"
"650","GT-AG",440,1113,1,157.45,FALSE,FALSE,0.0209302325581395,FALSE,-6.59827040235017,0.00920984336019153,"APP","end"
"651","GT-AG",441,1122,253,242.7,TRUE,FALSE,0.0235042016993442,FALSE,2.86632766539625,3.30056907064885e-05,"APP","both"
"652","GT-AG",442,1123,134,132.9,TRUE,FALSE,0.0457635408393178,FALSE,2.77315056778487,0.000139674074638516,"APP","both"
"653","GT-AG",443,1124,119,113.45,TRUE,TRUE,0.0925022990128886,TRUE,2.27594998536936,0.000146584566721441,"APP","both"
"654","GT-AG",444,1125,122,116.9,TRUE,TRUE,0.078875103836279,TRUE,3.07259840956092,8.29943161273865e-05,"APP","both"
"655","GT-AG",444,1126,1,181.2,FALSE,FALSE,0.0104651162790698,FALSE,-6.92195871498372,0.00218069368171549,"APP","start"
"656","GT-AG",445,1126,82,82.5,TRUE,TRUE,0.0656066848286276,TRUE,2.55950532122162,0.000189014035130288,"APP","both"
"657","GT-AG",446,1127,1,0.549999999999999,FALSE,FALSE,0,FALSE,0.239789527279837,0.500000072077643,"LINC01695","both"
"658","GT-AG",447,1128,3,1.65,FALSE,FALSE,0,FALSE,0.343398720448515,0.984204195054355,"AF165147.1","both"
"659","GT-AG",448,1129,1,0.549999999999999,FALSE,FALSE,0,FALSE,0.239789527279837,0.500000040097874,"AF165147.1","none"
"660","GT-AG",449,1130,1,30.2,FALSE,FALSE,0.0409090909090909,FALSE,-5.14347224870876,0.00181505536578936,"AP000266.1;URB1","end"
"661","GT-AG",450,1130,31,31.85,TRUE,TRUE,0.120426501035197,TRUE,3.96289681252321,0.0362535000562564,"URB1","both"
"662","GT-AG",451,1131,67,59.35,TRUE,TRUE,0.113061799790846,TRUE,3.53199030592798,0.00168748297039031,"URB1","both"
"663","GT-AG",451,1132,1,58.9,FALSE,FALSE,0.0183673469387755,FALSE,-5.62308067444971,0.000718282411015787,"URB1","start"
"664","GT-AG",451,1133,1,107.45,FALSE,FALSE,0.0145236508994004,FALSE,-6.00840753479334,0.000240732193985787,"URB1","start"
"665","GT-AG",452,1133,57,53.6,TRUE,TRUE,0.180448303023854,TRUE,2.73931538019075,0.0289343734475364,"URB1","both"
"666","GT-AG",452,1134,2,102.4,FALSE,FALSE,0.0305084745762712,FALSE,-6.18212117195665,0.0267715355658254,"URB1","end"
"667","GT-AG",453,1134,57,57.3,TRUE,TRUE,0.101145767422941,TRUE,2.30740649519902,0.00343395926737221,"URB1","both"
"668","GT-AG",454,1135,54,46.1,TRUE,TRUE,0.129704400991166,TRUE,3.04970164844557,0.0305832160620862,"URB1","both"
"669","GT-AG",454,1136,2,104.75,FALSE,FALSE,0.0264705882352941,FALSE,-6.0263168923401,0.0173669715917198,"URB1","end"
"670","GT-AG",455,1136,78,66.1,TRUE,TRUE,0.135222134011464,TRUE,1.5953414020645,0.0383827824968031,"URB1","both"
"671","GT-AG",456,1136,1,61.45,FALSE,FALSE,0.0290322580645161,FALSE,-5.50482163790928,0.00218425827708509,"URB1","end"
"672","GT-AG",457,1137,62,71.1,TRUE,TRUE,0.0688341134016218,TRUE,1.35330395153383,0.000149167612881924,"URB1","both"
"673","GT-AG",458,1137,4,59.35,FALSE,FALSE,0.0618956516120695,TRUE,-4.26232266298203,0.000353788782783132,"URB1","end"
"674","GT-AG",459,1137,5,59.35,FALSE,FALSE,0.0862962962962963,TRUE,-5.0401732527133,0.0352163996628253,"URB1","end"
"675","GT-AG",460,1138,55,57.65,TRUE,TRUE,0.0582718948692064,TRUE,3.21673009818338,0.0139496295257367,"URB1","both"
"676","GT-AG",461,1139,54,51.95,TRUE,TRUE,0.123340275751958,TRUE,2.79183494085286,0.000169096750849461,"URB1","both"
"677","GT-AG",462,1140,45,45.85,TRUE,TRUE,0.199960903072724,TRUE,2.8637481819053,0.0164820110956206,"URB1","both"
"678","GT-AG",463,1141,39,38.75,TRUE,TRUE,0.0797701365806132,TRUE,3.12701469597825,0.0111315327365631,"URB1","both"
"679","GT-AG",464,1142,32,32.55,TRUE,TRUE,0.177023601398601,TRUE,3.06696183315966,0.000250343819057156,"URB1","both"
"680","GT-AG",465,1143,43,44.5,TRUE,TRUE,0.170610088060764,TRUE,2.57688604629306,0.0402845893899308,"URB1","both"
"681","GT-AG",466,1143,1,41.3,FALSE,FALSE,0.0400956937799043,FALSE,-4.59967137085421,0.00032670257184298,"URB1","end"
"682","GT-AG",467,1144,54,54.75,TRUE,TRUE,0.0565369399951681,TRUE,4.01569615753652,0.00730764525800497,"URB1","both"
"683","GT-AG",468,1145,61,65.2,TRUE,TRUE,0.131995638122896,TRUE,3.81916057696295,0.016464563479413,"URB1;RN7SL109P","both"
"684","GT-AG",469,1145,1,64.3,FALSE,FALSE,0.0272727272727273,FALSE,-5.57263012904581,0.00243402468007319,"URB1","end"
"685","GT-AG",470,1146,2,48.5,FALSE,FALSE,0.0448750637429883,FALSE,-4.89311369734321,0.0175018730577749,"URB1","start"
"686","GT-AG",470,1147,51,52.5,TRUE,TRUE,0.109479449051153,TRUE,2.32133671792461,0.00323518355799072,"URB1","both"
"687","GT-AG",471,1148,35,33.3,TRUE,TRUE,0.116412698412698,TRUE,3.45866853606627,0.0141654646255977,"URB1","both"
"688","GT-AG",472,1149,25,25,TRUE,TRUE,0.875333333333333,TRUE,3.36547029811381,0.0658450793433316,"URB1","both"
"689","GT-AG",473,1150,2,29.55,FALSE,FALSE,0.0620689655172414,TRUE,-4.52646666652989,0.0341969979817,"URB1","start"
"690","GT-AG",473,1151,26,30,TRUE,TRUE,0.186690009337068,TRUE,2.56978534609248,0.0316675727624684,"URB1","both"
"691","GT-AG",474,1152,1,30.6,FALSE,FALSE,0.0428571428571429,FALSE,-4.33563663151786,0.00164281849541504,"URB1","end"
"692","GT-AG",475,1152,36,32.6,TRUE,TRUE,0.253328250696672,TRUE,2.43415303790485,0.000301180972031198,"URB1","both"
"693","GT-AG",475,1153,1,64.95,FALSE,FALSE,0.0130434782608696,FALSE,-5.4253549782024,0.000472455046945106,"URB1","end"
"694","GT-AG",475,1154,1,69.35,FALSE,FALSE,0.0160958489065992,FALSE,-5.12372027764934,0.000154977283198155,"URB1","end"
"695","GT-AG",476,1153,40,41.65,TRUE,TRUE,0.0693800934207911,TRUE,2.98353752503243,0.00116774930545446,"URB1","both"
"696","GT-AG",477,1154,55,49.8,TRUE,TRUE,0.0647281171973084,TRUE,3.07607993983551,0.0103568447874277,"URB1","both"
"697","GT-AG",478,1155,1,40.85,FALSE,FALSE,0.06,TRUE,-5.05100013383427,0.0128511104401134,"URB1","end"
"698","GT-AG",479,1155,44,40.85,TRUE,FALSE,0.0446825396825397,FALSE,4.25922313834232,0.000359703801545668,"URB1","both"
"699","GT-AG",480,1156,41,42.75,TRUE,TRUE,0.159331501831502,TRUE,2.52822120013053,0.000238183527108754,"URB1","both"
"700","GT-AG",480,1157,1,65.4,FALSE,FALSE,0.0176470588235294,FALSE,-5.61622668307351,0.00112685939416065,"URB1","start"
"701","GT-AG",481,1157,28,29,TRUE,TRUE,0.106995633676668,TRUE,2.60823706712791,0.000426953256408665,"URB1","both"
"702","GT-AG",482,1158,37,37.3,TRUE,TRUE,0.145566543408099,TRUE,2.87267439105516,0.0175535403000063,"URB1","both"
"703","GT-AG",483,1159,34,33.1,TRUE,TRUE,0.873756720430108,TRUE,3.29475031364162,0.022459624092833,"URB1","both"
"704","GT-AG",484,1160,38,38.65,TRUE,FALSE,0.0433944759806828,FALSE,4.08996633072493,0.000332865681342016,"URB1","both"
"705","GT-AG",485,1161,2,34.5,FALSE,FALSE,0.0461538461538461,FALSE,-4.62938564295517,0.00845577099003878,"URB1","end"
"706","GT-AG",486,1161,37,35.4,TRUE,TRUE,0.129152505200892,TRUE,2.98501929461419,0.000471085508349283,"URB1","both"
"707","GT-AG",487,1162,45,41,TRUE,TRUE,0.171489621489621,TRUE,1.80339548883292,0.00362068882242346,"URB1","both"
"708","GT-AG",488,1162,1,37,FALSE,FALSE,0.0195652173913043,FALSE,-4.70306866019488,0.000622241987552659,"URB1","end"
"709","GT-AG",489,1163,37,38.1,TRUE,TRUE,0.838866861366861,TRUE,2.40791075893255,0.0286249965176839,"URB1","both"
"710","GT-AG",490,1164,32,35,TRUE,TRUE,0.204381613756614,TRUE,2.57659679139378,0.00167160830044817,"URB1","both"
"711","GT-AG",491,1165,1,38.65,FALSE,FALSE,0.0225,FALSE,-4.67882079472487,0.0007146029284795,"URB1","end"
"712","GT-AG",492,1165,38,39.75,TRUE,TRUE,0.0542283662283662,TRUE,3.26057504222116,0.000976792112924662,"URB1","both"
"713","GT-AG",493,1166,1,22.1,FALSE,FALSE,0.111111111111111,TRUE,-4.10266118553059,0.0635898876890204,"URB1;SNORA80","end"
"714","GT-AG",494,1166,23,22.1,TRUE,TRUE,0.136880711880712,TRUE,3.30867141665563,0.00121302457959846,"URB1;SNORA80","both"
"715","GT-AG",495,1167,33,26.8,TRUE,TRUE,0.268627450980392,TRUE,3.09050499487483,0.00114864250922675,"URB1","both"
"716","GT-AG",496,1168,22,23.55,TRUE,TRUE,0.143725766986637,TRUE,2.72203550049328,0.000452091969884521,"URB1","both"
"717","GT-AG",497,1169,35,33.2,TRUE,FALSE,0.036,FALSE,4.67502139737381,0.00170170905353026,"URB1","both"
"718","GT-AG",498,1170,23,22.1,TRUE,TRUE,0.161904761904762,TRUE,3.31813319132031,0.0775048898276827,"URB1","both"
"719","GT-AG",499,1171,1,0.549999999999999,FALSE,FALSE,0,FALSE,0.239789527279837,0.499999965255526,"AP000282.1","none"
"720","AT-AA",500,1172,1,0.549999999999999,FALSE,FALSE,0,FALSE,0.239789527279837,0.499999984731113,NA,"none"
"721","GC-AG",501,1173,1,1,FALSE,FALSE,0,FALSE,0.719368581839511,0.500000000003339,"IL10RB-DT;TMEM50B;RPS5P3;AP000302.1;DNAJC28;GART;BTF3P6;DONSON;AP000304.1;AP000311.1;CRYZL1;ATP5PO;RN7SL740P;AP000569.1;RPS5P2;AP000320.1;FAM243B;FAM243A;SMIM34B;SMIM34A;KCNE1;KCNE1B;SNORA11;RCAN1;LINC00160;RUNX1;RPL34P3;EZH2P1","none"
"722","GT-AG",502,1174,5,4.55,FALSE,FALSE,0,FALSE,2.28904323521016,0.984079609199775,"IL10RB-DT","both"
"723","GT-AG",503,1175,42,41.55,TRUE,FALSE,0,FALSE,5.2259050088715,0.964913416735635,"AP000311.1;ATP5PO","both"
"724","GT-AG",504,1176,2,66.55,FALSE,FALSE,0.0558356933946557,TRUE,-4.40627306643514,0.000140765477483048,"AP000311.1;ATP5PO","start"
"725","GT-AG",504,1177,66,100.65,TRUE,TRUE,0.371286779602569,TRUE,0.505327273982351,0.129883599769167,"AP000311.1;ATP5PO","both"
"726","GC-AG",504,1178,1,66.55,FALSE,FALSE,0.0134328358208955,FALSE,-5.44448211941955,0.000563273989341407,"AP000311.1;ATP5PO","start"
"727","GT-AG",505,1179,1,1,FALSE,FALSE,0.5,TRUE,2.08721928629529e-16,0.500000016668571,"AP000569.1","none"
"728","GT-AG",505,1180,1,4.1,FALSE,FALSE,0.875,TRUE,-1.7604021093328,0.973314282277085,"AP000569.1","end"
"729","GT-AG",506,1180,5,4.1,FALSE,FALSE,0.857142857142857,TRUE,1.52061258205296,0.976537702464693,"AP000569.1","both"
"730","GT-AG",507,1181,1,0.549999999999999,FALSE,FALSE,0,FALSE,0.239789527279837,0.500000040097874,"AP000569.1","none"
"731","AT-AA",508,1182,1,0.549999999999999,FALSE,FALSE,0,FALSE,0.239789527279837,0.49999991007907,NA,"none"
"732","AT-AA",509,1183,1,0.549999999999999,FALSE,FALSE,0,FALSE,0.239789527279837,0.499999965255526,NA,"none"
"733","GT-AG",510,1184,3,2.55,FALSE,FALSE,0,FALSE,1.36721954606037,0.985717021664417,"SETD4","both"
"734","GT-AG",511,1185,2,9.2,FALSE,FALSE,0.311623376623377,TRUE,-2.51011338174743,0.00124023338677372,"CLDN14;PSMD4P1","both"
"735","GT-AG",511,1186,1,33.3,FALSE,FALSE,0.0391304347826087,FALSE,-4.9210329407334,0.00153871781926962,"CLDN14;PSMD4P1","end"
"736","GT-AG",512,1185,1,8.74999999999999,FALSE,FALSE,0.874242424242424,TRUE,-2.63461360414087,0.00164004072554962,"CLDN14","end"
"737","GT-AG",513,1185,1,8.74999999999999,FALSE,FALSE,0.225,TRUE,-3.35336949135047,0.0424530515398086,"CLDN14","end"
"738","GT-AG",514,1185,9,8.74999999999999,FALSE,FALSE,0.758484848484849,TRUE,1.5762371429245,0.00887114020245758,"CLDN14","end"
"739","GT-AG",515,1186,9,32.3,FALSE,FALSE,0.174780290703212,TRUE,-0.766816084307593,0.00067164563858802,"CLDN14","end"
"740","GT-AG",516,1187,1,25.85,FALSE,FALSE,0.0409090909090909,FALSE,-4.50358808615103,0.00139889973412189,"CLDN14","start"
"741","GT-AG",516,1186,27,34.3,TRUE,TRUE,0.219083324775924,TRUE,0.216713829571501,0.0139600342239259,"CLDN14","both"
"742","GT-AG",517,1188,16,13.75,FALSE,FALSE,0,FALSE,4.20794795627978,0.977910499381748,"HLCS","both"
"743","GT-AG",518,1189,1,17.65,FALSE,FALSE,0.128571428571429,TRUE,-4.35697576214595,0.0422348959819844,"HLCS","end"
"744","GT-AG",519,1189,19,17.65,FALSE,FALSE,0.236950549450549,TRUE,3.77371156242532,0.0493734025555531,"HLCS","both"
"745","GT-AG",520,1189,1,17.65,FALSE,FALSE,0.108379120879121,TRUE,-3.85627910206273,0.00123574790062333,"HLCS","end"
"746","GT-AG",521,1190,17,17,FALSE,FALSE,0.118437118437118,TRUE,3.6949602093708,0.00343143870831537,"HLCS","both"
"747","GT-AG",521,1191,1,26.1,FALSE,FALSE,0.06,TRUE,-4.74641605065516,0.00942409813365551,"HLCS","start"
"748","GT-AG",521,1192,1,36.65,FALSE,FALSE,0.0333333333333333,FALSE,-5.12540008109788,0.00162082058626177,"HLCS;HLCS-IT1","end"
"749","GT-AG",522,1191,1,9.55,FALSE,FALSE,0.1,TRUE,-3.94221706891051,0.0033166034459138,"HLCS","end"
"750","GT-AG",523,1191,10,9.55,FALSE,FALSE,0.0888888888888889,TRUE,3.69078650644623,0.00138335907033245,"HLCS","both"
"751","GT-AG",524,1193,11,11,FALSE,FALSE,0.29,TRUE,3.47090562237577,0.00260016573306252,"HLCS;HLCS-IT1","both"
"752","GT-AG",525,1193,1,11,FALSE,FALSE,0.09,TRUE,-3.74964162633178,0.00307233553129665,"HLCS;HLCS-IT1","end"
"753","GT-AG",526,1193,1,11,FALSE,FALSE,0.3,TRUE,-3.72112125068805,0.146671660843291,"HLCS","end"
"754","GT-AG",527,1194,2,24.4,FALSE,FALSE,0.12,TRUE,-4.55956372009181,0.0928919303909728,"HLCS","start"
"755","GT-AG",527,1195,1,24.4,FALSE,FALSE,0.105952380952381,TRUE,-4.11986839638398,0.0023226218539625,"HLCS","start"
"756","GT-AG",527,1192,25,25.85,TRUE,TRUE,0.194241217425802,TRUE,1.73117660458038,0.00086344843182687,"HLCS","both"
"757","GT-AG",527,1196,1,34.5,FALSE,FALSE,0.0409090909090909,FALSE,-5.18413472761379,0.00318227018162619,"HLCS","start"
"758","GT-AG",528,1192,2,23.75,FALSE,FALSE,0.118058608058608,TRUE,-4.03707460619617,0.0007406529077884,"HLCS","end"
"759","GT-AG",529,1196,11,11,FALSE,FALSE,0.0818181818181819,TRUE,4.29866885616975,0.00311544114479137,"HLCS","both"
"760","GT-AG",530,1197,15,15.55,FALSE,FALSE,0.0755681818181818,TRUE,3.99289131357396,0.000917533077245017,"HLCS","both"
"761","GT-AG",530,1198,1,26.1,FALSE,FALSE,0.0781144781144781,TRUE,-4.65058739786197,0.00074121153512035,"HLCS","start"
"762","GT-AG",531,1198,1,12.55,FALSE,FALSE,0.075,TRUE,-4.01587816195361,0.00265692187900094,"HLCS","end"
"763","GT-AG",532,1199,1,16.65,FALSE,FALSE,0.06,TRUE,-4.01508407549512,0.00187215799451778,"HLCS","start"
"764","GT-AG",532,1200,3,16.65,FALSE,FALSE,0.808095238095238,TRUE,-2.03722821752473,0.0468810227055137,"HLCS","start"
"765","GT-AG",532,1201,2,16.65,FALSE,FALSE,0.117835497835498,TRUE,-3.0488973156616,0.00984888149268235,"HLCS","start"
"766","GT-AG",532,1202,3,16.65,FALSE,FALSE,0.146969696969697,TRUE,-3.57588584427313,0.0894200510992276,"HLCS","start"
"767","GT-AG",532,1198,12,18,FALSE,FALSE,0.574568078979844,TRUE,0.425928892879467,0.118930385786085,"HLCS","both"
"768","GT-AG",533,1201,1,4.55,FALSE,FALSE,0.208333333333333,TRUE,-1.79249368488282,0.0163454198062788,"HLCS","none"
"769","GT-AG",533,1198,3,12.55,FALSE,FALSE,0.260332167832168,TRUE,-2.43280743053199,0.00163678166338281,"HLCS","end"
"770","GT-AG",534,1198,3,12.55,FALSE,FALSE,0.167692307692308,TRUE,-3.24184856259894,0.0856162515689863,"HLCS","end"
"771","GT-AG",535,1203,1,6.65,FALSE,FALSE,0.888888888888889,TRUE,-2.26450974129255,0.985990886758015,"HLCS","start"
"772","GT-AG",535,1204,1,6.65,FALSE,FALSE,0.888888888888889,TRUE,-2.26450974129255,0.985948083755019,"HLCS","start"
"773","GT-AG",535,1205,6,6.65,FALSE,FALSE,0.664814814814815,TRUE,-0.748913773305682,0.27960008655954,"HLCS","start"
"774","GT-AG",535,1206,2,6.65,FALSE,FALSE,0.355555555555556,TRUE,-2.38985270925596,0.105442348822818,"HLCS","start"
"775","GT-AG",535,1207,2,6.65,FALSE,FALSE,0.601851851851852,TRUE,-0.564480422409926,0.0559473059512081,"HLCS;Y_RNA_5","both"
"776","GT-AG",536,1208,1,120.45,FALSE,FALSE,0.0123543123543124,FALSE,-6.27399049925824,0.000239883576426692,"PIGP","end"
"777","GT-AG",537,1208,1,120.45,FALSE,FALSE,0.0136363636363636,FALSE,-6.51506870416572,0.00170679465785899,"PIGP","end"
"778","GT-AG",538,1208,121,140.75,TRUE,TRUE,0.0647835083804975,TRUE,1.59654658291106,0.000131513167733339,"PIGP","both"
"779","GT-AG",538,1209,3,240.15,FALSE,FALSE,0.00904432451863077,FALSE,-5.42265738411576,0.000132381763472824,"PIGP","end"
"780","GT-AG",538,1210,3,221.35,FALSE,FALSE,0.0145023575888875,FALSE,-6.87242665841007,0.00699217752778141,"PIGP","none"
"781","GT-AG",539,1208,1,120.45,FALSE,FALSE,0.00957446808510638,FALSE,-6.5155247376992,0.000441380411999138,"PIGP","end"
"782","GT-AG",540,1209,1,110.05,FALSE,FALSE,0.0103448275862069,FALSE,-6.57381640987338,0.000620329129697325,"PIGP","end"
"783","GT-AG",541,1211,1,98.75,FALSE,FALSE,0.00927556793753977,FALSE,-5.77906728530148,0.000106113411245084,"PIGP","start"
"784","GT-AG",541,1209,98,112.15,TRUE,TRUE,0.0834951800407644,TRUE,2.18771559297854,0.0016424598159378,"PIGP","both"
"785","GT-AG",541,1210,2,187.2,FALSE,FALSE,0.00890239709205226,FALSE,-5.83521217272147,5.13722627467403e-05,"PIGP","start"
"786","GT-AG",542,1209,1,110.05,FALSE,FALSE,0.00891089108910891,FALSE,-6.57397711314533,0.000428105666791914,"PIGP","end"
"787","GT-AG",543,1212,1,92.3,FALSE,FALSE,0.0101123595505618,FALSE,-6.39576451106945,0.000417437134573818,"PIGP","start"
"788","GT-AG",543,1213,1,92.3,FALSE,FALSE,0.0118421052631579,FALSE,-6.39557042061316,0.000601681061347227,"PIGP","start"
"789","GT-AG",543,1214,14,92.75,FALSE,FALSE,0.120552929777123,TRUE,-2.34575573948214,0.0412556501794616,"PIGP","start"
"790","GT-AG",543,1210,86,107.55,TRUE,TRUE,0.123271547085558,TRUE,0.903926063764776,0.0125714136988705,"PIGP","both"
"791","GT-AG",544,1214,1,14,FALSE,FALSE,0.0661375661375661,TRUE,-3.69403463264521,0.00114950747870729,"PIGP","none"
"792","GT-AG",544,1210,1,95,FALSE,FALSE,0.0113924050632911,FALSE,-6.45616427077929,0.000571916444637365,"PIGP","end"
"793","GT-AG",545,1210,18,94.55,FALSE,FALSE,0.0822187012439699,TRUE,-1.66223666090635,0.00721031010610884,"PIGP","end"
"794","GT-AG",546,1215,1,70.1,FALSE,FALSE,0.0130434782608696,FALSE,-6.06900354237975,0.000512138931952546,"PIGP","start"
"795","GT-AG",546,1216,4,70.1,FALSE,FALSE,0.0695635523810156,TRUE,-4.0758883123584,0.0120534966840506,"PIGP","start"
"796","GT-AG",546,1217,2,70.1,FALSE,FALSE,0.0372630193351692,FALSE,-4.96773485012678,0.00152259502913643,"PIGP","start"
"797","GT-AG",546,1218,1,70.1,FALSE,FALSE,0.0160714285714286,FALSE,-6.06866268450458,0.000782954624385226,"PIGP","start"
"798","GT-AG",546,1219,4,70.1,FALSE,FALSE,0.0310447587070157,FALSE,-4.1095499203667,0.0065926741049884,"PIGP","start"
"799","GT-AG",546,1220,55,74.55,TRUE,TRUE,0.168659764105438,TRUE,0.397459634846953,0.0115250547906872,"PIGP","both"
"800","GT-AG",546,1221,4,70.1,FALSE,FALSE,0.0564697592234855,TRUE,-4.79201297442508,0.0129114224342042,"PIGP","start"
"801","GT-AG",546,1222,2,70.1,FALSE,FALSE,0.0293395754952712,FALSE,-5.45304434009386,0.00365686700081435,"PIGP","start"
"802","GT-AG",546,1223,1,70.1,FALSE,FALSE,0.0169811320754717,FALSE,-6.0685600961927,0.00105152219550559,"PIGP","start"
"803","GT-AG",547,1224,1,119.75,FALSE,FALSE,0.00947368421052631,FALSE,-6.50466756572036,0.000535297523607603,"VPS26C","end"
"804","GT-AG",548,1225,1,120.75,FALSE,FALSE,0.0130530626641063,FALSE,-6.04347471661088,0.000179466161888838,"VPS26C","start"
"805","GT-AG",548,1224,119,122.4,TRUE,TRUE,0.130068435758526,TRUE,3.31971127196869,0.000160542310689644,"VPS26C","both"
"806","GT-AG",549,1224,2,119.75,FALSE,FALSE,0.029735883424408,FALSE,-5.95543287318002,0.000147766077747365,"VPS26C","end"
"807","GT-AG",550,1226,1,68.65,FALSE,FALSE,0.0134328358208955,FALSE,-5.81278216587703,0.000496801080680748,"VPS26C","end"
"808","GT-AG",551,1226,70,74.4,TRUE,TRUE,0.109263229073966,TRUE,2.36285162025336,0.000394896869013273,"VPS26C","both"
"809","GT-AG",551,1227,6,73.95,FALSE,FALSE,0.0845924445924446,TRUE,-3.96639145621243,0.0254413876208358,"VPS26C","start"
"810","GT-AG",551,1228,1,159.15,FALSE,FALSE,0.00676691729323308,FALSE,-6.8517279539591,0.000397282034228596,"VPS26C","end"
"811","GT-AG",552,1226,1,68.65,FALSE,FALSE,0.0183673469387755,FALSE,-5.81222600982015,0.000781472917081705,"VPS26C","end"
"812","GT-AG",553,1229,2,88.55,FALSE,FALSE,0.0186622191011236,FALSE,-6.06731630922619,0.00404360472439934,"VPS26C","start"
"813","GT-AG",553,1228,84,91.1,TRUE,FALSE,0.0425507218977679,FALSE,2.65407952433519,6.68381912176043e-05,"VPS26C","both"
"814","GT-AG",554,1229,3,4.1,FALSE,FALSE,0.496296296296296,TRUE,1.87251484043638,0.157117385349004,"VPS26C","none"
"815","GT-AG",554,1228,1,89.65,FALSE,FALSE,0.00989010989010989,FALSE,-6.38389485474832,0.000400208786234793,"VPS26C","end"
"816","GT-AG",555,1230,1,3,FALSE,FALSE,0.291666666666667,TRUE,-2.07973322677373,0.00948121161479987,"VPS26C","none"
"817","GT-AG",555,1228,3,88.1,FALSE,FALSE,0.0211765259412441,FALSE,-4.267697568977,0.000137643883797338,"VPS26C","end"
"818","GT-AG",556,1228,1,88.1,FALSE,FALSE,0.0103448275862069,FALSE,-6.36526768037856,0.000423384616247667,"VPS26C","end"
"819","GT-AG",557,1231,129,134.55,TRUE,TRUE,0.0692019077843949,TRUE,1.92965534109329,0.00044392558932334,"VPS26C","both"
"820","GT-AG",557,1232,8,225.85,FALSE,FALSE,0.0231579370220766,FALSE,-3.37076468534991,4.3044239387475e-05,"VPS26C","start"
"821","GT-AG",557,1233,1,232.95,FALSE,FALSE,0.00636412101825936,FALSE,-6.66525212592328,5.73335839494699e-05,"VPS26C","start"
"822","GT-AG",557,1234,4,225,FALSE,FALSE,0.0130716433915853,FALSE,-4.50153723120321,5.8505525053441e-05,"VPS26C","start"
"823","GT-AG",558,1232,95,107.4,TRUE,TRUE,0.0834348041320258,TRUE,1.73236080093815,0.00381877783774346,"VPS26C","both"
"824","GT-AG",558,1234,1,201.3,FALSE,FALSE,0.0080799693408278,FALSE,-6.74758412472125,0.000138424606303853,"VPS26C","start"
"825","GT-AG",559,1232,1,101.2,FALSE,FALSE,0.015,FALSE,-6.39123385373961,0.00170469409598882,"VPS26C","end"
"826","GT-AG",560,1232,1,101.2,FALSE,FALSE,0.0144585253456221,FALSE,-6.14970019625952,0.000315900968596212,"VPS26C","end"
"827","GT-AG",561,1233,101,101.6,TRUE,FALSE,0.0494546580790691,FALSE,3.12066387643365,0.00327974657340029,"VPS26C","both"
"828","GT-AG",561,1235,1,99.5,FALSE,FALSE,0.0120304748405386,FALSE,-6.05213302196788,0.000197887752410063,"VPS26C","start"
"829","GT-AG",561,1234,2,193.6,FALSE,FALSE,0.00670661856804381,FALSE,-5.92129692243726,8.12753081476034e-05,"VPS26C","start"
"830","GT-AG",562,1234,1,105,FALSE,FALSE,0.0126777560339204,FALSE,-5.73223604756149,0.000123716481406777,"VPS26C","end"
"831","GT-AG",563,1236,1,88.1,FALSE,FALSE,0.0103448275862069,FALSE,-5.97230660101169,0.000449623334400927,"VPS26C","start"
"832","GT-AG",563,1237,1,88.55,FALSE,FALSE,0.0140625,FALSE,-5.97745605462499,0.000632448066987106,"VPS26C","start"
"833","GT-AG",563,1234,81,113.55,TRUE,TRUE,0.14306920220036,TRUE,0.88662043038033,0.00451673552660987,"VPS26C","both"
"834","GT-AG",564,1237,1,1,FALSE,FALSE,0.666666666666667,TRUE,0.239789527279837,0.500000000001474,"VPS26C","none"
"835","GT-AG",565,1234,14,105,FALSE,FALSE,0.112023879824805,TRUE,-1.83460482597814,0.0131320671971831,"VPS26C","end"
"836","GT-AG",566,1238,1,0.549999999999999,FALSE,FALSE,0,FALSE,0.239789527279837,0.499999984731113,"LINC01423","none"
"837","GT-AG",567,1239,15,14.55,FALSE,FALSE,0,FALSE,3.56562216282165,0.985494815872364,"HMGN1","both"
"838","GT-AG",568,1240,1,0.549999999999999,FALSE,FALSE,0,FALSE,0.239789527279837,0.500000040097874,"LINC00323","both"
"839","GT-AG",569,1241,1,457.5,FALSE,FALSE,0.00371900826446281,FALSE,-7.64299139467922,0.000556162563152426,"U2AF1;U2AF1L5","start"
"840","GT-AG",569,1242,512,471.95,TRUE,TRUE,0.0903102621673123,TRUE,2.27357332694666,0.00655812496065121,"U2AF1;U2AF1L5","both"
"841","GT-AG",570,1242,2,459.85,FALSE,FALSE,0.00534919577405952,FALSE,-7.0427183518688,0.00197983389242253,"U2AF1;U2AF1L5","end"
"842","GT-AG",571,1243,640,643.7,TRUE,TRUE,0.0970338064300309,TRUE,1.81504195115708,0.00627363504284709,"U2AF1;U2AF1L5","both"
"843","GT-AG",572,1244,1338,1393.15,TRUE,TRUE,0.0768136044786418,TRUE,2.48850137938694,0.00325863556014888,"U2AF1;U2AF1L5","both"
"844","GT-AG",572,1245,1,1380.1,FALSE,FALSE,0.0015929203539823,FALSE,-8.67441797859049,0.000230268446064095,"U2AF1;U2AF1L5","start"
"845","GT-AG",572,1246,1,2260.6,FALSE,FALSE,0.000781732029438452,FALSE,-9.03602520666929,1.1855061499874e-05,"U2AF1;U2AF1L5","start"
"846","GT-AG",573,1244,1,1299.75,FALSE,FALSE,0.00111524163568773,FALSE,-8.6415191506624,6.92807381080658e-05,"U2AF1;U2AF1L5","end"
"847","GT-AG",574,1247,3,1057.75,FALSE,FALSE,0.00242472454830321,FALSE,-7.52417415789068,0.000397642224681019,"U2AF1;U2AF1L5","end"
"848","GT-AG",575,1247,1056,1173.35,TRUE,TRUE,0.0606726839802519,TRUE,1.83812111926477,0.00376400361607068,"U2AF1;U2AF1L5","both"
"849","GT-AG",576,1248,863,1208.4,TRUE,FALSE,0.0450728276635565,FALSE,0.824336927421932,2.7463687879766e-05,"U2AF1;U2AF1L5","both"
"850","GT-AG",576,1249,308,1228.75,TRUE,TRUE,0.0526801512339583,TRUE,-1.10791793325748,0.00249591578867463,"U2AF1;U2AF1L5","start"
"851","GT-AG",577,1248,1,871.65,FALSE,FALSE,0.002,FALSE,-8.43050534783222,0.000269738841953176,"U2AF1;U2AF1L5","end"
"852","GT-AG",578,1249,28,1026.75,TRUE,FALSE,0.0181389925758362,FALSE,-3.62793252295385,0.00123376695626136,"U2AF1;U2AF1L5","start"
"853","GT-AG",578,1246,675,965.3,TRUE,FALSE,0.047069905833108,FALSE,0.539333723117969,0.000636094012877001,"U2AF1;U2AF1L5","both"
"854","GT-AG",579,1249,1,337.75,FALSE,FALSE,0.00376569037656904,FALSE,-7.53533210363627,0.000273192361454061,"U2AF1;U2AF1L5","none"
"855","GT-AG",579,1246,1,889.95,FALSE,FALSE,0.00107015457788347,FALSE,-8.47260192449801,5.26944941888376e-05,"U2AF1;U2AF1L5","end"
"856","GT-AG",580,1250,1,281.25,FALSE,FALSE,0.00428571428571429,FALSE,-7.356935751105,0.000246867080107212,"U2AF1;U2AF1L5","none"
"857","GT-AG",580,1251,1,281.25,FALSE,FALSE,0.0032967032967033,FALSE,-7.35704601297759,0.000143382829455599,"U2AF1;U2AF1L5","none"
"858","GT-AG",580,1246,275,908.15,TRUE,FALSE,0.0470298720840419,FALSE,-0.875691628139941,0.00159024678470465,"U2AF1;U2AF1L5","end"
"859","GT-AG",581,1252,5,688.6,FALSE,FALSE,0.00575573106989777,FALSE,-6.62418820729352,0.00224334816320718,"U2AF1;U2AF1L5","start"
"860","GT-AG",581,1253,3,688.6,FALSE,FALSE,0.00921501706484642,FALSE,-8.03866929259929,0.00879968973372926,"U2AF1;U2AF1L5","start"
"861","GT-AG",581,1254,2,688.6,FALSE,FALSE,0.00447715112225277,FALSE,-7.11806156196265,2.07857913457837e-05,"U2AF1;U2AF1L5","start"
"862","GT-AG",581,1255,2,688.6,FALSE,FALSE,0.00285019243337448,FALSE,-7.83815811674847,0.00103712852679743,"U2AF1;U2AF1L5","start"
"863","GT-AG",581,1256,570,692.7,TRUE,TRUE,0.103073495400934,TRUE,1.44256265401741,0.00387479333117235,"U2AF1;U2AF1L5","both"
"864","GT-AG",581,1257,4,688.6,FALSE,FALSE,0.00609312988389578,FALSE,-7.77096087594583,0.0034174402148699,"U2AF1;U2AF1L5","start"
"865","GT-AG",582,1256,2,542.15,FALSE,FALSE,0.00337198704381183,FALSE,-6.0164440367316,1.74634943090145e-05,"U2AF1;U2AF1L5","end"
"866","GT-AG",583,1256,1,542.15,FALSE,FALSE,0.00324569567240577,FALSE,-7.71625734419227,0.000120326772112259,"U2AF1;U2AF1L5","end"
"867","GT-AG",584,1256,1,542.15,FALSE,FALSE,0.00181451612903226,FALSE,-7.95656871073072,8.43701478553282e-05,"U2AF1;U2AF1L5","end"
"868","GT-AG",585,1256,1,542.15,FALSE,FALSE,0.00362903225806452,FALSE,-7.95636660865437,0.000886667434101536,"U2AF1;U2AF1L5","end"
"869","GT-AG",586,1258,5,3.74999999999999,FALSE,FALSE,0.111111111111111,TRUE,0.63297209055227,0.180286471837036,"HSF2BP;CU639417.2","both"
"870","GT-AG",586,1259,1,5.2,FALSE,FALSE,0.107142857142857,TRUE,-1.05893835063819,0.246892002058423,"HSF2BP;CU639417.2","start"
"871","GT-AG",587,1260,4,2.65,FALSE,FALSE,0,FALSE,0.850936261230104,0.985827961893005,"HSF2BP","both"
"872","GT-AG",588,1259,2,2,FALSE,FALSE,0.333333333333333,TRUE,0.608904487544684,0.0148391989537734,"HSF2BP","both"
"873","GT-AG",589,1261,1,1,FALSE,FALSE,0,FALSE,0.479579054559674,0.499999991667576,"HSF2BP","both"
"874","GT-AG",590,1262,1,1,FALSE,FALSE,0,FALSE,0.959158109119349,0.50000006108103,"HSF2BP","both"
"875","GT-AG",591,1263,3,2.1,FALSE,FALSE,0,FALSE,0.583188247728352,0.981337120943507,"HSF2BP","both"
"876","GT-AG",592,1264,1,0.549999999999999,FALSE,FALSE,0,FALSE,0.239789527279837,0.499999999997727,"HSF2BP","both"
"877","GT-AG",593,1265,1,0.549999999999999,FALSE,FALSE,0,FALSE,0.239789527279837,0.499999943136996,"HSF2BP","both"
"878","GT-AG",594,1266,1,1,FALSE,FALSE,0,FALSE,0.479579054559674,0.500000000001082,"AATBC","both"
"879","GT-AG",595,1267,1,0.549999999999999,FALSE,FALSE,0,FALSE,0.239789527279837,0.499999999997727,"LINC01678;AP001055.1;AP001056.2;FP565260.5;AP001058.3;ICOSLG;FP565260.3;DNMT3L;FP565260.4;CFAP410;AP001062.3;AP001063.1;TRPM2-AS;LRRC3-DT;MTCYBP21;MTND5P1;TSPEAR;KRTAP10-1;KRTAP10-2;KRTAP10-3;KRTAP10-5;KRTAP10-6;KRTAP12-4;KRTAP12-2;IMMTP1;KRTAP12-1","none"
"880","GT-AG",596,1268,1,0.549999999999999,FALSE,FALSE,0,FALSE,0.239789527279837,0.500000008335434,NA,"none"
"881","GT-AG",597,1269,1,0.549999999999999,FALSE,FALSE,0,FALSE,0.239789527279837,0.499999991666228,"AP001056.2;FP565260.5","both"
"882","GT-AG",598,1270,1,0.549999999999999,FALSE,FALSE,0,FALSE,0.239789527279837,0.49999991007907,"AP001058.3","none"
"883","GT-AG",599,1271,2,1.55,FALSE,FALSE,0,FALSE,0.544241771052179,0.937874143813421,NA,"none"
"884","GT-AG",600,1272,1,2,FALSE,FALSE,0.5,TRUE,-0.0646627164925052,0.0221771803767167,"CFAP410","end"
"885","GT-AG",601,1272,2,2,FALSE,FALSE,0.5,TRUE,0.0646627164925051,0.0221771934019865,"CFAP410","both"
"886","GT-AG",602,1273,1,0.549999999999999,FALSE,FALSE,0,FALSE,0.239789527279837,0.500000040097874,"TSPEAR","both"
"887","GT-AG",603,1274,1,0.549999999999999,FALSE,FALSE,0,FALSE,0.239789527279837,0.499999984731113,"TSPEAR","none"
"888","GT-AG",604,1275,1,0.549999999999999,FALSE,FALSE,0,FALSE,0.239789527279837,0.499999984731113,"TSPEAR","both"
"889","GT-AG",605,1276,6,24.75,FALSE,FALSE,0.160116283498636,TRUE,-2.5543074941536,0.0326951781107014,"POFUT2","start"
"890","GT-AG",605,1277,20,30,TRUE,TRUE,0.234122925891805,TRUE,0.428641495810403,0.0205196724234545,"POFUT2","both"
"891","GT-AG",606,1277,4,22.55,FALSE,FALSE,0.143614099477944,TRUE,-2.2299846924208,0.000554837435306197,"POFUT2","end"
"892","GT-AG",607,1277,2,22.55,FALSE,FALSE,0.107954545454545,TRUE,-4.6095526696513,0.0322290508079138,"POFUT2","end"
"893","GT-AG",608,1278,19,18.55,FALSE,FALSE,0,FALSE,4.84693776985698,0.970732298966075,"POFUT2","both"
"894","GT-AG",609,1279,1,12,FALSE,FALSE,0.0818181818181818,TRUE,-4.20650140903114,0.0029413138250554,"POFUT2","start"
"895","GT-AG",609,1280,12,12,FALSE,FALSE,0.284090909090909,TRUE,3.27572183002173,0.0317422474264766,"POFUT2","both"
"896","GT-AG",609,1281,1,37.2,FALSE,FALSE,0.0473684210526316,FALSE,-5.24651426330586,0.00459241465480433,"POFUT2","none"
"897","GT-AG",610,1280,2,12,FALSE,FALSE,0.163636363636364,TRUE,-4.17609762393329,0.0766275402896078,"POFUT2","end"
"898","GT-AG",611,1280,2,12,FALSE,FALSE,0.14025974025974,TRUE,-3.67189699963971,0.00115601582882192,"POFUT2","end"
"899","GT-AG",612,1282,22,24.55,TRUE,TRUE,0.183902748953833,TRUE,1.74393273020676,0.0194408732930545,"POFUT2","both"
"900","GT-AG",613,1282,2,23.2,FALSE,FALSE,0.129370629370629,TRUE,-4.50691414655652,0.0539205826080889,"POFUT2","end"
"901","GT-AG",614,1283,3,28.95,FALSE,FALSE,0.0772727272727273,TRUE,-4.64300054365261,0.0200999162896958,"POFUT2","start"
"902","GT-AG",614,1284,1,28.95,FALSE,FALSE,0.0409090909090909,FALSE,-4.99590007516394,0.00183734978469335,"POFUT2","start"
"903","GT-AG",614,1285,30,33.5,TRUE,TRUE,0.161442356517266,TRUE,1.47372819977552,0.00055931370832321,"POFUT2","both"
"904","GT-AG",615,1285,3,30.5,FALSE,FALSE,0.0715873015873016,TRUE,-4.67225402419202,0.0330370761452003,"POFUT2","end"
"905","GT-AG",616,1286,1,2,FALSE,FALSE,0.857142857142857,TRUE,-1.45759850236921,0.987211964516713,"POFUT2","none"
"906","GT-AG",616,1287,2,26.85,FALSE,FALSE,0.19231884057971,TRUE,-4.24004685640515,0.0216371301526219,"POFUT2","end"
"907","GT-AG",616,1281,1,26.2,FALSE,FALSE,0.06,TRUE,-4.82776163551919,0.00451916784655309,"POFUT2","end"
"908","GT-AG",617,1286,2,27.65,FALSE,FALSE,0.0968891402714932,TRUE,-4.16425761768734,0.0343839551517851,"POFUT2","start"
"909","GT-AG",617,1288,5,27.65,FALSE,FALSE,0.166943961492643,TRUE,-3.41967212800487,0.0592293698834874,"POFUT2","start"
"910","GT-AG",617,1287,22,32.95,TRUE,TRUE,0.290916034611687,TRUE,1.15770763334287,0.0846966341831829,"POFUT2","both"
"911","GT-AG",617,1281,3,51.5,FALSE,FALSE,0.05566534914361,TRUE,-5.1537134701861,0.0134424261073461,"POFUT2","end"
"912","GT-AG",618,1287,1,26.85,FALSE,FALSE,0.09,TRUE,-4.79003266984632,0.0218097689706589,"POFUT2","end"
"913","GT-AG",619,1288,1,4.55,FALSE,FALSE,0.4,TRUE,-1.30878154099504,0.383522102620876,"POFUT2","none"
"914","GT-AG",620,1289,1,27.95,FALSE,FALSE,0.05625,TRUE,-4.82963414762126,0.00349193945577196,"POFUT2","start"
"915","GT-AG",620,1290,2,27.95,FALSE,FALSE,0.0826350732600733,TRUE,-3.52848470530155,0.000380218726848591,"POFUT2","start"
"916","GT-AG",620,1281,26,29.85,TRUE,TRUE,0.146287046287046,TRUE,1.18752838336609,0.000734598923753775,"POFUT2","both"
"917","GT-AG",621,1281,1,25.2,FALSE,FALSE,0.0391304347826087,FALSE,-4.79015240245491,0.00171839894182653,"POFUT2","end"
"918","GT-AG",622,1281,1,25.2,FALSE,FALSE,0.0932363489972186,TRUE,-3.80257507276891,0.000280118642344315,"POFUT2","end"
"919","GT-AG",623,1291,2,16.1,FALSE,FALSE,0.15,TRUE,-4.43805779161589,0.0794187935218906,"POFUT2","start"
"920","GT-AG",623,1292,17,16.1,FALSE,FALSE,0.15,TRUE,4.43805779161589,0.0794188058663703,"POFUT2","both"
"921","GT-AG",624,1293,1,61.65,FALSE,FALSE,0.015,FALSE,-5.63767126467249,0.00050656542103341,"SLC19A1","end"
"922","GT-AG",625,1294,1,0.549999999999999,FALSE,FALSE,0,FALSE,0.239789527279837,0.499999965255526,"SLC19A1","none"
"923","GC-AG",626,1295,1,0.549999999999999,FALSE,FALSE,0,FALSE,0.239789527279837,0.499999984731113,"SLC19A1","none"
"924","GT-AG",627,1296,3,2.1,FALSE,FALSE,0.666666666666667,TRUE,0.343398720448515,0.985046839091073,"SLC19A1","both"
"925","GT-AG",627,1293,1,61.65,FALSE,FALSE,0.0272727272727273,FALSE,-5.6485292810721,0.00226329035037578,"SLC19A1","end"
"926","GT-AG",628,1297,1,3.1,FALSE,FALSE,0.75,TRUE,-0.91559897772261,0.222160723941679,"SLC19A1","start"
"927","GT-AG",628,1293,4,61.65,FALSE,FALSE,0.0635059385059385,TRUE,-4.46536365134591,0.0143355560337965,"SLC19A1","end"
"928","GT-AG",629,1293,58,68.3,TRUE,TRUE,0.0749016155011861,TRUE,1.82184195393334,0.000124780502162263,"SLC19A1","both"
"929","GT-AG",630,1293,1,61.65,FALSE,FALSE,0.0321428571428571,FALSE,-5.63572557154,0.00474947285350546,"SLC19A1","end"
"930","GT-AG",631,1298,1,49.75,FALSE,FALSE,0.0290322580645161,FALSE,-5.56381782027015,0.00178596809449091,"SLC19A1","start"
"931","GT-AG",631,1299,44,50.2,TRUE,TRUE,0.113345544523388,TRUE,1.8797267838306,0.000133805241725399,"SLC19A1","both"
"932","GT-AG",632,1299,1,44,FALSE,FALSE,0.0290322580645161,FALSE,-5.46677173408218,0.00142828927054345,"SLC19A1","end"
"933","GT-AG",633,1300,31,30.75,TRUE,TRUE,0.838589061586773,TRUE,2.56051491474163,0.000335969933158171,"SLC19A1","both"
"934","GC-AG",634,1301,31,51.45,TRUE,TRUE,0.141839774934287,TRUE,-0.354923113333613,0.0005159167016474,"SLC19A1","start"
"935","GT-AG",634,1302,3,51.45,FALSE,FALSE,0.0639357583800935,TRUE,-3.72467338290103,0.000600469353943148,"SLC19A1","start"
"936","GC-AG",634,1303,22,54.55,TRUE,TRUE,0.21274774922793,TRUE,-0.314966017554277,0.000169947725808198,"SLC19A1","both"
"937","GT-AG",634,1304,2,74.25,FALSE,FALSE,0.041038961038961,FALSE,-5.31069247943283,0.00872760556954134,"SLC19A1","start"
"938","GC-AG",635,1301,1,25.15,FALSE,FALSE,0.18,TRUE,-4.48205670574478,0.0837705925159343,"SLC19A1","none"
"939","GC-AG",635,1303,1,24,FALSE,FALSE,0.1,TRUE,-4.66389383362091,0.0272725568068941,"SLC19A1","end"
"940","GC-AG",636,1303,1,24,FALSE,FALSE,0.0473684210526316,FALSE,-4.65851619394283,0.00185978080818312,"SLC19A1","end"
"941","GT-AG",637,1304,1,27.75,FALSE,FALSE,0.0583333333333333,TRUE,-3.32824930137945,0.0190149904727682,"SLC19A1","end"
"942","GT-AG",638,1305,1,0.549999999999999,FALSE,FALSE,0,FALSE,0.239789527279837,0.499999943136996,"SLC19A1","none"
"943","GT-AG",639,1306,1,31.15,FALSE,FALSE,0.0243243243243243,FALSE,-3.99811551659645,0.00075297956028468,"SLC19A1","start"
"944","GT-AG",639,1307,1,31.15,FALSE,FALSE,0.0243243243243243,FALSE,-3.99811551659645,0.00075297956028468,"SLC19A1","start"
"945","GT-AG",639,1308,4,31.15,FALSE,FALSE,0.189109824109824,TRUE,-2.43439203647271,0.00114257582020751,"SLC19A1","start"
"946","GT-AG",639,1309,1,31.15,FALSE,FALSE,0.45,TRUE,-3.9361852105314,0.237082650580653,"SLC19A1","start"
"947","GT-AG",639,1304,30,31.6,TRUE,TRUE,0.519144573144573,TRUE,-0.0102875958477486,0.225792324467243,"SLC19A1","both"
"948","GC-AG",639,1310,1,31.15,FALSE,FALSE,0.075,TRUE,-3.99222189259547,0.00836659449088573,"SLC19A1","start"
"949","GT-AG",640,1311,1,0.549999999999999,FALSE,FALSE,0,FALSE,0.239789527279837,0.500000040097874,"SLC19A1","both"
"950","GT-AG",641,1312,56,57.6,TRUE,TRUE,0.201251251728032,TRUE,1.61947942134403,0.0354298198085664,"SPATC1L","both"
"951","GT-AG",642,1313,36,38.65,TRUE,TRUE,0.112382727555141,TRUE,3.73599424301431,0.046865733667307,"SPATC1L","both"
"952","GT-AG",642,1314,3,35.85,FALSE,FALSE,0.0692307692307692,TRUE,-5.13413172958723,0.0667772541026511,"SPATC1L","start"
"953","GT-AG",642,1315,1,90.7,FALSE,FALSE,0.00927835051546392,FALSE,-6.31059605565903,0.000332687770246122,"SPATC1L","end"
"954","GT-AG",643,1316,2,57.6,FALSE,FALSE,0.0347306260786393,FALSE,-5.31401954824017,0.00550985175576955,"SPATC1L","start"
"955","GT-AG",643,1317,1,57.6,FALSE,FALSE,0.0199904351984696,FALSE,-5.62290710876749,0.000358067785784967,"SPATC1L","start"
"956","GT-AG",643,1315,58,64.7,TRUE,TRUE,0.119428423152142,TRUE,1.73202449840908,0.000445476110934989,"SPATC1L","both"
"957","GT-AG",643,1318,1,57.6,FALSE,FALSE,0.0230769230769231,FALSE,-5.86454534519232,0.0013910479105992,"SPATC1L;LSS;AP001468.1_2","start"
"958","GT-AG",643,1319,1,57.6,FALSE,FALSE,0.0176470588235294,FALSE,-5.8651598147663,0.000877311498941314,"SPATC1L;LSS;AP001468.1_2","start"
"959","GT-AG",644,1320,4,4,FALSE,FALSE,0.773809523809524,TRUE,1.31904775994306,0.00917764041240758,"LSS","both"
"960","GT-AG",644,1321,1,4,FALSE,FALSE,0.773809523809524,TRUE,-1.31904775994306,0.00917764640316724,"LSS","start"
"961","GT-AG",645,1322,1,149.65,FALSE,FALSE,0.0075,FALSE,-6.61677769784469,0.000375809433246087,"MCM3AP","end"
"962","GT-AG",646,1322,160,172.75,TRUE,FALSE,0.0427246847176099,FALSE,2.25181542710681,7.30275141540701e-05,"MCM3AP","both"
"963","GT-AG",647,1323,1,95.5,FALSE,FALSE,0.0153682288496652,FALSE,-5.89529422348671,0.000310675592009696,"MCM3AP","end"
"964","GT-AG",648,1323,90,95.5,TRUE,TRUE,0.0649213993631979,TRUE,1.84147354139966,0.000271268192506474,"MCM3AP","both"
"965","GT-AG",648,1324,1,213.8,FALSE,FALSE,0.00620689655172414,FALSE,-7.09021086899146,0.000390916443317771,"MCM3AP","end"
"966","GT-AG",648,1325,1,233.5,FALSE,FALSE,0.0075,FALSE,-7.17548649681712,0.00157123816851867,"MCM3AP","end"
"967","GT-AG",649,1326,1,142.15,FALSE,FALSE,0.00833333333333333,FALSE,-6.72430713181347,0.000428464276738228,"MCM3AP","start"
"968","GT-AG",649,1324,135,145.8,TRUE,TRUE,0.0961416673006669,TRUE,2.4049939765871,0.00689918204561018,"MCM3AP","both"
"969","GT-AG",649,1325,1,301.85,FALSE,FALSE,0.00391708701134931,FALSE,-7.21953290126721,8.18628149568361e-05,"MCM3AP","end"
"970","GT-AG",650,1325,157,166.55,TRUE,TRUE,0.0773983738353119,TRUE,2.51637697906049,0.00394025630015539,"MCM3AP","both"
"971","GT-AG",651,1325,1,160.3,FALSE,FALSE,0.00927835051546392,FALSE,-6.80014327252961,0.000799347281530367,"MCM3AP","end"
"972","GT-AG",652,1327,94,99.25,TRUE,TRUE,0.0728448346420237,TRUE,1.83387770997523,0.000132174780524274,"MCM3AP","both"
"973","GT-AG",653,1328,19,18.65,FALSE,FALSE,0.109285714285714,TRUE,3.99257476365394,0.000786683638245564,"MCM3AP","both"
"974","GT-AG",653,1329,1,79.05,FALSE,FALSE,0.0140625,FALSE,-5.9802686393032,0.00081814442937949,"MCM3AP;AP001469.3","end"
"975","GT-AG",654,1328,1,18.1,FALSE,FALSE,0.114285714285714,TRUE,-4.23236429093377,0.00391999333461455,"MCM3AP","end"
"976","GT-AG",655,1329,69,77.25,TRUE,TRUE,0.136828661457506,TRUE,1.46398886931437,0.000215838936213901,"MCM3AP;AP001469.3","both"
"977","GT-AG",656,1329,1,64.05,FALSE,FALSE,0.0155172413793103,FALSE,-5.72806127722358,0.000534904922140464,"MCM3AP;AP001469.3","end"
"978","GT-AG",657,1330,94,89.45,TRUE,TRUE,0.0539534658012549,TRUE,2.71561244225615,0.000113620638337974,"MCM3AP","both"
"979","GC-AG",657,1331,2,85.45,FALSE,FALSE,0.0304545454545455,FALSE,-5.77210260161048,0.00546912919675032,"MCM3AP","start"
"980","GT-AG",658,1332,77,63.05,TRUE,TRUE,0.0549790252299101,TRUE,3.97442740860666,0.0087092794541167,"MCM3AP","both"
"981","GT-AG",659,1333,1,0.549999999999999,FALSE,FALSE,0,FALSE,0.239789527279837,0.499999999997727,"S100B","both"
"982","GT-AG",660,1334,1,0.549999999999999,FALSE,FALSE,0,FALSE,0.239789527279837,0.499999943136996,"S100B","both"
