"","HG00096","HG00103","HG00106","HG00111","HG00116","HG00126","HG00132","HG00149","HG00150","HG00176"
"1",0.576431096772676,0.329318531994675,0.438000752562467,0.610595057458724,0.818143615823545,0.533141283165113,0.654384841373322,0.507989463207253,0.519059888336333,0.554112976256235
"2",0.554820249251631,0.650479129672163,0.605766888656688,0.541191363126006,0.438000752562467,0.569184507585264,0.525376785213236,0.57511124196839,0.574654202751858,0.556618451727833
"3",0.518988682384577,0.564348039173733,0.432912991482394,0.520547709310651,0.475230420986204,0.407917996535454,0.629078012959001,0.258865528418841,0.411720932441124,0.232763669487991
"4",0.481011317615423,0.435651960826268,0.567087008517606,0.479452290689349,0.524769579013795,0.592082003464546,0.370921987040999,0.741134471581158,0.588279067558876,0.767236330512008
"5",0.583036720804025,0.561369905786731,0.541191363126006,0.588118993763909,0.610595057458724,0.547113725413685,0.623287609765904,0.497484712187347,0.546276384985295,0.494163673871627
"6",0.630698033916443,0.622524344227409,0.609131853069417,0.633023667456619,0.641659464351649,0.610929378413708,0.652404355538116,0.582847948999656,0.610685198864949,0.580137621452897
"7",0.500255368587909,0.473322982472679,0.441610759711232,0.507136979651486,0.535706488473137,0.448256001562967,0.559371835233421,0.378790135956236,0.447326547795936,0.37338189173191
"8",0.314691762035053,0.339903255996503,0.435164264702503,0.304389556631201,0.278338916893565,0.433157629272123,0.207991784737984,0.611497912848109,0.433315464055095,0.632413944829657
"9",0.311961621562185,0.325165653462633,0.361538080331127,0.307286574119892,0.29339078358438,0.35961232151707,0.263576345452531,0.431566966566829,0.359842684049911,0.440066393785433
"10",0.467572132610141,0.476793041135055,0.515880979743169,0.463233669253304,0.453000285938423,0.515724068158018,0.415675866258347,0.583568628497236,0.515693544816772,0.592069620380408
"11",0.819809187303917,0.849280646036206,0.747548992551063,0.821143782503995,0.787899235370744,0.723852303534485,0.888204769354997,0.532520939766586,0.727575692459592,0.489865777404035
"12",0.791783542932973,0.634951758117755,0.813667276437596,0.802855394641839,0.900542873806039,0.859412012660002,0.719073636870333,0.932024686000376,0.853206753812702,0.947701404353176
"13",0.802084624561509,0.800830816951962,0.855111673968811,0.797941880868281,0.798204403599439,0.8590327668025,0.7242878150131,0.916908674753651,0.85840130417832,0.923740233865429
"14",0.754888265070646,0.596906008256609,0.754112209400901,0.76825742779477,0.875318299908333,0.806179824646811,0.712509267834217,0.877888147886846,0.798964276325967,0.900372398914733
"15",0.969627464603314,0.989302191281606,0.966156003710596,0.966585497707267,0.906952630568333,0.947845129663487,0.980433033850365,0.872229005897885,0.951088786048276,0.826359999535629
"16",0.0141348288538695,0.0130096726490692,0.0125482184590824,0.0143735292187905,0.0156784505432167,0.0128720228063107,0.0157977043656022,0.0113754106042747,0.0128248092416623,0.0113446091406312
"17",0.013481092349531,0.00587202966203998,0.0187188700562596,0.0143074985520199,0.032961336651635,0.0270028884697111,0.00717568404256205,0.0810251321261609,0.0255596776568549,0.110587893696473
"18",0.0219946862183777,0.0113754188816775,0.0171575815106018,0.0239017625359743,0.0465899242226853,0.0221349599322413,0.0239532973237226,0.0246615707005766,0.0213157304788783,0.0285153755847713
"19",0.145130187742696,0.134831791882061,0.104754453341602,0.14952543342867,0.161885176925646,0.105432058924333,0.202232734937561,0.065647815967932,0.105369718043409,0.0618883521142109
"20",0.121263918853543,0.0900458614013258,0.151670997296051,0.122863533162009,0.163926478678343,0.173183202276317,0.0848352072372978,0.287659880886038,0.169779908762177,0.323026642589886
"21",0.243632642817097,0.57512633885299,0.379675210385514,0.210447081775608,0.0570993361524079,0.26116908456519,0.192505588777008,0.245693864847682,0.27716671780703,0.195088459567804
"22",0.345857106518776,0.0386318182251278,0.146635101582345,0.425703763569674,0.913737748750091,0.315683533954022,0.467645561324476,0.358348895551094,0.284949386401778,0.488710990980264
"23",0.212903601375961,0.832125465483329,0.447921052985623,0.157521992470714,0.00923631272014415,0.208071916305767,0.156369171136108,0.139656520892522,0.236985678925378,0.0783020759954612
"24",0.813942230012426,0.632883194044393,0.553273041081774,0.840061389677575,0.933044241970397,0.62371981897515,0.933446697190696,0.317813315763718,0.61377544343806,0.315129448459767
"25",0.134596094033192,0.324372917231381,0.370738385279999,0.112210164155315,0.0374689538419604,0.289710549586965,0.0453572298491423,0.582637636943641,0.300838170411912,0.574787392822244
"26",0.114890375783701,0.317825261866249,0.157535563039127,0.100141980080168,0.0289938717925315,0.101458888963714,0.111757356058376,0.0706557094139388,0.108502947939361,0.0526712119301934
"27",0.460429134095932,0.261989681084516,0.415172897613957,0.485577011132478,0.69931301293272,0.502162937551381,0.446821990333557,0.594870749558924,0.489089289552973,0.649068663574537
"28",0.750196234596998,0.452845849356325,0.639890865208267,0.780057654972471,0.93057122065321,0.744912150688107,0.787635991279184,0.773059529840188,0.730663078737609,0.818087740409872
"29",0.539570865904068,0.738010318915484,0.584827102386043,0.514422988867522,0.30068698706728,0.497837062448619,0.553178009666443,0.405129250441076,0.510910710447027,0.350931336425463
"30",0.554820249251631,0.650479129672163,0.605766888656688,0.541191363126006,0.438000752562467,0.569184507585264,0.525376785213236,0.57511124196839,0.574654202751858,0.556618451727833
"31",0.368790122762459,0.235058398294906,0.283455164453829,0.390462506839139,0.554694322702179,0.334137417073714,0.429238438846501,0.307152442745512,0.326370019962828,0.330491140817739
"32",0.557789355944816,0.640254631168121,0.518345929721433,0.55205647261669,0.464801699762828,0.479479479654208,0.626847493863878,0.356456528967372,0.485329097100828,0.323628102465736
"33",0.618371273152981,0.749670029641004,0.699780741592832,0.597560042648518,0.440230830721263,0.649806663673536,0.562627576271763,0.673120047604833,0.657432544993651,0.649617768438729
"34",0.534547280990966,0.661068579247365,0.547752287105563,0.520384665061403,0.386514092291837,0.493757400860382,0.559226577386781,0.415241829884116,0.501835065258501,0.378548771547542
"35",0.465452719009035,0.338931420752635,0.452247712894437,0.479615334938597,0.613485907708163,0.506242599139618,0.440773422613219,0.584758170115884,0.498164934741499,0.621451228452458
"36",0.692060197912084,0.802306950572204,0.739636244016746,0.675669216683026,0.531059353398749,0.693343721220334,0.672658824516039,0.675963288506751,0.700495645939084,0.647114088833866
"37",0.688993255466256,0.667787215815072,0.579753235879044,0.698207801316189,0.720412635647895,0.580800202747779,0.787382927784072,0.415535077414119,0.580772606489557,0.39532920660182
"38",0.378616287002511,0.440568294760148,0.390579042303124,0.371751069410987,0.312501413894658,0.366353716010777,0.383292022236846,0.340095140269081,0.369922325592673,0.324934928394013
"39",0.621383712997489,0.559431705239852,0.609420957696876,0.628248930589013,0.687498586105342,0.633646283989223,0.616707977763154,0.659904859730919,0.630077674407327,0.675065071605987
"40",0.665738483022177,0.787647840489704,0.806513802062112,0.639746318155873,0.481132727423871,0.772930172766892,0.507606876079135,0.870977498607066,0.778058440080074,0.869072059631907
"41",0.551825869051265,0.550643937223879,0.659911085213718,0.543946619209085,0.54322656722058,0.668110385186713,0.421867489646009,0.804484421762303,0.666778188184838,0.82140068651465
"42",0.542613694534881,0.496322528780628,0.623862226639376,0.541322849637476,0.586632799564207,0.647687459262514,0.432962222863613,0.781302263238249,0.644083378405284,0.804145462897665
"43",0.603513541349769,0.70572251774045,0.669976239237657,0.587624881619254,0.470902888357586,0.631982123280641,0.556678604868156,0.656395652259734,0.637706274291215,0.639716536978607
"44",0.554820249251631,0.650479129672163,0.605766888656688,0.541191363126006,0.438000752562467,0.569184507585264,0.525376785213236,0.57511124196839,0.574654202751858,0.556618451727833
"45",0.55060212294361,0.576447376275014,0.574654202751858,0.546276384985295,0.519059888336333,0.565756053057465,0.530671940994243,0.583694274900906,0.567062147130332,0.581412654679463
"46",0.58869561112194,0.784012721446031,0.650479129672163,0.561369905786731,0.329318531994676,0.563050832831823,0.584097773468916,0.490100991972854,0.576447376275014,0.433333527135218
"47",0.00252807675386813,0.00195493151981457,0.0018918987779327,0.00264791027372656,0.00346233156415953,0.00205967290460173,0.0032602618681321,0.00158973599678795,0.00203434022632569,0.00160685908344791
"48",0.00263233080516241,0.00182918482330956,0.00226198856753849,0.00275955962491042,0.00401558180068938,0.0026019173635987,0.00280502196353237,0.00270290395690625,0.002548471325884,0.00292091497083547
"49",0.228907608918325,0.227596088433554,0.241851718975468,0.228138814139674,0.229266887209049,0.243431971396972,0.21428988597068,0.265840342845362,0.243180523455446,0.269703372506462
"50",0.421404249204957,0.411979031646699,0.426561224979236,0.421985914555256,0.431616966413181,0.430912810601416,0.412657173457422,0.446263187643572,0.430255870396567,0.450533977692438
"51",0.00337392196000423,0.00290263840915421,0.00487062876810859,0.00333696252242718,0.00386841111419336,0.00533241426235989,0.00211430317895489,0.0105819442548823,0.00525856043372447,0.0121091931603798
"52",0.0123921993361843,0.0177578812624035,0.00720947619916044,0.0124196796533035,0.00865623585591516,0.00594611951605418,0.0255766918808909,0.0019257885343425,0.00612365520290219,0.00150548882291143
"53",0.00451043534973131,0.00803208232865046,0.00648977680758129,0.00414804007399584,0.00227819618834866,0.00524663601345704,0.00353894855345678,0.00598863624575186,0.00541396632665709,0.00545489464410098
"54",0.00106853495204055,0.000374551771295602,0.000607987685237869,0.00123522475933859,0.00364475681103722,0.000901176550174572,0.00148449622495605,0.000824292005775562,0.000850234995788275,0.00099955250330069
"55",0.00536083650333575,0.00261925951121489,0.00444136657409257,0.00583619104139043,0.0121531499539186,0.0058975902090785,0.00535469853616054,0.00754516688123169,0.00565416385438278,0.00901963456072736
"56",0.00759838955549555,0.00163885239572777,0.0027228571593687,0.00952040154316272,0.0452468839336647,0.00476971375752045,0.0154218297371964,0.00305263328918554,0.00439168805295521,0.00385559283014619
"57",0.928925171047451,0.887399137861595,0.926769049902116,0.932342869852285,0.9585953482304,0.939706298253627,0.920841823056254,0.955997434213209,0.937920341819381,0.961928601422558
"58",0.00100127963318146,0.000953623371654689,0.00133259249846378,0.000985967846056999,0.00103141231909319,0.00138995880441337,0.000710715718046913,0.00225433104861387,0.00138078867810166,0.00245238271168236
"59",0.000537189822714047,0.000559598158333202,0.000576972111540351,0.000532288996513521,0.000509836088194092,0.000570338932099949,0.000501095522130949,0.000618344568184836,0.000571279970726483,0.000621084854370247
"60",0.000501619044882411,0.000547600267433342,0.000554153232441132,0.000493728427338699,0.000450525299907251,0.000538356026313299,0.000459523796051226,0.000588719111398607,0.000540628249515112,0.000586674839083541
"61",0.944048013982779,0.909145283908801,0.920636848044364,0.948073687770491,0.969120698519105,0.933393448428091,0.956768091972442,0.920504383296998,0.931642157005001,0.925719742070016
"62",0.00122275152495208,0.00134273248364614,0.00121149702066003,0.00121213595810984,0.00110145064768598,0.00116434116414069,0.00127137070096198,0.00106918517662424,0.00117128365806458,0.00103591284721059
"63",0.918872836339947,0.933093191253564,0.919801701752189,0.917238132366306,0.899528725490556,0.913246753917594,0.922432162067434,0.901692691497854,0.914255416339509,0.89603280130032
"64",0.000878134846669636,0.000937355254707224,0.000971587302695934,0.000866172327341428,0.000808741999097558,0.000952867694381692,0.00079758157202869,0.00106237812970503,0.000955534795305552,0.0010665651481825
"65",0.0311626936431869,0.0189550313084003,0.0284524157581852,0.032952893235055,0.0544045882625332,0.0347061218437345,0.0297748444348988,0.0436572771021302,0.0336967769099864,0.0497629345443923
"66",0.952209099713083,0.887174834990943,0.944194274257101,0.956755588748677,0.982910754061832,0.960956492953298,0.94772437198966,0.974683980155318,0.95880661629048,0.980217539991743
"67",0.00214547522957986,0.000749068010482591,0.0026130361547095,0.00235058833116909,0.00686415108972231,0.00410840875262478,0.0012436655884457,0.0123126657467735,0.00383902906010748,0.0178741571877727
"68",0.945103797294947,0.917062975387853,0.942020365158504,0.947564384686329,0.966069914977671,0.95110465195484,0.941476158057712,0.96129065713449,0.949841146322407,0.965681835653959
"69",0.000924519335975353,0.000953402163046191,0.000869179337573943,0.00092572216691822,0.000897948658996637,0.000854072780666226,0.00100164244349265,0.000757645102233881,0.000856373131813825,0.000739264718220178
"70",0.000499014339784295,0.000561679420683971,0.000549586527515875,0.000489768610156202,0.000433142744420774,0.000527035002878422,0.00046302580440687,0.000560463337499465,0.000530288999663633,0.000552771195210316
"71",0.00396957609752037,0.0223041383799453,0.00640567364636839,0.003223651015299,0.000536553209030166,0.00322321021879675,0.0038811969989537,0.00183042542463016,0.00357023649617371,0.0011897996012267
"72",0.000648959572821967,0.00058879210019408,0.000944942312037232,0.00063806383902039,0.000700418729148789,0.00101267582172681,0.000409425276863992,0.0019607816880672,0.00100183048390682,0.00221316930887549
"73",0.82073614674136,0.753596966309596,0.771546869575989,0.82967884884505,0.880999974075973,0.796063910224935,0.851700831074828,0.766945274792283,0.792583262643163,0.776311225903602
"74",0.0100147663864264,0.0215091707081457,0.0106837012331171,0.00923019334912115,0.00418404221123511,0.00779389460697191,0.0117368224378769,0.00481437469277027,0.00816997911748775,0.00383744102814235
"75",0.0239811687979799,0.008292641164803,0.0190767452213585,0.0270760332467693,0.0777495111068537,0.0290597966451719,0.0226455587055445,0.0448111415246294,0.0273026380490194,0.0585440457884831
"76",0.00486886782823959,0.0124866745284317,0.0065214949179831,0.00433807077737711,0.00163606164483676,0.00450002950530206,0.00463629218879462,0.00347883333442659,0.00475530948787732,0.00277427394600124
"77",0.00193057328392065,0.00153400392467554,0.00173230386417399,0.00199079420563914,0.00252401661681483,0.00189069251495947,0.00203884476634641,0.00189903381836732,0.001866354883738,0.0019883997050224
"78",0.000591390301331485,0.000241100744183692,0.000546841814104142,0.000650593855991224,0.00163256496142997,0.000789842768028526,0.000492875094589772,0.0013767766954058,0.000747675098295769,0.00178979615990575
"79",0.478071312496219,0.447799237369034,0.433381423404618,0.484311855781849,0.516270565317294,0.442477576719759,0.52051268003495,0.396287179482678,0.441164967028107,0.395018939152252
"80",0.00150869851522939,0.0055425215446696,0.00227960409758574,0.00128579875446705,0.000335520556275125,0.00136726093377993,0.00139495000606805,0.000973186771215665,0.00147519078778415,0.000714121391665942
"81",0.414115318800865,0.401880000572379,0.430746858317384,0.414172261042162,0.426533478251677,0.437210278799707,0.39161304811275,0.473133261299352,0.436224002993462,0.481205171686479
"82",0.00119790102340052,0.00191850892505736,0.00214995135807706,0.00109619030543335,0.000669608727377153,0.00184786615944862,0.000706208894455513,0.00322864841861097,0.00188893643544871,0.00320746907761249
"83",0.152075695978401,0.0684985347610505,0.113562725755651,0.167252054938955,0.334926331655977,0.153270406778898,0.167579527822469,0.173491488090089,0.146731171323841,0.203832632621144
"84",0.00274777362698532,0.00399969064855753,0.00317879192770879,0.00261906374710903,0.00177752062541293,0.00274887601660027,0.00260526841431737,0.00259873854676571,0.00280878930707369,0.00239241523537493
"85",0.312052808487323,0.335201042656075,0.399507986615939,0.30399940039897,0.280239254470613,0.395964647183552,0.231868224221549,0.524149612259009,0.396391212967018,0.538906815879108
"86",0.627152075661033,0.770871130596208,0.776908128503275,0.59842970518606,0.419750857400601,0.733917689823281,0.473907551939184,0.835947905454512,0.740511392677092,0.83012551031173
"87",0.0116936018709137,0.0120318789659819,0.00477709500732513,0.0124218478289682,0.0122500246094445,0.0044071623086452,0.0325027627902164,0.00105539895493487,0.00446506810439617,0.000841372319919045
"88",0.907983519491356,0.799436348227686,0.891136322567018,0.916316307249866,0.965285688677547,0.921703586673515,0.902796940379781,0.945782887252945,0.917709303195592,0.956825815253176
"89",0.00171150868039467,0.00217454329758449,0.00195692238070044,0.00165511882749673,0.00129192640315361,0.00178937371833465,0.00157819517262492,0.00184102469174621,0.00181320533116204,0.00176388723571549
"90",0.928056628477159,0.931722952766563,0.925983427094843,0.92782537385641,0.923906652949314,0.924197494956634,0.931465514084484,0.917611866217443,0.924469333944591,0.915698147255574
"91",0.00158832733389905,0.00075497707043308,0.000984004949622517,0.00177022998725977,0.00381960706832331,0.00129315842956286,0.00219496844244523,0.00107322729839766,0.00124208235074217,0.00120739515780176
"92",0.01092785981325,0.00231065183121787,0.00777997166056988,0.013065745137684,0.061926058717725,0.0144323096197104,0.0100915798734384,0.0271600545542356,0.0131676775337501,0.0402743716197674
"93",0.00163704392720594,0.00516910976146119,0.00200440352599598,0.00143788400897955,0.000439995642850031,0.00126005611084142,0.0018400685702335,0.000723739320333712,0.0013503129566867,0.000529347680259157
"94",0.00121944970010451,0.00374141478546943,0.00167259869742128,0.00106561353553465,0.000335431697460302,0.00107371230480339,0.00119268132590406,0.000753215845893335,0.00114687573290543,0.000571531378209728
"95",0.94040202926776,0.924164235502311,0.936784025122693,0.942079676087953,0.954989773817292,0.942606673430428,0.940046357886391,0.947643965667412,0.941773334956077,0.950819807420214
"96",0.00153609391404932,0.00158245554057562,0.00102024303424106,0.00157665209773886,0.00154010581895114,0.000976642331727746,0.00247757689991452,0.000503381591070012,0.000983488982133981,0.0004517565951716
"97",0.00100552818800759,0.00135166712332442,0.00116560445367144,0.000965981634077611,0.000711529137693181,0.00104215776527087,0.000928464041757655,0.00104978033804655,0.00105956934458302,0.000991433353933151
"98",0.911284119812596,0.874434563800736,0.90294749603498,0.914929990059736,0.941325471852172,0.91565676657363,0.910935499441946,0.925796437485073,0.913866663504393,0.932258569266466
"99",0.929638458126104,0.910960374181682,0.933515018917497,0.931018772346639,0.946008008323324,0.940091383064042,0.9193704435346,0.954421838618375,0.939144695510523,0.958378098779792
"100",0.00148116177554097,0.00159479310348923,0.00164540471364409,0.00145930021668761,0.00135041347171339,0.00160839201285605,0.00134259959769149,0.00179279095158336,0.00161368165470314,0.00179672171672042
"101",0.00146026022750626,0.00156168047048268,0.00115264363750185,0.00147502989705021,0.00138255066930672,0.00110075243593075,0.00195462503808759,0.00072260270008517,0.00110865104507152,0.000668227079372074
"102",0.00110916868553673,0.000348346603763336,0.000583258166498447,0.00130363823376635,0.00430842403234689,0.000899564490573195,0.00163145288529646,0.000790359134357516,0.000843763766240634,0.000973314846202064
"103",0.00148843364496496,0.00225680600164404,0.00136443831118032,0.00143647585246361,0.000938891453953323,0.00113952124849437,0.00186583905475439,0.000725758727793655,0.00117073750410945,0.000623550858397423
"104",0.927841623325145,0.899382336898578,0.92954254619795,0.930123938664673,0.950766957492944,0.938952574187943,0.917908947050732,0.954707276047505,0.937622977986645,0.959634198853837
"105",0.00102003240037832,0.000422719128605535,0.000624177569655968,0.00115359636649684,0.00286546024286992,0.000867668517639718,0.00137161322674738,0.000783519267406524,0.000826442126299144,0.000917470715330106
"106",0.000753962533609422,0.000828492604626387,0.00108530335383803,0.0007278083112322,0.000656682803518181,0.00107297976952454,0.000510806514773629,0.00176575236203874,0.00107437565225332,0.00187176997643324
"107",0.00182961178238332,0.00166999342854411,0.00211121298273261,0.00182774407121825,0.00200198502612638,0.00221712418952676,0.00151008436806257,0.00297107131525368,0.0022006103044495,0.00316468504790873
"108",0.00104336996070719,0.00123508993687355,0.000999224092285249,0.0010290406402174,0.00086632360004834,0.000928336660217424,0.00115395592898474,0.000763697658104451,0.000938649627895514,0.000716783489384228
"109",0.00092036107733402,0.00159431362275633,0.00122661718421879,0.000853478992303051,0.000483543194094861,0.000997319342354691,0.000782031506171121,0.00103144542010352,0.00102832485079549,0.000930388903087373
"110",0.576431096772676,0.329318531994676,0.438000752562467,0.610595057458724,0.818143615823545,0.533141283165113,0.654384841373322,0.507989463207253,0.519059888336333,0.554112976256234
"111",0.617284882703446,0.733502181588114,0.692440067173512,0.598888547789645,0.461965044926201,0.648949030497707,0.564037022353548,0.675206428715657,0.655547898902148,0.655799224214725
"112",0.789218218833159,0.86596114523716,0.816351594882817,0.77788801873573,0.666315674299991,0.782059571287308,0.78394561523677,0.756493469405103,0.787433214046206,0.731803385516022
"113",0.87119673906262,0.618962066334742,0.707346177993965,0.893547851047209,0.973573934837263,0.801878133024533,0.934584768346614,0.704232267574175,0.789541200357957,0.743978740726057
"114",0.840204862948258,0.752085818333916,0.833477409866743,0.847914696250485,0.907432334901342,0.862452373552239,0.824840394576277,0.897950908929151,0.85841440651219,0.911763597175846
"115",0.315662863706389,0.454444301106553,0.196483266937818,0.312614442679922,0.200590073468658,0.154056998010253,0.533300935059297,0.0413853998014806,0.15998117386922,0.0298503729212922
"116",0.429758777837422,0.589760494921973,0.740366593248496,0.391268532984388,0.244812955437314,0.706938312578222,0.166126864319714,0.922239231658636,0.711787866167811,0.9303286275437
"117",0.34356300129008,0.260723462003816,0.22251606747434,0.362375404405745,0.462503416856488,0.243652566784144,0.481303044489176,0.144529944700943,0.240531615749888,0.141851036648821
"118",0.715340623828243,0.427772770122105,0.545421675531253,0.749393599951339,0.912953858484065,0.652654009948167,0.802462992360296,0.596640826603268,0.637494478555422,0.644166743095374
"119",0.699226522431502,0.297763416031465,0.548793080830658,0.742697683415898,0.943456043064951,0.701634360501837,0.744724180251835,0.755617808380211,0.680760045803975,0.818527319094139
"120",0.842838878699607,0.635296436427076,0.785896433053513,0.860452002727178,0.951555069131818,0.850662401621377,0.854877154213324,0.880510694964037,0.84218061618063,0.905392811190206
"121",0.830256624026744,0.842805602244364,0.863066739476198,0.826389649410825,0.811814710468293,0.860822011487372,0.789923069939115,0.895595458571663,0.861125621898707,0.898586368427342
"122",0.833836675837109,0.53767109143479,0.770589690769586,0.856682810224853,0.964184494475655,0.856928566448195,0.836186352276308,0.906186236812454,0.846057300629415,0.932758698384216
"123",0.383597269270784,0.677797165575888,0.415719498027845,0.353015822031577,0.135170082343341,0.302063769375172,0.435711705331509,0.175216367533912,0.317923408817598,0.130222934547396
"124",0.616402730729216,0.322202834424112,0.584280501972155,0.646984177968423,0.864829917656659,0.697936230624828,0.564288294668492,0.824783632466088,0.682076591182402,0.869777065452604
"125",0.879422821741318,0.694004486236054,0.77813940953185,0.896222693998877,0.966600815448354,0.843627413686345,0.922191857220442,0.805947804515314,0.835059855235492,0.833926089682026
"126",0.817060208452669,0.574836467825578,0.797215273814953,0.835524641082093,0.945410836462201,0.864945924859832,0.782538388962509,0.928317892865137,0.85621320614548,0.948109336929105
"127",0.791991339711484,0.856761937413801,0.857871055053007,0.778857845875579,0.687476318482583,0.838184548332422,0.72020133272335,0.883266624483052,0.841192478713729,0.880083199349326
"128",0.877316488500201,0.748078618300426,0.819703600920818,0.889676374797905,0.952377792532031,0.863636073156304,0.902052910366594,0.858412233011762,0.857756656193288,0.877463951143216
"129",0.893718003716601,0.963019436764778,0.912794190150846,0.880852836428124,0.698175080739411,0.869222574970296,0.902115230992517,0.799258341113458,0.876721214823718,0.7464531750371
"130",0.893183292960604,0.594698385588231,0.840426438103653,0.91139587004246,0.984042310729122,0.913012832070817,0.8934216155562,0.949984063215283,0.904514926539615,0.967029972346089
"131",0.890101179886492,0.817501229304403,0.854529090810723,0.897880940152827,0.941926603722795,0.8800325553669,0.907256756179876,0.874168158367368,0.876520938002074,0.885608604536516
"132",0.866430924494257,0.833637134541654,0.901985362748258,0.86655008993963,0.89371629228045,0.913230891195736,0.800648850177588,0.956720897817633,0.911595951585014,0.963076188146344
"133",0.843114140579871,0.738552513882624,0.712639997634815,0.858258092748861,0.922232815151847,0.753438202923491,0.914790944149472,0.597248916981966,0.74775764391903,0.600883172815179
"134",0.766668712984843,0.795643131034928,0.782386557727038,0.762458954656992,0.72924767577968,0.771328019626792,0.757272601468427,0.773520637372966,0.772988185643305,0.767951895396025
"135",0.780357754607952,0.813005878005559,0.881433121382294,0.767655208476221,0.726232780229371,0.878509766927623,0.618248922260671,0.951676190527556,0.878862860285858,0.956693333826772
"136",0.57643873370441,0.626425890573224,0.54071191993155,0.573844273548881,0.521528512776717,0.516288372075817,0.63128758948844,0.42082832755582,0.51998736609065,0.396546189889835
"137",0.190535723174345,0.163319973995073,0.289467138310692,0.187441167064632,0.216813834562604,0.314735961471317,0.105977632540757,0.555110013930057,0.3107520379532,0.601690505441378
"138",0.704373133141964,0.711232502111123,0.66395854168828,0.706444622599625,0.700022712887207,0.657654665958771,0.748949370294496,0.582973657458982,0.658647593500695,0.569395646330442
"139",0.281859150658649,0.308186766320645,0.393195809710762,0.272191269663165,0.245661338308782,0.38975621206041,0.186651540571599,0.559694617362948,0.390136377245861,0.579619616293284
"140",0.716849295332675,0.700191776563341,0.532743652223213,0.729797318537877,0.748367962470897,0.525926797347791,0.860496251841839,0.252998318144248,0.527168604366727,0.222709348186011
"141",0.663152506208133,0.643620301545267,0.697622928223401,0.662566916083083,0.681444144745298,0.707662998316554,0.615210168146358,0.768055067907063,0.706137939351813,0.779495212714861
"142",0.501592966844406,0.490100991972853,0.57511124196839,0.497484712187346,0.507989463207253,0.58529214191028,0.413988401950266,0.699046569102739,0.583694274900906,0.716818517566843
"143",0.369833500637207,0.658722123342238,0.417802135263472,0.339291240208525,0.131280506456795,0.30738852515201,0.400688160311024,0.198111205195681,0.322840226616336,0.151459507967629
"144",0.273502566394608,0.624113812492375,0.324297505012805,0.241806970435494,0.0649255133081046,0.208549536818843,0.308862612085124,0.111435523899051,0.223682170285491,0.0770417384183186
"145",0.501179539881718,0.537303645860804,0.480865266948647,0.498997050870891,0.462334300734474,0.464286884633696,0.535407205448072,0.40619741522228,0.466783459863627,0.390605929604655
"146",0.482119489671808,0.551869454895848,0.489853558599522,0.474578569871867,0.403968505598389,0.461384762746026,0.49444461630987,0.421180850048427,0.465620133615172,0.401732025937553
"147",0.416903650003556,0.469014181003383,0.351865782987304,0.416508082980701,0.366098234884366,0.327403921403071,0.511107566749177,0.212418199078376,0.331073360100517,0.191046774494957
"148",0.497262823449594,0.791534381367113,0.649505122480681,0.452581201795994,0.170908593173953,0.526105218349893,0.419910415486178,0.517259614025201,0.544977764692166,0.44979329911035
"149",0.270112502252605,0.528889426555506,0.350518417187319,0.243794536842048,0.0931762984909602,0.259187617073512,0.251565519874163,0.214267001368562,0.271736828174797,0.174139532790792
"150",0.300920481676161,0.161586701345578,0.228479733479698,0.323904642844341,0.523437019354018,0.286841424010236,0.341275151683398,0.291528644373065,0.277656227699011,0.326053577217451
"151",0.546390552553441,0.7890402927623,0.530817138047978,0.519255029020116,0.252985225391865,0.412571287534027,0.646017810254316,0.212788721436417,0.429961144662705,0.157241145251402
"152",0.302301182448835,0.415518702648618,0.296177119519853,0.292372930420149,0.19929334435065,0.254630569004357,0.342379986257364,0.183292856090371,0.260596968540961,0.16021374261171
"153",0.649353270623226,0.430466332837294,0.607309369733315,0.672331113891563,0.837534489484067,0.68901995547237,0.634393464415165,0.767001957249346,0.677433509452728,0.806774963480332
"154",0.226416715930056,0.208963543833511,0.196108672531036,0.230505798413857,0.250248341309992,0.200686904989578,0.259065215326896,0.169481810709441,0.200030072275529,0.167828020102309
"155",0.534547280990966,0.661068579247365,0.547752287105563,0.520384665061403,0.386514092291837,0.493757400860382,0.559226577386781,0.415241829884116,0.501835065258501,0.378548771547542
"156",0.370176855484213,0.683422894513998,0.332727759741115,0.342967597406344,0.121292888995187,0.222634011533484,0.512911179729122,0.0764668058479562,0.237341162216086,0.0502436215764185
"157",0.581825332041522,0.58869561112194,0.554820249251631,0.583036720804025,0.576431096772676,0.549824230001124,0.614234192826804,0.501592966844406,0.55060212294361,0.492727702525239
"158",0.162584131905874,0.394036825270939,0.313510849647841,0.139324128531315,0.0441916217739418,0.227602896295933,0.0950318350898066,0.310379757183441,0.239147260971223,0.274645826009398
"159",0.837415868094126,0.605963174729061,0.686489150352159,0.860675871468685,0.955808378226058,0.772397103704067,0.904968164910193,0.689620242816559,0.760852739028776,0.725354173990602
"160",0.00104328175402522,0.00111537006923855,0.00101393946876424,0.00103842363360038,0.00097018496677648,0.000983958410595568,0.0011000476955486,0.00089465012099827,0.000988414443769227,0.000870069220589463
"161",0.0489150797069486,0.0182284466919325,0.0491446240800348,0.0538694551402969,0.139192239020704,0.073249970586971,0.036189274899471,0.14683774603832,0.0690543161258108,0.191747341819599
"162",0.0141639935008944,0.00485857723674948,0.0076672660361754,0.0164532228121287,0.048607775744567,0.0114200905714225,0.0206616639752636,0.00980785971090191,0.0107682962803222,0.0118238320301077
"163",0.0866671855928388,0.110376905176376,0.0595909558061666,0.086810349963584,0.0677984177160715,0.0520862776339369,0.140569322251849,0.0233034593032142,0.0531711308340859,0.0195086399707991
"164",0.0097645434586955,0.00633386624385738,0.00480460224651624,0.010720841890226,0.0168647657604242,0.00545256573902277,0.0192213736753979,0.00248969523632197,0.00535469983795408,0.00240309381863332
"165",0.000812809038516106,0.000457537652086988,0.000828371460666855,0.000859794842794238,0.00154812003720222,0.00105384828999216,0.000668143910407831,0.00167586966614237,0.00101658147920178,0.00201580275230291
"166",0.00224275714399581,0.0068154548329635,0.00249721183601627,0.00199077383899993,0.000634154911772086,0.00158314409603936,0.00277890948589812,0.000806253650494591,0.00169459465722718,0.000583112549272593
"167",0.0647765149092135,0.0515227348035007,0.0619249173153698,0.0664780900286581,0.0837612398355888,0.0678394796032868,0.0636614030979354,0.0750372640450228,0.066926562777607,0.079649674522087
"168",0.00193209307790268,0.00129448493547421,0.00120999162087805,0.00207904093791593,0.00315770016308337,0.00137949099910318,0.00292584714504319,0.000898129414441514,0.00135343042228586,0.000909624617095857
"169",0.00074770520180153,0.000485239299562469,0.000757120397804237,0.000780098459819308,0.00121442692617675,0.000907364029286246,0.000646486136207278,0.00128294864302217,0.000883130523271972,0.00147367683680629
"170",0.0483502094112771,0.0502321437797355,0.038341774312196,0.0489604489698001,0.0472662851640276,0.0370627755384247,0.0635945636601651,0.0249210528755411,0.0372610290506251,0.0232499898272006
"171",0.755207729670385,0.733157326355716,0.751978605540806,0.757573907760283,0.77875930729622,0.760629745229628,0.752387844878305,0.771459919235183,0.759353399305219,0.777081826627079
"172",0.00103859236902248,0.000644318429309289,0.000658564226708243,0.0011252492177786,0.0018490221221332,0.000775989414451126,0.00151506241453606,0.000546046862655144,0.000757575708757652,0.000568251179697597
"173",0.00350113421931143,0.00771957209658409,0.0060981503135906,0.00310895058978226,0.00136619974917918,0.00457678494308475,0.00235332396410837,0.00599113454020776,0.00477456064443058,0.00534446100939334
"174",0.000721599766168596,0.00038583276882852,0.000702159091498665,0.000769779283988071,0.00146215914780851,0.000909410112411342,0.000615828383746217,0.00139865789588809,0.00087495291803978,0.00169079661794258
"175",0.000910597789588939,0.000688018999621036,0.00075512491630249,0.000949048432431571,0.00126870292586794,0.000836585396876055,0.00103673389719154,0.000771627959322546,0.000824044971542153,0.000805338971048691
"176",0.000926172842124802,0.00094040992420907,0.000859481881612504,0.00092967737151033,0.00091643285585296,0.000849173020455375,0.00101373559701238,0.000746837994245289,0.000850777102860159,0.00072997940737498
"177",0.0154785194742333,0.0142127099737424,0.0112351040972988,0.0159694678315659,0.0175209304598452,0.0113608551085792,0.0217421994596852,0.00732977588678997,0.0113460390373297,0.0069664044910089
"178",0.0796649583248054,0.00974743959944618,0.0346788924137197,0.10277861196266,0.518941961577235,0.0767089046564555,0.1093418045725,0.0980473843353944,0.0683531634168887,0.148153685743772
"179",0.00934019351134733,0.0353994034080965,0.0124550908853063,0.0079957308240892,0.00198883121620948,0.0072680891459183,0.0100942365862335,0.0041120987971623,0.00787625222032684,0.00288324910376488
"180",0.0160288668052736,0.0142434477025476,0.013230365999764,0.0164414275126474,0.018611618987698,0.0136960720914226,0.0192609750004067,0.0110886820672581,0.0136283699859349,0.0109863192781087
"181",0.58869561112194,0.784012721446031,0.650479129672163,0.561369905786731,0.329318531994676,0.563050832831823,0.584097773468916,0.490100991972854,0.576447376275014,0.433333527135218
"182",0.942915487618825,0.949101019032766,0.954216401431333,0.941353761389384,0.933863092403554,0.952765168743019,0.92920250117945,0.96360255923366,0.952973199841613,0.964231706481519
"183",0.00407232474786662,0.00443625351805553,0.00311505374984924,0.00411505156135195,0.00378678690130431,0.00294484376168211,0.00568100588172911,0.00181417057211474,0.00297057383190532,0.00165514551997216
"184",0.0196534148219921,0.00570953259756235,0.0119642704578444,0.0230078636309279,0.0787792198066903,0.0192363633465884,0.0238801768449428,0.0224348573568397,0.0179323607330693,0.0292041407974711
"185",0.494320406187974,0.423636099020413,0.629526355968095,0.491648876438283,0.561995228973246,0.666238606116434,0.322266413552401,0.854643682521414,0.660726318906712,0.880213968312651
"186",0.0455267646260659,0.040545771502303,0.0368920100414194,0.0467454900080538,0.0527821348138129,0.0381072749874201,0.0558285257041688,0.0298895464988267,0.0379321479797786,0.0294591175885219
"187",0.0248700411715198,0.0523355824852172,0.0324371710143081,0.0226275472132188,0.0103337882944885,0.0242118692395725,0.0230166895141192,0.0207741572096101,0.0252901121770544,0.0174726000501947
"188",0.00289810239789544,0.00120529467399431,0.00197040596976339,0.00325177133264045,0.00801775824062578,0.00275676750095927,0.00345745229135572,0.00292657101381823,0.00262297732467635,0.00351042302167387
"189",0.614234192826804,0.584097773468916,0.525376785213236,0.623287609765905,0.654384841373322,0.531482949979849,0.699322999507739,0.413988401950266,0.530671940994243,0.402304040534297
"190",0.581825332041522,0.58869561112194,0.554820249251631,0.583036720804025,0.576431096772676,0.549824230001124,0.614234192826804,0.501592966844406,0.55060212294361,0.492727702525239
"191",0.581825332041522,0.58869561112194,0.554820249251631,0.583036720804025,0.576431096772676,0.549824230001124,0.614234192826804,0.501592966844406,0.55060212294361,0.492727702525239
"192",0.492727702525239,0.433333527135218,0.556618451727834,0.494163673871626,0.554112976256234,0.585813404673625,0.402304040534296,0.716818517566844,0.581412654679463,0.74378273999264
"193",0.501592966844406,0.490100991972853,0.57511124196839,0.497484712187346,0.507989463207253,0.58529214191028,0.413988401950266,0.699046569102739,0.583694274900906,0.716818517566843
"194",0.977368783948376,0.969829534649922,0.963763859260497,0.978741682290436,0.984332266970212,0.966648795354135,0.985684555292002,0.944380015227961,0.966249769377131,0.943086573792787
"195",0.00322896076490606,0.00500436454114395,0.00452473707252549,0.0030170078664118,0.00191329276560742,0.00386842464108502,0.00250378896954874,0.00470667442835483,0.00395864461491955,0.00445018627802619
"196",0.00254838754480976,0.00278541674690384,0.00419284473685559,0.00243799759831093,0.00220665941619729,0.00419716600420762,0.00147781731721486,0.00853217400901705,0.00419418793890628,0.00935240441594475
"197",0.491836174686674,0.899553973513581,0.718624268999601,0.419606367038526,0.0678233089818577,0.521235385325814,0.384403917690366,0.479965629358096,0.552644339728623,0.367219212393069
"198",0.508163825313326,0.100446026486419,0.281375731000399,0.580393632961474,0.932176691018142,0.478764614674186,0.615596082309634,0.520034370641904,0.447355660271377,0.632780787606931
"199",0.0129798576588054,0.00568502876641276,0.00682951034852448,0.0147472721739242,0.0343122544098012,0.00917332003363337,0.0210371418849192,0.00626636539339453,0.00878425155509632,0.00695437617570615
"200",0.00964535688631095,0.0103330750922681,0.0112939496891083,0.00947222819354543,0.00880244609650059,0.0111079720284943,0.00821627576667944,0.013490723148895,0.0111336160350127,0.0137142918817369
"201",0.952816482419151,0.977420140650861,0.960737952608159,0.948601145338536,0.893867460858003,0.947574170538876,0.953305022768965,0.932027191484343,0.949768376187032,0.918739318567251
"202",0.00475587805239053,0.00633645231080606,0.00769040267037889,0.00446579993521408,0.00329931563276347,0.00708057776249376,0.00298626547145743,0.0120649718664431,0.00716473975573225,0.0123811375659739
"203",0.011509418939719,0.0154281775234356,0.0117344329882127,0.0111604909742973,0.00825386229548856,0.0103984559261347,0.0123044075641576,0.00858079241873605,0.0105879143165233,0.00785992696524722
"204",0.00969054578822783,0.0126011397126371,0.00831327766643146,0.00954178679077894,0.00730445888189608,0.0073622169995581,0.012506726418751,0.00474105059105102,0.0074984797624858,0.00420431251792444
"205",0.895877864026806,0.483640277994901,0.795817749166617,0.919129689010956,0.991131450886864,0.902351949901779,0.915909119537064,0.934768627427565,0.890463054034918,0.959579038855348
"206",0.00904689093376225,0.0130169724452257,0.0082161148093583,0.00878232504465093,0.00605130963789018,0.00700526799286563,0.0112814335157845,0.00456763651407179,0.00717508194700986,0.00397766508016381
"207",0.90146196153737,0.892973023474853,0.929952591853215,0.89992266993032,0.907572085789393,0.934182530568049,0.853023706374346,0.964592361111014,0.933539883569259,0.968433362071913
"208",0.986774480955777,0.972157407409919,0.981783164796628,0.988007866688762,0.994486417673311,0.98632577868219,0.988514405577157,0.987182548326403,0.98573069842793,0.989054487212759
"209",0.00739723515150127,0.00607597703918765,0.0051872407657091,0.0077365589988837,0.00951854284787013,0.00548013883624626,0.0104601549183623,0.00364840832505965,0.00543749118512997,0.00356202231662816
"210",0.893044366472162,0.583033333573217,0.857684319423237,0.910873952851936,0.984644756536547,0.925231769139995,0.875913047455437,0.966338406667685,0.917471094732605,0.978942949938636
"211",0.00841643919389154,0.00666431515910359,0.00486178665123654,0.00895675759576939,0.0114764174157275,0.00513911037994604,0.0146742885008763,0.0025947727030532,0.0050998080256027,0.00244515547361588
"212",0.576431096772676,0.329318531994676,0.438000752562467,0.610595057458724,0.818143615823545,0.533141283165113,0.654384841373322,0.507989463207253,0.519059888336333,0.554112976256234
"213",0.458883986010304,0.227096466875644,0.362489292135528,0.492426877401639,0.743175421235445,0.46167519918533,0.493060920810877,0.505708625334997,0.446558613538795,0.564381623326747
"214",0.541116013989696,0.772903533124356,0.637510707864472,0.507573122598362,0.256824578764555,0.53832480081467,0.506939079189123,0.494291374665003,0.553441386461205,0.435618376673253
"215",0.492727702525239,0.433333527135218,0.556618451727834,0.494163673871626,0.554112976256234,0.585813404673625,0.402304040534296,0.716818517566844,0.581412654679463,0.74378273999264
"216",0.680177026379696,0.66862982008696,0.609372838504156,0.68607920662181,0.698685915967532,0.608949452899273,0.749153962947312,0.499507231380682,0.609095195724984,0.484933942066387
"217",0.745173352110757,0.604728274490329,0.720917001129632,0.758912090920301,0.859674851370025,0.770191614684071,0.734744752118677,0.818371752461884,0.763255524372783,0.842734411476041
"218",0.583036720804025,0.561369905786731,0.541191363126006,0.588118993763909,0.610595057458724,0.547113725413685,0.623287609765905,0.497484712187345,0.546276384985295,0.494163673871626
"219",0.579099690772431,0.759395706279155,0.521945796170702,0.562750014824956,0.355627669203895,0.431509103924294,0.697642478197874,0.220080294399259,0.444949554168382,0.170571372136728
"220",0.348141560226793,0.392193675692628,0.540272634734546,0.331336908208741,0.287116857193451,0.535673510719706,0.186264704085359,0.774384787940104,0.536142247280626,0.79645447237074
"221",0.516378816386908,0.238792406684079,0.252853276784554,0.567039926891269,0.824106423674635,0.340504575064307,0.733412567755898,0.177760558515905,0.326754136143949,0.193942674067781
"222",0.895156061199342,0.916130063487601,0.858039900655088,0.895141404110077,0.869650549236057,0.841586431690517,0.9318484081656,0.719825731923097,0.844191511129118,0.686303628968661
"223",0.884724595784132,0.969307453571142,0.926489718078835,0.865419519488475,0.59945352084578,0.878960391021653,0.869663436624116,0.844033506735765,0.887402852626133,0.796468318556116
"224",0.115275404215868,0.0306925464288582,0.0735102819211648,0.134580480511525,0.40054647915422,0.121039608978347,0.130336563375884,0.155966493264234,0.112597147373867,0.203531681443884
"225",0.972317070435383,0.975214195476249,0.97313923718351,0.971949447724585,0.968582099263238,0.971939804926531,0.972286740853685,0.970902250818003,0.972121405454672,0.970096576660155
"226",0.985506381926228,0.985328891142837,0.985070933639669,0.985554436980374,0.985740747559569,0.985112775340515,0.985938615629508,0.984550534498718,0.98510702080578,0.984499089467155
"227",0.985186978391789,0.980400089369771,0.983517828964698,0.985706580638962,0.9893058473021,0.985214888868031,0.9857317365014,0.985867640181812,0.984974406278114,0.986721911546785
"228",0.989967219620788,0.989159377149089,0.989628244983358,0.990068235183094,0.990831698892862,0.989932025452971,0.990112901291236,0.98999841145604,0.989887558982388,0.990160032548463
"229",0.969331651936412,0.862800960378053,0.956217081253955,0.974452535318608,0.995042887655784,0.976525223455239,0.967318421919341,0.987519800322073,0.974223417873884,0.991743953299679
"230",0.0143271990806146,0.0175872253171193,0.0128461072825064,0.014144577976421,0.011478604447978,0.0116928135564968,0.0172743457969858,0.00842951838273862,0.0118599147497637,0.00769368445574437
"231",0.986087805769759,0.971089213509786,0.972714627735345,0.987685203253999,0.994299387831555,0.978799269945195,0.992019883222502,0.965186143979741,0.977998799891574,0.967414216121713
"232",0.985365949624438,0.988478431949311,0.987308401381253,0.984859795413072,0.980629333058666,0.986131254666984,0.98397624176843,0.986701475042286,0.986311645292246,0.986150175380426
"233",0.984890100933313,0.991435807452233,0.987839311035377,0.983761882700031,0.971020374987508,0.984855712442928,0.983679349849794,0.983451178094961,0.985340163440154,0.981250166613062
"234",0.532832452234038,0.508332685956717,0.531350097301472,0.535384767596931,0.560323561366944,0.541407397780017,0.52711679406313,0.557481993208629,0.539907658674122,0.564715958253097
"235",0.00528245489338609,0.00967553564919822,0.00872796834468445,0.00479668770735024,0.00255205528639541,0.00704923514829665,0.00356458395077065,0.00977503378478911,0.00727403368757628,0.0091269432104978
"236",0.00410939709052435,0.00182739978026023,0.00259914285198028,0.00460344275321348,0.010604422676175,0.00351717439789289,0.00543402450309059,0.0031702894455426,0.00336347566148406,0.00365979930498754
"237",0.423581026220208,0.469611525888091,0.446373100607465,0.417427459613761,0.371474188339991,0.429011017306971,0.411453893373754,0.430015780512766,0.431570812706047,0.421190941745591
"238",0.938639623354489,0.903473786449622,0.93116427216533,0.941892597196626,0.964119046019114,0.942672744570628,0.938180914921516,0.951623203300012,0.941082796843144,0.957042029420676
"239",0.00221681423252872,0.00111547797158297,0.00159318508197,0.0024308729891255,0.00493425189441583,0.00206785362956991,0.00262917493576275,0.00207330657055998,0.00198954979217657,0.00237457504833132
"240",0.00494155992217364,0.00200897036665287,0.00208205511390597,0.00574813323580931,0.014585062162336,0.0028362242514155,0.010107939505387,0.00144860801691892,0.00271081500138051,0.00155974158760012
"241",0.859716229394375,0.82446555065234,0.833935163767675,0.864563165090448,0.893756850779621,0.846755206215039,0.876608225995522,0.83189415841875,0.844920928300089,0.836787806060064
"242",0.00289576235335017,0.00347829609029238,0.00339365785389368,0.00281121706195538,0.00232328619327435,0.00318256783886877,0.00255179529632391,0.00355075898439674,0.00321269891736706,0.00348318632974692
"243",0.00344029863415799,0.00535245370064501,0.00467024538513642,0.00322048039797656,0.0020352842110201,0.00397667454556692,0.00276999302419519,0.00459075500678731,0.00407203211834319,0.00430213314224821
"244",0.00381827082910386,0.00485741753242081,0.00388773773301376,0.00372249696429985,0.00290725889674345,0.00352145586053431,0.0040234620270459,0.00301881226232857,0.00357386557064362,0.00281109627105919
"245",0.00616348214946418,0.00693340477143812,0.00714986212325793,0.00602732232277547,0.00532839006183215,0.00688555317795906,0.0053867361221844,0.00794435221256139,0.00692328747392507,0.00793564773243878
"246",0.928300905605704,0.791289852255232,0.843955699776461,0.939678961361401,0.982348959780092,0.89405469164414,0.960444192839471,0.845080551972362,0.887685987123276,0.866598731899105
"247",0.0358245972933885,0.126274323734485,0.0698288268178716,0.02992681720273,0.00752202042075646,0.0430499363729821,0.0244245971941209,0.046144484412741,0.0462811634044705,0.0360818796071814
"248",0.0073676542838743,0.00695324105707937,0.00839910457293298,0.0073418497006252,0.00777282592141037,0.00869035421879768,0.00622818184469213,0.0111379935065576,0.0086449264038201,0.0117044557856759
"249",0.634237001622252,0.727052982937708,0.656947115441566,0.622551386972388,0.514710685703522,0.617390132010051,0.638010663481119,0.576667515826172,0.623391796119768,0.549427560698896
"250",0.461210127130338,0.272693516447863,0.420607524741059,0.484733048004844,0.687304029156369,0.502750839866906,0.446017185379839,0.593284142898259,0.490418279462945,0.644932643032788
"251",0.303429483903344,0.482487866454535,0.341080531945832,0.285062914681977,0.15419408744219,0.276423512045664,0.310417942233566,0.219616995607729,0.285558253658962,0.187696827410388
"252",0.43925327345142,0.405924538663005,0.425442399453456,0.443612992663426,0.47862699947657,0.438352481554345,0.444954022557309,0.44212953068897,0.436432432601348,0.449367179756233
"253",0.526617336745715,0.278967777109639,0.372957112762313,0.563850101504753,0.794070532582955,0.468179458713351,0.623506388926541,0.423627306119301,0.453791164768442,0.468140504072553
"254",0.473382663254285,0.721032222890362,0.627042887237687,0.436149898495247,0.205929467417045,0.531820541286649,0.376493611073459,0.576372693880699,0.546208835231558,0.531859495927447
"255",0.0888621217693688,0.0521177382567394,0.0737776994273842,0.0948475141537697,0.159069623932626,0.090561790191622,0.0937066307836956,0.100653612440084,0.0878686328914497,0.11314594499829
"256",0.223907151785663,0.088365963845718,0.177540820526487,0.247274153611586,0.502318414342752,0.249566932968371,0.224244684591961,0.325261231832372,0.237723816862098,0.387594667206061
"257",0.326991657969405,0.864150171170687,0.482886693024015,0.263895564089682,0.0247897997769469,0.251629689599992,0.33375496483818,0.117818061791576,0.28130756474239,0.0652117111788476
"258",0.0809921512522362,0.0495354266454183,0.0565811453154194,0.0871450146895262,0.141342973607142,0.0675829207852905,0.104633360481987,0.0557736222799464,0.0658469466890149,0.0596854214097363
"259",0.974024268360738,0.984367897393427,0.976187679289169,0.972508968278177,0.954058516926099,0.970810562948095,0.975378115319482,0.962736163216607,0.971680721801595,0.957327916575057
"260",0.972384786200723,0.983110987816211,0.958094058019395,0.971851061417903,0.95408996064824,0.947206028946905,0.985358918412963,0.861955246817792,0.949012193270557,0.82772933200193
"261",0.0137832656218263,0.00868665789174385,0.0215722452486777,0.0139803312242936,0.0221926594714707,0.0269818076155672,0.00713994960054216,0.0745159886461206,0.0260834595860424,0.0942552731286739
"262",0.972398560372864,0.9809136393664,0.954672351183226,0.972363555498381,0.960171336679879,0.945361886478777,0.986163106630228,0.85330681371704,0.946889123135989,0.820255670717228
"263",0.974390639735984,0.979331757557167,0.977610121123682,0.973586362233183,0.967071648814222,0.975769682759313,0.972009753214798,0.976908945716066,0.976050288619077,0.976091455393877
"264",0.0127507819769372,0.0110978488236512,0.0127016494168828,0.0129327129552111,0.0149064115374664,0.0134530228024275,0.0122796605103376,0.0148490047274361,0.0133380414265582,0.0154936498374109
"265",0.974307539612164,0.975653554935703,0.970749427879809,0.974405948970266,0.973017306152291,0.969792332354912,0.978230420124511,0.961531870945676,0.969941645597607,0.95965795066638
"266",0.596579704726489,0.288419448459929,0.421528519248554,0.639019979627808,0.87094583704696,0.542040601620154,0.692219313105833,0.510143409194462,0.524192489334573,0.568541229952799
"267",0.931300146519572,0.794946831595538,0.919342118282955,0.939603564031269,0.982537461421071,0.949867251423673,0.918796147860523,0.973843619813429,0.946133581163833,0.981442442696189
"268",0.964052387193441,0.840405722915687,0.941764588832444,0.970345416195858,0.994316723572668,0.9684061279382,0.966934018029336,0.979420894618407,0.965366087895831,0.98595603817498
"269",0.0111417963899189,0.0160673973360182,0.0166495077335117,0.0104367989870763,0.00711008578448679,0.0147444264640929,0.00784151661014979,0.0209227370408184,0.0150081807308962,0.0205544535668906
"270",0.974655617672621,0.948162550970268,0.968698422902556,0.976782998074588,0.989061551963336,0.976459959664209,0.97523765682099,0.981062005718548,0.975437974693824,0.984143996998037
"271",0.950375604393634,0.974977804438238,0.94853918476555,0.947047263522757,0.896309986409259,0.931840219847855,0.961270866228708,0.882707894901666,0.93462543010975,0.856459422774455
"272",0.0301923744615211,0.019462643110761,0.0343797419588102,0.0312510382052432,0.0485634691836256,0.0415844235649077,0.0227554144111021,0.0699595968903248,0.0404163766352972,0.0821367435972818
"273",0.913343955384404,0.871413447413699,0.875178095220215,0.918962859880259,0.94724138529231,0.890938036696448,0.936361688469309,0.857770435417628,0.888743586246806,0.862603843842676
"274",0.969689181640903,0.936260052565284,0.967030141286612,0.972066554040446,0.987240008570354,0.975784355567804,0.965411246404927,0.984466273876595,0.974639254828461,0.98753634464832
"275",0.965811171827789,0.915980390570016,0.94725819045587,0.969780599267141,0.988477495342229,0.962678969335729,0.972663773324614,0.963099144823017,0.960704560170688,0.969272262612019
"276",0.786180584086507,0.769100708161849,0.778743454717854,0.788357630088801,0.804874722601149,0.785191563972178,0.789548974073039,0.786267978503092,0.784244726378283,0.789686348442532
"277",0.195139447686589,0.236105571398133,0.20589259708964,0.190612267590569,0.154994242653024,0.190636720279434,0.194618016431277,0.17878874555795,0.192849305216026,0.170148442696678
"278",0.0152899452737948,0.00646002002367462,0.00860375953687048,0.0173499232565642,0.0416936830235027,0.0117885395266078,0.0227130679962096,0.00919140101198435,0.0112544396345709,0.0104823899271585
"279",0.0136468124988498,0.019509678934981,0.0219774394420798,0.012725607766052,0.0087324490442188,0.0196503814937424,0.00877871215921251,0.031487802970326,0.0199716104851227,0.0315809894259047
"280",0.502639986432697,0.328414967017738,0.451916722460644,0.524409192944134,0.699508419632171,0.523459440809308,0.505956876126096,0.580456529711708,0.512811879074648,0.623241927035973
"281",0.497360013567303,0.671585032982262,0.548083277539356,0.475590807055866,0.300491580367829,0.476540559190692,0.494043123873904,0.419543470288292,0.487188120925352,0.376758072964027
"282",0.0134370987109334,0.00662304084006238,0.00861557902484469,0.0148797608683176,0.0306746765734598,0.011180903080234,0.0180311955735562,0.00952038307343295,0.0107595005887411,0.0106757240220658
"283",0.986562901289067,0.993376959159938,0.991384420975155,0.985120239131682,0.96932532342654,0.988819096919766,0.981968804426444,0.990479616926567,0.989240499411259,0.989324275977934
"284",0.973731333391482,0.871145442038995,0.963261835582935,0.978284528599999,0.996155065571659,0.981088152122977,0.970513437974576,0.990934941417549,0.979107739530742,0.994203214939051
"285",0.986750398467171,0.981664531894682,0.987509376221419,0.987121890703446,0.990773306002254,0.98914541964522,0.984354813153315,0.99227307488408,0.988914334082242,0.993127189500343
"286",0.882418207483992,0.947612317031498,0.972548506176209,0.860235464475842,0.70874326738575,0.965096777365511,0.622974625036291,0.993826872704773,0.966266982721159,0.994403157544845
"287",0.117581792516008,0.052387682968502,0.0274514938237905,0.139764535524158,0.29125673261425,0.0349032226344887,0.377025374963709,0.00617312729522677,0.0337330172788412,0.00559684245515455
"288",0.988858203610081,0.983932602663982,0.983350492266488,0.989563201012924,0.992889914215513,0.985255573535907,0.99215848338985,0.979077262959182,0.984991819269104,0.979445546433109
"289",0.259907275784269,0.387793305917477,0.476276214431816,0.236299876737312,0.142616273483599,0.433409311133605,0.123581992480892,0.68437033273526,0.439507778844132,0.693922404149971
"290",0.740092724215731,0.612206694082523,0.523723785568184,0.763700123262688,0.857383726516401,0.566590688866395,0.876418007519108,0.31562966726474,0.560492221155868,0.306077595850029
"291",0.0164069024120958,0.0268056799533148,0.0254917628482396,0.0151321738927205,0.00903782180579163,0.0214969978389041,0.0114585436195388,0.0294898374725928,0.0220418353361137,0.0281254952479101
"292",0.983593097587904,0.973194320046685,0.97450823715176,0.98486782610728,0.990962178194208,0.978503002161096,0.988541456380461,0.970510162527407,0.977958164663886,0.97187450475209
"293",0.960486749658554,0.988847861982193,0.96945547915743,0.954446732979691,0.847067209306303,0.949734682211839,0.963641154393849,0.915085516969122,0.953296203461035,0.884489920257549
"294",0.977481523637047,0.943085362232376,0.965182800764375,0.980138983192026,0.992559282467378,0.975614856147717,0.981889088844464,0.976249040643414,0.974288112436499,0.98035432690803
"295",0.00362078224863517,0.00532106870664308,0.00472775768107783,0.00341831026222604,0.002292154873821,0.00411017194939245,0.00299615185610342,0.00466173651862731,0.00419585419956768,0.00440597291971959
"296",0.991322102675594,0.970396470840766,0.978493288943352,0.992815775749891,0.998021739922094,0.98617478225302,0.995573095997014,0.977506558277425,0.985242692414947,0.98094753196377
"297",0.950561012283623,0.981703242820447,0.985478492493721,0.940698897819996,0.844344081988715,0.979893341528106,0.860678298214498,0.993834329859063,0.980819154310862,0.993725580657236
"298",0.0494389877163772,0.0182967571795529,0.0145215075062792,0.059301102180004,0.155655918011285,0.0201066584718935,0.139321701785502,0.00616567014093733,0.0191808456891376,0.0062744193427636
"299",0.943750009855295,0.981832707393707,0.9609359448765,0.935579214767111,0.813162548279059,0.939612500519619,0.939110739328688,0.921180111616617,0.943359395400269,0.898783341931125
"300",0.00352976871915034,0.00543125830988543,0.00498725847338855,0.00329850403149548,0.00210692929849574,0.00427943351381844,0.00270519367190514,0.00530308826454307,0.00437681407204933,0.00503553770857892
"301",0.927597502723643,0.942477523553528,0.942549790305665,0.924712143127328,0.904814487175446,0.937853962684165,0.912238619302661,0.94857534520849,0.938562069545773,0.947715515020502
"302",0.974625683000073,0.992810766872474,0.992681874917484,0.968646657643944,0.890696421986448,0.988720720972616,0.9301593105245,0.995843340421328,0.989411042481538,0.995421984955703
"303",0.95368941821567,0.839061162541064,0.937800495024309,0.960254130989884,0.990023444757214,0.963087345817316,0.951014408931711,0.978392278119599,0.960073325635959,0.98476322309944
"304",0.937982863153461,0.961754044826874,0.946200961224108,0.934299380300717,0.893900112639127,0.935048225449784,0.936875056512198,0.925424072881166,0.936832622614716,0.916469158488566
"305",0.55060212294361,0.576447376275014,0.574654202751858,0.546276384985295,0.519059888336333,0.565756053057465,0.530671940994243,0.583694274900906,0.567062147130332,0.581412654679463
"306",0.596579704726489,0.288419448459929,0.421528519248554,0.639019979627808,0.87094583704696,0.542040601620154,0.692219313105833,0.510143409194462,0.524192489334573,0.568541229952799
"307",0.583036720804025,0.561369905786731,0.541191363126006,0.588118993763909,0.610595057458724,0.547113725413685,0.623287609765905,0.497484712187345,0.546276384985295,0.494163673871626
"308",0.00162073937602056,0.00206741427510598,0.00228608958121724,0.00154352722880231,0.0011956097341614,0.00212073813998889,0.00117584782097179,0.00302037037471155,0.00214384998444213,0.00304051532572968
"309",0.00138298653849436,0.000497540083050932,0.000846770836222996,0.00158627720213641,0.0045502496658393,0.00124852672198925,0.00178044560913104,0.00125575026942582,0.00117878281789452,0.00153725057111355
"310",0.810587615132973,0.810626942875056,0.816005486199086,0.810194464799267,0.810059999200071,0.816398586788518,0.804235965705902,0.824587410759795,0.816333891447755,0.825818335591388
"311",0.00143223556999521,0.00140520628471298,0.00139730090445273,0.00143748888237062,0.00146644470435372,0.00140577912818063,0.00146489341324681,0.00137215434569626,0.00140454732441385,0.00137217850650155
"312",0.939630299186462,0.910170592225561,0.905996450145948,0.943854206185674,0.963387340293484,0.917427050858608,0.959479285171125,0.878999718216452,0.91584390738359,0.881006930495009
"313",0.00128055557666066,0.00146636167479518,0.00118013884787725,0.00127063714662808,0.00110746571339148,0.00110842280683648,0.00146526339381052,0.000880472154245856,0.00111896140748013,0.000827323097315973
"314",0.000785459786159267,0.00134420913074014,0.00122332122764927,0.000721245480344518,0.000412659080015735,0.00101169857236341,0.000556079131255273,0.0013472975060381,0.00104032131701832,0.00126675417132262
"315",0.952362538849683,0.930517187280367,0.938138772464736,0.955001022030705,0.969831304033231,0.946077957467778,0.960485404242231,0.939098461255409,0.94497149437012,0.942388260097169
"316",0.954234512841738,0.954205534277575,0.957710228176633,0.953980617798816,0.95394826368995,0.957976360840276,0.949903597872653,0.962898698170546,0.957932962483883,0.963612008684745
"317",0.000380304732450498,0.000490469778401405,0.000440249625780229,0.000366904140348652,0.0002820043197767,0.000400437907884877,0.000347313480270867,0.000415329331069401,0.00040608532788501,0.00039725254528862
"318",0.0005506839797185,0.000706387312951476,0.000990006103668996,0.000515208784080532,0.000395183578614245,0.000933406763562316,0.000302985192885017,0.00193403332320079,0.000941040122332474,0.00206059772673095
"319",0.000657826730949687,0.000862198334145458,0.000904898126133679,0.000625906635021631,0.000471767030811167,0.000828408929256867,0.000495301078223236,0.00111157625470771,0.000839118711649825,0.00110281167322733
"320",0.962731590909467,0.949230452295392,0.946867924857202,0.9647825785212,0.97461641624374,0.951968146020508,0.972865048943065,0.934046024028003,0.951255684986295,0.934770797545895
"321",0.0136686801863439,0.0126289385392854,0.0163649528792249,0.0136021799504186,0.0147039820395338,0.0171451039071047,0.0108483141170994,0.0240729223385809,0.0170227902488673,0.0257553995726
"322",0.945211791053951,0.87681444528582,0.911053042600254,0.951368053575245,0.979957164796913,0.93434943948688,0.959977869083271,0.92481777596824,0.931305451633616,0.934725416198457
"323",0.96968625558122,0.919481743080624,0.944562857751146,0.973744063370798,0.99080085729924,0.961446923786395,0.97967781100822,0.953037439612913,0.959307461866994,0.960131607962136
"324",0.00230413489421742,0.00118054460606666,0.00144877536529351,0.00254607754888612,0.00508494588679542,0.0018474850908541,0.00320224236556708,0.00148263669578432,0.00178249002302509,0.00163503490683933
"325",0.00312019581759493,0.00389430425233855,0.00240127499040526,0.00310891511036408,0.00248814910269889,0.00214586797439851,0.0045049231892692,0.00120396678161637,0.00218288680693642,0.00105398804413509
"326",0.000668533706193724,0.000788288923012537,0.00111069219030863,0.00063430939968765,0.000531116444746862,0.00107805558757812,0.000392516870702629,0.00210433066427307,0.00108225852000152,0.00225862113501178
"327",0.00110897469443674,0.00118845452962557,0.00095249900852097,0.00111326704952923,0.0010397528447946,0.000914725336210802,0.00134831097879497,0.000684265100234597,0.00092043143364751,0.000645406576680156
"328",0.935427007436155,0.925028997753064,0.92580370770795,0.937019352431393,0.946183718193024,0.92952338450351,0.942445273191633,0.92182021638154,0.928989543027741,0.922846717960911
"329",0.000814253565040167,0.00111701537376287,0.00110852336667833,0.000771778412513722,0.000555239662087504,0.000994938517118888,0.000629052894453772,0.00126904324915263,0.00101079856235526,0.00123804897705709
"330",0.00074958553302159,0.000737092788448458,0.00125853078112504,0.000723724656106782,0.000729781575890183,0.00131855046082979,0.000411503439637299,0.00300026677442478,0.00130864282200031,0.00341705374660793
"331",0.917607755528706,0.917408654055712,0.937614114026825,0.916005117041393,0.915816965876445,0.939003459464066,0.887524313820193,0.961010737631437,0.938778395440722,0.963662147247909
"332",0.921452220227601,0.873059350508954,0.884640959006169,0.927297801229875,0.956903785663055,0.902653955241886,0.942019934452702,0.877187853058642,0.900173272169142,0.884014200185209
"333",0.000691692794537673,0.000760169133237825,0.000830086855902209,0.000676368678350888,0.000612093687954828,0.000809284127116412,0.000577404801513709,0.00100220386131136,0.000812194700626911,0.00101674385664134
"334",0.00176365883675966,0.000604550191858351,0.00078446594127518,0.0020792520152083,0.00629547202213581,0.00115184270562301,0.00322605651862685,0.00072897014793186,0.00108856612502671,0.000838879039791606
"335",0.91188768982356,0.882961190426828,0.893089404985798,0.915581635032859,0.937692572943538,0.903611092636641,0.923207026435488,0.894926951302821,0.902120456208379,0.899309939753539
"336",0.00106770218934253,0.00102311985848945,0.000900018570615859,0.00108535553952837,0.00113715920024224,0.000904268645034692,0.00128210577539519,0.000714916663985784,0.000903804606309086,0.000695269395124592
"337",0.00131585844708303,0.00114002905626603,0.00127464876172711,0.00133791592911371,0.00155051295190641,0.00134983559846987,0.0013066830589532,0.00143143978487067,0.00133836911611861,0.00148587373792128
"338",0.00240051624945456,0.00772675243959118,0.00417761768915131,0.00205227795014203,0.000611193260616777,0.00267658467043846,0.00181274528987126,0.00262674216846709,0.00285910799434693,0.00207911735746374
"339",0.864693603923536,0.859445986833584,0.871452217270396,0.864720597568215,0.869809310232332,0.873995467133987,0.854922712263467,0.887198816804324,0.873610784725605,0.889980620757361
"340",0.000945539769205646,0.000857583337427226,0.00121701757781325,0.000937873885179368,0.00103206387640797,0.00129220163617779,0.000687154904795175,0.00206393249580504,0.00128031422071726,0.00226162058201074
"341",0.000721705618390852,0.000625975858162018,0.000838264315121561,0.000724326102916672,0.000835859814813379,0.000899682161453222,0.000582142031205642,0.00126607023065301,0.000890074663764769,0.00137255057668185
"342",0.00194867828397537,0.000303934161299051,0.0004500179278322,0.00260365138211835,0.017677011107554,0.000872554623841964,0.00594158516993796,0.000359249648554856,0.000791640984172997,0.000451858063554721
"343",0.00363715004677027,0.00911585937947817,0.00291420530247562,0.00336918067386226,0.00131456385550598,0.00195137580055508,0.00619624450972443,0.000685998342700871,0.00207249978911668,0.000486545332967419
"344",0.000875638875540786,0.000876512566679123,0.000831324110604083,0.000878785112746902,0.000878669575880278,0.000827686976503128,0.000929662860614224,0.000762544450749511,0.000828277691915558,0.000752807192295973
"345",0.00215742272931815,0.000847041393149458,0.0012238139437851,0.00246623015615845,0.00647295292241973,0.00172989060762384,0.00311243450664619,0.00144526119533635,0.00164373545684014,0.00169005389896731
"346",0.756441842070734,0.764779529509737,0.813197493699717,0.751142385192373,0.741160013482517,0.814217647100293,0.681324897980129,0.877723497909144,0.814008322701223,0.884748691363018
"347",0.00162805482952017,0.00321339984621344,0.00138169787156102,0.00153860591674803,0.000768119712012349,0.00102758555925298,0.00241511623323732,0.000474927701867402,0.001074292188361,0.000368603817473535
"348",0.00155751120981985,0.000448867336373184,0.000533894106357972,0.00190320762375169,0.0069081478762198,0.000826093649680019,0.00364224903747671,0.00039659381151532,0.000774846448052951,0.000452559327504963
"349",0.00174860890379705,0.000850238658367608,0.000782857870384185,0.00198974487874974,0.00421756649499337,0.00099424498791626,0.00352886298853245,0.000487953502647314,0.000960213092057713,0.000503977098872934
"350",0.002495487136181,0.00292680695457981,0.00142625579413936,0.00255537802305512,0.00219106241297161,0.00127860782973729,0.00496979751534484,0.000471972671166713,0.00130047975866872,0.000392102011136331
"351",0.0010317247502959,0.00085768134139808,0.000743878297461866,0.00107567831817869,0.00130709092267394,0.000783561061976641,0.00141948235313463,0.000540205889528586,0.000777781858016468,0.000528984007512879
"352",0.945654759844704,0.939899195965059,0.950805942858272,0.945821007546773,0.951077295811725,0.953204371200429,0.937243874280418,0.962995499338822,0.952847790880874,0.965036734063953
"353",0.00227968071070603,0.00230282983780588,0.00173101526261475,0.00232230893730498,0.00230926457586627,0.00168783822607295,0.00313516480866002,0.00108868406503298,0.00169474459633304,0.001015382436634
"354",0.00313091288873285,0.0145442074182759,0.0036447451496513,0.00265379651571442,0.000543402971167425,0.00193881562797769,0.00419797964034942,0.000764548118812563,0.00213042556749079,0.0004882233026811
"355",0.787740554976796,0.803781472042829,0.794373537211292,0.785602762331006,0.767949362713814,0.788086455149965,0.785037683009015,0.786090902792922,0.78902762497116,0.782487853185077
"356",0.00232344956565981,0.00143393256450998,0.00183731112039884,0.00247942238772827,0.00407901194708367,0.00220641681089933,0.00262725378486108,0.00220154631926284,0.00214743108029378,0.00242029812448409
"357",0.000650844599436786,0.000187345790510735,0.000354895010102373,0.000769700540004565,0.0027815650336376,0.000569166785750318,0.000894430753608513,0.000565340861696127,0.000530729377185815,0.000721798634725527
"358",0.000700462884600535,0.000650748291907173,0.000539551699666107,0.000718841432966994,0.000778630048003639,0.000545367445385042,0.000924021050553549,0.000383338949769939,0.000544652976878831,0.000368339545029687
"359",0.882785776886322,0.862956989044899,0.881526125469059,0.88471612913095,0.902162237734303,0.889003614221368,0.878541810395129,0.899982123681511,0.887914104258875,0.904674449523317
"360",0.000615115561217385,0.000593003090189787,0.000575000881399454,0.000620337809798549,0.000644792831843974,0.000580835810831556,0.000657245637621254,0.000537371608754079,0.000580003578299532,0.000534802937717877
"361",0.0120545106491347,0.0143386430914941,0.0101482229181131,0.0119920845212594,0.0100646217212568,0.009314682797374,0.0154707924885155,0.00623089244931451,0.00943664293145176,0.00565700650246586
"362",0.000841400804111284,0.000827818636725465,0.000734485136514373,0.000850942459202299,0.000867267508274946,0.000731840520176133,0.000978470865234812,0.000599038149587445,0.000732346418188041,0.000582669307407902
"363",0.000958708925810308,0.000908819792918049,0.000689300815384871,0.0009866895666087,0.00104812582905648,0.000687269851129214,0.00137700513049366,0.000427134321156893,0.000687826573390793,0.000401096452756199
"364",0.0382689694376607,0.0299395223268573,0.0328698574847979,0.0396406346601431,0.0509592955902967,0.0359855813000527,0.04227827187062,0.034143979388334,0.0355084274787436,0.0355451820524677
"365",0.000805622273532534,0.00100734697693522,0.000959642992043041,0.00077806531850947,0.00061696560425857,0.00088611724664683,0.000705353431505851,0.000983814504287575,0.000896563646613535,0.000956753900559955
"366",0.0372233441733811,0.0384561541800306,0.0363371466569233,0.0371654704384696,0.0359585148523126,0.0357803906110268,0.0386451219541422,0.0336131254219714,0.0358640539642769,0.0330759406350492
"367",0.00186465467731188,0.0017370437801755,0.00112994197122333,0.00194588696219159,0.00211048206892554,0.00112010255300926,0.00323993116983404,0.000539682920593332,0.00112219594640613,0.000488928772332375
"368",0.643045115467234,0.583426823804243,0.613777372134694,0.650837317327836,0.707402972746818,0.636106081300336,0.658379958839609,0.634784760084371,0.632835421962392,0.646006890557111
"369",0.000734943040306913,0.000833640766181298,0.000822910114322198,0.000719923742253549,0.000631493682879738,0.000787606128750467,0.000670701847689492,0.000854484335629581,0.000792685303714581,0.000844079888015463
"370",0.000446457262336135,0.000449801985109456,0.000638627039628906,0.000434928705540273,0.00042897445269179,0.00065430154559466,0.000296763271464014,0.0011385917232164,0.000651673691596888,0.00123839355026317
"371",0.937242161471343,0.892576746807266,0.91865165695241,0.941707714397753,0.967319240938227,0.933828468223282,0.945134149238399,0.934217817922271,0.931759717801558,0.94102673146104
"372",0.94639189599271,0.90879319594357,0.851485960251782,0.952937857983679,0.973747221333757,0.869733769214205,0.981791562082172,0.639315310546858,0.867277395748038,0.617838614472772
"373",0.0536081040072901,0.0912068040564296,0.148514039748217,0.0470621420163206,0.0262527786662425,0.130266230785795,0.0182084379178277,0.360684689453141,0.132722604251961,0.382161385527227
"374",0.581825332041522,0.58869561112194,0.554820249251631,0.583036720804025,0.576431096772676,0.549824230001124,0.614234192826804,0.501592966844406,0.55060212294361,0.492727702525239
"375",0.576431096772676,0.329318531994676,0.438000752562467,0.610595057458724,0.818143615823545,0.533141283165113,0.654384841373322,0.507989463207253,0.519059888336333,0.554112976256234
"376",0.969223984607379,0.993321824232264,0.979621164012396,0.96318158291467,0.841096286024248,0.962970469502392,0.968794524543921,0.939667623936746,0.966093942126351,0.913770260810367
"377",0.0182639767878331,0.0225737212986316,0.0310636463137377,0.0172137138204603,0.0137132728286931,0.0296369221443369,0.0105288639581533,0.0572642269972674,0.0298284727356967,0.0607912754333664
"378",0.0305669681830365,0.00697440130641832,0.0146762752126496,0.037214176436338,0.154246476276632,0.0256181291784863,0.0451315815346322,0.0247071736357847,0.0236005200810058,0.0327541874534552
"379",0.384417986526297,0.74305853313718,0.665697885931673,0.330332981825377,0.0913737095381663,0.534677835467457,0.208146878812712,0.688531986773205,0.554737130750596,0.643870220518248
"380",0.931137525126025,0.963290289977845,0.963597166089871,0.923452152117045,0.858073720430955,0.954833465025905,0.88441027398212,0.973409568037247,0.956229558966973,0.972195237094699
"381",0.673264261238887,0.892338726371215,0.816548381015115,0.629227563827372,0.28692626277733,0.725558294569622,0.565054665282545,0.754731219249996,0.740623056056485,0.705397501850042
"382",0.58869561112194,0.784012721446031,0.650479129672163,0.561369905786731,0.329318531994676,0.563050832831823,0.584097773468916,0.490100991972854,0.576447376275014,0.433333527135218
"383",0.58869561112194,0.784012721446031,0.650479129672163,0.561369905786731,0.329318531994676,0.563050832831823,0.584097773468916,0.490100991972854,0.576447376275014,0.433333527135218
"384",0.554820249251631,0.650479129672163,0.605766888656688,0.541191363126006,0.438000752562467,0.569184507585264,0.525376785213236,0.57511124196839,0.574654202751858,0.556618451727833
"385",0.643498008965013,0.606160455165845,0.532203072002607,0.654597276091007,0.692219313105833,0.539940456315038,0.744918832779642,0.391452577663196,0.538913181186218,0.376923455054876
"386",0.359222164635425,0.128941348401213,0.259090936229248,0.39846541231564,0.723231656444755,0.370032407348837,0.39145206344171,0.434593239344317,0.352270851657275,0.510202053887991
"387",0.470045149268389,0.903285188408035,0.668624024516017,0.397926445502808,0.0551864515476512,0.446236984244395,0.413672088543917,0.329406911332294,0.48010875995022,0.222484023033358
"388",0.516504204483434,0.0909040562087014,0.314950303588493,0.589800723089538,0.942916871636431,0.536231216885453,0.578056765999639,0.64975430280871,0.502066358378254,0.76092551974173
"389",0.938792786364354,0.951655269127301,0.903140861334797,0.939384172350632,0.923688799222601,0.889990563812857,0.966973840577687,0.754661323962895,0.892104770775664,0.716095184696253
"390",0.420634655603613,0.680472768009978,0.646894434981154,0.379032298181061,0.166300861579769,0.556727989965538,0.258172002296494,0.702984978551486,0.570352611852296,0.678588871959021
"391",0.331298445900784,0.512542322454281,0.329910853266801,0.314914090040174,0.1753579313445,0.264535702736685,0.385342633161709,0.167787596176567,0.273767223219878,0.137163603746799
"392",0.577392506962859,0.330557411122547,0.270953691945569,0.623969690500262,0.827996602368309,0.339541233700098,0.817082050995631,0.126576071258342,0.3290726100421,0.127141162585568
"393",0.549824230001124,0.563050832831823,0.569184507585264,0.547113725413685,0.533141283165113,0.565178215662916,0.531482949979849,0.58529214191028,0.565756053057465,0.585813404673625
"394",0.410757378058836,0.323270725218889,0.591786199885051,0.40734419171957,0.499930709953923,0.64215954213978,0.211605538251504,0.882422307156924,0.634607331227301,0.909778784663397
"395",0.589242621941165,0.676729274781111,0.408213800114949,0.59265580828043,0.500069290046077,0.35784045786022,0.788394461748496,0.117577692843076,0.365392668772699,0.0902212153366025
"396",0.627906719876105,0.753799870982052,0.821733026962562,0.596822794979598,0.441431997683096,0.795235264663249,0.389667591571135,0.922565320910286,0.799194482869603,0.926447729918151
"397",0.58869561112194,0.784012721446031,0.650479129672163,0.561369905786731,0.329318531994676,0.563050832831823,0.584097773468916,0.490100991972854,0.576447376275014,0.433333527135218
"398",0.590653091504184,0.775376925039128,0.732142335749077,0.558221993989394,0.338342435414087,0.666189161304705,0.474623753052351,0.736997999813375,0.676404904823426,0.713188035343868
"399",0.636866599393684,0.695988655284066,0.710420808543577,0.625104918537985,0.557863312580091,0.692551961994946,0.56405086775643,0.756840824126261,0.695182305063737,0.756362201612261
"400",0.494320406187974,0.423636099020413,0.629526355968095,0.491648876438283,0.561995228973246,0.666238606116434,0.322266413552401,0.854643682521414,0.660726318906712,0.880213968312651
"401",0.727827449106552,0.70409680272272,0.728113319550001,0.730117449915621,0.753023997417899,0.737654321117288,0.720424727558356,0.754795578683458,0.7362416479598,0.761576076250755
"402",0.830498643677354,0.841385612242901,0.872432041908835,0.826000048422253,0.813127855320144,0.871584697795428,0.773950326020214,0.915016001112793,0.871669988798018,0.919239749230201
"403",0.673787202652434,0.572394270074564,0.735237136482508,0.678698404571113,0.76622471838703,0.772882068276423,0.563241010795166,0.882419130592974,0.767444622061485,0.902305892164673
"404",0.59904399296924,0.632161692477008,0.807200745982624,0.577937326115587,0.538222431085289,0.810359966835669,0.323446248737035,0.950634743088847,0.809712943777506,0.959406321856016
"405",0.569144144818599,0.633887039300106,0.711758508567674,0.55152936914696,0.479739143946917,0.698263850698255,0.411653158614049,0.833789369240834,0.700156996049396,0.842750524215575
"406",0.593502944948582,0.620229767032675,0.737652734624614,0.579500057200848,0.548515873555306,0.73831154948726,0.415996087633413,0.878392931993544,0.738071614401256,0.89093613400931
"407",0.752407061979842,0.911279578837336,0.824515256053653,0.722836530498648,0.426369294256622,0.745211711052734,0.727306123610827,0.697134373863075,0.758340311052099,0.635687300355441
"408",0.765264131895055,0.92372542790617,0.784484422890937,0.739330510250666,0.424592054200327,0.679998384417529,0.810502695806496,0.483441948076033,0.697219884511559,0.389010294572352
"409",0.638313428190762,0.826038995175976,0.772898035235689,0.604033293515298,0.353650381533912,0.703213257990025,0.528708034380115,0.757884856112882,0.714234223348234,0.728899586634237
"410",0.664142280098326,0.901890016886658,0.820676252552342,0.614989524713718,0.245938561182472,0.720106275853966,0.546191404926868,0.749362970235428,0.736943425964181,0.693297247107436
"411",0.740263878872781,0.914069270647167,0.883845397077233,0.699667589707412,0.372736063514327,0.825749484877016,0.579407684720482,0.89046779611915,0.835550446068193,0.87205942188071
"412",0.60961750635301,0.680538790970169,0.756767502070016,0.59041151276554,0.508918199730511,0.742377544828329,0.437627980796794,0.870062579608034,0.744416934059351,0.877661630064052
"413",0.581633936016506,0.735156153939216,0.700272382448665,0.555613256723357,0.378959757730088,0.645710704292975,0.48593973680098,0.708711328221832,0.654025544179636,0.689430893247488
"414",0.63083878693221,0.774674056927064,0.806878892757571,0.599247735383108,0.418424214132483,0.769764056674776,0.431027825445075,0.888591315441008,0.775441347934333,0.888239127793724
"415",0.544194661255506,0.486425497381176,0.691834578296055,0.538823702990553,0.594361015029566,0.721803727802721,0.350400992094679,0.892451795549527,0.717296194170213,0.912227620260334
"416",0.65618649271802,0.879715782930276,0.809327923113509,0.61183913999569,0.281901367038788,0.72053899467208,0.534176999653423,0.765161804695008,0.735120562149097,0.721631387590426
"417",0.584584933846849,0.551596276958193,0.614880869577592,0.585679667704612,0.61816687396264,0.630311280007561,0.538927172242505,0.696925652012625,0.627987837249832,0.712055551819955
"418",0.625854238517442,0.378171389047763,0.582241295895704,0.652210195359391,0.841381197414508,0.676886822699142,0.602757186466949,0.771933154704061,0.66346868918776,0.816486543996643
"419",0.818984070820416,0.755640430509706,0.827195760964318,0.823986387472266,0.873529068726937,0.84924803070177,0.790738509297977,0.89135948074181,0.846097140791778,0.903588176369534
"420",0.763133487610068,0.779169287799207,0.73355245681535,0.763504906502227,0.746788831723996,0.723690663661808,0.798641716718993,0.656616196467246,0.725214041872517,0.641475209400648
"421",0.787913135121842,0.875151127930679,0.893605399677015,0.76690100344251,0.628646186362452,0.872803818221809,0.638599368182785,0.938282546072966,0.876021495161252,0.938148033367719
"422",0.617847219647437,0.711662482647694,0.747613014764142,0.597501383361371,0.487812681921646,0.72231495311579,0.478562089979278,0.829621063163343,0.72605958072772,0.831508655264315
"423",0.724874635034781,0.906867751812949,0.849047530429376,0.686542832128937,0.361626603220229,0.775665975699264,0.621357507683092,0.808146178864399,0.787925950292736,0.770451918111489
"424",0.72551935040085,0.928899574407799,0.910948249212933,0.671702612985862,0.280001029688487,0.853594728365156,0.476109872347372,0.935290991898295,0.863609708207186,0.923874879725884
"425",0.66712684051645,0.833158583976884,0.758422097340749,0.639204791978333,0.408258661910463,0.689557284243893,0.612364534859677,0.692009875338716,0.700413469434021,0.652802371364144
"426",0.554820249251631,0.650479129672163,0.605766888656688,0.541191363126006,0.438000752562467,0.569184507585264,0.525376785213236,0.57511124196839,0.574654202751858,0.556618451727833
"427",0.349113236870202,0.185895554273429,0.216871421637312,0.379780662388283,0.59767704627919,0.273131962396037,0.4691218208951,0.20314291140812,0.264312761998786,0.221256166502093
"428",0.650886763129798,0.814104445726571,0.783128578362688,0.620219337611717,0.40232295372081,0.726868037603963,0.5308781791049,0.796857088591881,0.735687238001214,0.778743833497907
"429",0.838210233500102,0.93558710432336,0.918641653936562,0.815539286214738,0.602727861074551,0.886366294129151,0.743453707839715,0.92364078892813,0.891733211141508,0.913523481668182
"430",0.864769337748567,0.948616594360552,0.94151155624794,0.843401232870957,0.641453165180831,0.917403189169881,0.753635554442204,0.954760840083878,0.921435483045786,0.949772005154781
"431",0.660325827119784,0.870508671542287,0.800951044266626,0.619831190250116,0.31113129535537,0.717282298912587,0.551452601720275,0.755919908938567,0.73089156852657,0.714370383165249
"432",0.887037599332204,0.972353360658924,0.908270905209509,0.869232811339225,0.587587714071008,0.843677088020691,0.904612673221508,0.713936120711967,0.855239140637173,0.622463967228584
"433",0.915464280432329,0.98354573203306,0.95763123012045,0.896499184517936,0.597730242270111,0.921483240789442,0.886586915452069,0.910637432619326,0.928230088703625,0.87685379614909
"434",0.643498008965013,0.606160455165845,0.532203072002607,0.654597276091007,0.692219313105833,0.539940456315038,0.744918832779642,0.391452577663196,0.538913181186218,0.376923455054876
"435",0.512853394531043,0.592872412026493,0.487625009101655,0.506523331959475,0.424440158586075,0.452056041268709,0.566007622228423,0.35536223236472,0.457378608112531,0.327012283616056
"436",0.418532720240734,0.656026572205092,0.490796989899426,0.390043970446381,0.189923597072643,0.396418879241622,0.408973602298194,0.331658376281441,0.410137491725378,0.28170850042242
"437",0.403104821922831,0.415840694872117,0.248008309182891,0.41412382853803,0.404048606508957,0.23397845635012,0.609571153615169,0.0873340648866169,0.23618451996194,0.0733602191551618
"438",0.492727702525239,0.433333527135218,0.556618451727834,0.494163673871626,0.554112976256234,0.585813404673625,0.402304040534296,0.716818517566844,0.581412654679463,0.74378273999264
"439",0.435337497569971,0.741895344761298,0.556332190576822,0.394976391912959,0.143926172272539,0.42930075804498,0.396768880341335,0.373033522010451,0.447972431697743,0.306874263433225
"440",0.585023183535541,0.428617919849164,0.293645809993872,0.620885729453983,0.761453334458312,0.329983732809093,0.82531722755611,0.105191494336933,0.324705967892944,0.0964212374526054
"441",0.50923297924449,0.584337295276667,0.428301512302324,0.507409969955818,0.431458770047201,0.391699679326317,0.623076544945124,0.235199399944729,0.397191693644212,0.205362241458319
"442",0.398694125932944,0.346581369186216,0.373306979953916,0.405898237320707,0.462461418864046,0.3933450852558,0.412002372698958,0.39363752015173,0.390353586162835,0.404229626143251
"443",0.509606938314262,0.617377038930655,0.352944477632918,0.510027744602635,0.401398849838783,0.301815656403005,0.71323949871787,0.10161868122567,0.30934431748094,0.0777692511463552
"444",0.508035791922257,0.591247136763924,0.342808413274177,0.511716360093098,0.428818465945989,0.300825480996,0.714569791389864,0.102826283891431,0.30707646824594,0.0804069790918501
"445",0.449742654457421,0.853497579500903,0.469585805567351,0.400327519041962,0.0818307904592484,0.282149773611146,0.574986167964235,0.0916125068761905,0.307350635817154,0.0525924007284105
"446",0.431635065240995,0.533878447665817,0.327288847724239,0.429294419623634,0.332234560560888,0.283803901412039,0.589082633296313,0.126445604200543,0.290181912885209,0.10255008938574
"447",0.4672694378899,0.353605838484848,0.465228058585752,0.479202114279904,0.5988355576596,0.514177199100024,0.434166944625262,0.598909347300179,0.506857129276456,0.633462918048103
"448",0.492727702525239,0.433333527135218,0.556618451727834,0.494163673871626,0.554112976256234,0.585813404673625,0.402304040534296,0.716818517566844,0.581412654679463,0.74378273999264
"449",0.413891959053203,0.790709206312621,0.47068826507969,0.369993684632752,0.0949620973051519,0.310373579131484,0.47409214381619,0.153663112422391,0.332513557903352,0.101852126511292
"450",0.779501389673388,0.625178227395983,0.800000840030931,0.790713662836139,0.890586361863223,0.846660988680216,0.709564921230954,0.922004309226617,0.840281939121643,0.939086516059804
"451",0.846537004677879,0.707541233615517,0.816007457330436,0.858845804297998,0.934253785507303,0.860108320411499,0.846575167521369,0.890739364564471,0.854159619475771,0.909232910841408
"452",0.832633493497623,0.64388785461389,0.764677073412413,0.850180535586245,0.941602549327241,0.827434459839468,0.856436868768936,0.841162197377461,0.819042463490318,0.86780696277861
"453",0.897817082648733,0.802703258782744,0.875134118557117,0.906052930183264,0.955172951023479,0.90470032031872,0.90016155406218,0.92267719283872,0.90073987575602,0.935010568603062
"454",0.762976858473163,0.319251544250644,0.717755913345423,0.798788803948579,0.966313313567583,0.847838691801917,0.70167577749911,0.942990691393214,0.832125161612796,0.966217386131943
"455",0.742631484539435,0.961292139585113,0.814671549756928,0.693005133410067,0.198064927374308,0.649347214643203,0.773748297723384,0.412576023203002,0.678071018243424,0.283491032454424
"456",0.10265614166848,0.14214052520049,0.184216266183725,0.0950541112176347,0.0663216137929873,0.169331508786146,0.0554249762150214,0.308512605434495,0.171386059502173,0.318827181049981
"457",0.139160685727141,0.0605631991307166,0.0850138732978837,0.155659443781805,0.323114917659784,0.115528382854456,0.187577493350904,0.099183356506988,0.110487591155919,0.113897822002751
"458",0.850901605060755,0.78678006630079,0.743772077602208,0.862160969365736,0.908189146190236,0.767749477135061,0.915665286631504,0.614966014625903,0.764403145717016,0.608707266826199
"459",0.434751711091282,0.459998271369783,0.570718067024802,0.422731714912696,0.39517729494716,0.570541446477677,0.297497965784667,0.743196861959549,0.570418022399174,0.76182570916237
"460",0.546673858709698,0.604558266748095,0.430724820664533,0.548983921805296,0.490369932450552,0.398109191208299,0.688657069079787,0.210532843709714,0.403060043378889,0.181131285844872
"461",0.659635122268368,0.557275476706201,0.818437632342789,0.65587655636345,0.745102264310253,0.851962935245408,0.392354966186403,0.967594881297978,0.847176146712907,0.976699634993036
"462",0.201292218667409,0.148495206732949,0.0727306395398713,0.221232557880316,0.297082953896445,0.0771789905431151,0.462306676517132,0.0174946783244805,0.0765907441696572,0.0148551510954951
"463",0.751523405174754,0.869470422329957,0.901583443458606,0.720915377883054,0.530233830989315,0.877692170370876,0.51875999059921,0.957168134396546,0.881427404142989,0.957970952922753
"464",0.786895047421964,0.820389634701329,0.811802473565347,0.781422041206922,0.741427969953399,0.79980128531448,0.767187338834845,0.812650021094475,0.801603389772395,0.808161468017438
"465",0.213104952578036,0.179610365298671,0.188197526434653,0.218577958793078,0.258572030046601,0.20019871468552,0.232812661165155,0.187349978905525,0.198396610227605,0.191838531982562
"466",0.855586279355679,0.707684118130743,0.837418933400648,0.867459245284263,0.942567868024846,0.880927779775434,0.841341856843167,0.921228434308971,0.875149380028745,0.937392589719677
"467",0.657742486658463,0.61116756930915,0.784850951031079,0.652010672096698,0.694844692335638,0.806415545913317,0.464349722821186,0.929640271649547,0.803186488056971,0.942621028093091
"468",0.591765277572583,0.22652321303609,0.585281025617786,0.630266020021426,0.89774540779558,0.732756007069201,0.479259360293631,0.898093601250291,0.712878219715186,0.935332972618794
"469",0.623771234161187,0.401796005712392,0.670502438189986,0.641423138387568,0.818141186924657,0.750729369213284,0.499147116216523,0.891503671039968,0.739558500482897,0.919768827730883
"470",0.598064561994181,0.638032451198486,0.775261521038965,0.579506478676932,0.533137219881818,0.774159883183374,0.373862330431484,0.918247414931746,0.774160583667511,0.928812654907875
"471",0.645773217748299,0.705793514746171,0.823338072237842,0.623958554500977,0.552065571484696,0.817053024718084,0.403033664180018,0.940292136171713,0.817847231582679,0.947706221999524
"472",0.597288211562903,0.659504981609956,0.722694773134653,0.581133967692754,0.511073093170937,0.708841878810054,0.457245257192439,0.827702086525735,0.710808896222803,0.835036019633317
"473",0.598819919190201,0.650556855205071,0.779130110543858,0.578682908826741,0.519055813054141,0.7745707748535,0.373100304804217,0.917752147425598,0.775089039749978,0.927605918308262
"474",0.720222700181044,0.77610145326158,0.766296571681328,0.710659866368706,0.643275838557223,0.74688595497751,0.680978422289514,0.774769706529893,0.749803291267143,0.768610740311482
"475",0.699620381859088,0.644170812112468,0.77050600500959,0.699469073314454,0.749635564631106,0.793160344524379,0.586530533816537,0.891532292371433,0.789814204036488,0.906687500164371
"476",0.698279617686301,0.653195290712449,0.712679703642578,0.701579812915423,0.743589413095848,0.730969056656652,0.66755396358174,0.779667079806857,0.728267126793319,0.793328867824341
"477",0.542613694534881,0.496322528780628,0.623862226639376,0.541322849637476,0.586632799564207,0.647687459262514,0.432962222863613,0.781302263238249,0.644083378405284,0.804145462897665
"478",0.541446600490577,0.491901217779984,0.643284907037088,0.53891979845601,0.587145733660313,0.669235595156738,0.40617869565792,0.820116785428899,0.665311463677547,0.84312766750587
"479",0.612500270665131,0.655853865713071,0.659377999453912,0.604610264531296,0.557150486286235,0.645222151344562,0.570052843723999,0.684305470765184,0.647303384735009,0.682192269160563
"480",0.675451137975854,0.789518370003522,0.761653185629398,0.655544495018422,0.508149035853933,0.720944732404247,0.603416925571721,0.763916101193563,0.727198301278098,0.748932709515968
"481",0.549824230001124,0.563050832831823,0.569184507585264,0.547113725413685,0.533141283165113,0.565178215662916,0.531482949979849,0.58529214191028,0.565756053057465,0.585813404673625
"482",0.675451137975854,0.789518370003522,0.761653185629398,0.655544495018422,0.508149035853933,0.720944732404247,0.603416925571721,0.763916101193563,0.727198301278098,0.748932709515968
"483",0.56943271294045,0.68754072673398,0.633064910353612,0.552226816752566,0.421528519248554,0.58749828631586,0.532203072002607,0.594927447405156,0.594355114160308,0.571698487697676
"484",0.729234254356608,0.65455844726253,0.705888604606101,0.737717482244709,0.801604860682875,0.733636961818915,0.734251491729335,0.750040457342024,0.729622196902024,0.765189948890146
"485",0.820334454441229,0.884933017567861,0.85673697352754,0.809573022163225,0.712677152501468,0.83088125806696,0.79693103205584,0.834736283119418,0.834928298382038,0.820699595214047
"486",0.672072980112603,0.452862717201098,0.653134719200525,0.693047477249015,0.851297942034011,0.731855670760067,0.631767922744521,0.825953594558207,0.720846656300513,0.860721757446019
"487",0.733426984050322,0.929365222149847,0.850826977309597,0.690741188668511,0.307410713092341,0.758587190141427,0.657109556812749,0.750557823805445,0.774386163696512,0.687076856668336
"488",0.556393517425466,0.641422771757776,0.675307365767011,0.53869211058281,0.445882990338571,0.650914526493508,0.438831134559273,0.758687633505538,0.654487447424048,0.760638643599926
"489",0.692060197912084,0.802306950572204,0.739636244016746,0.675669216683026,0.531059353398749,0.693343721220334,0.672658824516039,0.675963288506751,0.700495645939084,0.647114088833866
"490",0.635531704972832,0.832365728586785,0.829329706705001,0.593500591157619,0.329314926371391,0.772643646225497,0.425028787430001,0.884385475940139,0.781700703790014,0.875843446304558
"491",0.492727702525239,0.433333527135218,0.556618451727834,0.494163673871626,0.554112976256234,0.585813404673625,0.402304040534296,0.716818517566844,0.581412654679463,0.74378273999264
"492",0.654394105939244,0.412729496222656,0.492722056300589,0.686770970121761,0.859598618379674,0.582421125288276,0.750918230693243,0.509581942256059,0.569394296186931,0.546914527062486
"493",0.715340623828243,0.427772770122105,0.545421675531253,0.749393599951339,0.912953858484065,0.652654009948167,0.802462992360296,0.596640826603268,0.637494478555422,0.644166743095374
"494",0.698122066504545,0.475235259296356,0.56203150052642,0.725932350181116,0.874869770175338,0.644494409318942,0.773751035467764,0.594564945919253,0.632727751869081,0.630624410930145
"495",0.698122066504545,0.475235259296356,0.56203150052642,0.725932350181116,0.874869770175338,0.644494409318942,0.773751035467764,0.594564945919253,0.632727751869081,0.630624410930145
"496",0.619422809844524,0.31512666437787,0.654994717906376,0.64627585734031,0.869263514725016,0.764785131937538,0.481853925661798,0.914920949499946,0.749979087503421,0.943154466221316
"497",0.603889350242806,0.551406949941066,0.782953478676758,0.594386264991645,0.642904645266868,0.808220263539618,0.347174675120466,0.950177940673458,0.804439722240967,0.961716040859701
"498",0.879186875540857,0.947541773023607,0.932732897508295,0.863884006662474,0.712067243852907,0.908879304222388,0.820680703963672,0.932183645299917,0.912818723660469,0.923513405694562
"499",0.858593138353992,0.749068092071287,0.838902916918675,0.868261052793336,0.931868357880544,0.873703521092897,0.853770723077665,0.902988816271621,0.868963584534109,0.918086258187485
"500",0.855382336301457,0.714147515341256,0.804828805361331,0.868685199635834,0.941507273928931,0.851724494245635,0.873230749789609,0.862458898268096,0.845410838058048,0.882803358775815
"501",0.153206064794418,0.202193114958014,0.157062414276243,0.148613194336467,0.109942016992095,0.139626795093148,0.162299279172149,0.116371374068674,0.142121912908466,0.106603559043341
"502",0.165788292985128,0.0946059217535342,0.227125346967525,0.170915682075087,0.283495099536336,0.283548857435597,0.0945424567659373,0.542630161136787,0.274509864715892,0.614700111337522
"503",0.128973276043266,0.327305962286762,0.151172938759339,0.114829351931656,0.0368130406592289,0.0991338276866761,0.146655135153779,0.0563693892197644,0.105729351603374,0.0412263667374932
"504",0.112701630161351,0.123733740589121,0.208755567994873,0.106601496636165,0.095611351927169,0.210703820476217,0.0536678084126232,0.435946095571603,0.210276098751967,0.471432609297529
"505",0.414029234670765,0.338157608217951,0.413660615300117,0.421954541416465,0.50435408589736,0.446720850202733,0.390812490614904,0.50721186255103,0.441742031167651,0.532508352179218
"506",0.166029710436119,0.327322500135257,0.457741566733124,0.141110995931585,0.0602833192242845,0.393812785305526,0.0474270349382013,0.759861006995264,0.40280695754216,0.772097903097094
"507",0.252687366112966,0.107809671401089,0.0987857146488644,0.288782800819134,0.54296050462715,0.133744018167539,0.473946133848016,0.0545942162782459,0.12806291645731,0.0572856944641679
"508",0.109273082758578,0.17682932148099,0.11191398943169,0.103752803247768,0.0611896023674981,0.0909041439398764,0.123564282810153,0.0639060982434465,0.0937995962768826,0.0544943178118689
"509",0.263150006529996,0.0460925844945457,0.304244654170726,0.300758987414912,0.768921876589572,0.505382295820689,0.133715619557348,0.864225237013749,0.473635331409405,0.926043104202235
"510",0.307935173278436,0.481081021978911,0.204900446597751,0.300577963776586,0.169764746913532,0.154012681030895,0.509813732056075,0.0425872335626407,0.160985715101576,0.0300350396860707
"511",0.185932738707353,0.157657842405364,0.149915580421213,0.191799707115553,0.226193181441762,0.158145615772479,0.224364140335953,0.127201016426575,0.156930718111972,0.12720673284632
"512",0.0931033778663928,0.348185315338836,0.163412559217326,0.0767620583771907,0.0149495459567058,0.0935606414298506,0.074882410150102,0.0750071408726775,0.101900174153394,0.0534290840369433
"513",0.150982339137521,0.3379125532556,0.264611736121729,0.132096489783221,0.0485757320765816,0.196636691673224,0.0983591635766592,0.249254379239875,0.205765573702764,0.220404274483453
"514",0.349809416132212,0.273944197757199,0.447218879254764,0.351307449223086,0.436163011760348,0.491768362473478,0.23229194671669,0.705447977599331,0.484969690119259,0.747101956672079
"515",0.271664348993009,0.609702565356376,0.233978337162409,0.246852646573034,0.070470465067994,0.142110835754672,0.420016285982923,0.0394146038141833,0.153659623971515,0.0243372990421463
"516",0.175636647684713,0.203195611116715,0.145100722498133,0.175366808556338,0.150801216216864,0.134027300423629,0.226024240054265,0.0864876101575178,0.135665686644163,0.0780894235222815
"517",0.581825332041522,0.58869561112194,0.554820249251631,0.583036720804025,0.576431096772676,0.549824230001124,0.614234192826804,0.501592966844406,0.55060212294361,0.492727702525239
"518",0.0785857549979987,0.0877951748741157,0.0968461125212153,0.0765567383939477,0.0679995393741102,0.0940108329641213,0.0637045407722014,0.119309982971124,0.0944079901364103,0.12114430691574
"519",0.0185374273904576,0.0245411026020821,0.0173614726933856,0.018106171082655,0.0135754687569022,0.0153599547934467,0.0217582003707902,0.0111878119576437,0.0156451689250175,0.0100731253933917
"520",0.00837757805201725,0.00742130208118476,0.00642417081882091,0.00864097760568807,0.00982641003558963,0.00662147285164811,0.010942989436403,0.00478885154145027,0.00659355963051315,0.00466545623760475
"521",0.682281652204901,0.591419555662027,0.637975295689711,0.693773024816642,0.773001441431942,0.671678191877588,0.705040214559595,0.669277656298599,0.666790467085608,0.685890877153554
"522",0.0103538359046945,0.0031611208662174,0.00602095483343754,0.012108826480698,0.0403384882906292,0.00946163125854401,0.0134510813051631,0.00992314235630995,0.00884976785973965,0.012614142067439
"523",0.160770463824242,0.253546410865189,0.202015438704983,0.150631163000407,0.089380124862054,0.169241749048839,0.14202504568039,0.16963950329337,0.173812304293838,0.154384489327157
"524",0.0146242461006213,0.0589198392219891,0.0147029951600641,0.0126807224049906,0.00292988716189345,0.00812939925927867,0.0223119293962631,0.00277545286988165,0.00888432143864187,0.00177073869554654
"525",0.857910108645716,0.855013725613457,0.865156400080639,0.857671882609525,0.860468275500863,0.866834177445822,0.84828433925275,0.879327806678456,0.866576668262507,0.881649177500228
"526",0.000812098787621849,0.000873826574141601,0.000653153623644326,0.000818721676133072,0.000762356579757475,0.000623058907179291,0.00106594238848966,0.000419278072263927,0.000627620416662151,0.000388749448464717
"527",0.00146173593206426,0.00240493628749437,0.00190584007074984,0.00136464309617142,0.000815290545909344,0.00158053271086176,0.00125394833174757,0.00164219738477455,0.00162489878878387,0.00149748475521387
"528",0.848273135127977,0.858156100022787,0.836622952839879,0.848057636281378,0.837545192083836,0.831138787827328,0.863630282181076,0.801661173806219,0.831981485524519,0.794250438109498
"529",0.00312433194084309,0.00102216254363354,0.00131031029158713,0.00371567963765379,0.0117784159762337,0.00195299858335673,0.00602329745577762,0.00116759347318167,0.00184171576629955,0.00134426060686364
"530",0.930156384221414,0.95091024162016,0.948519287805601,0.926117408973951,0.894643917946293,0.94171893926446,0.911363174966749,0.952876202553315,0.942766978562855,0.951083587100976
"531",0.0013847045704987,0.00274464356061605,0.00220681362479694,0.00125083945741836,0.000615131003033126,0.00171971650609966,0.000998238131417155,0.00212434952779355,0.00178411822109974,0.00191794187726441
"532",0.0012735218139033,0.00144491497965219,0.00103533228955845,0.00127613398515342,0.00112524206661406,0.0009668418771392,0.0016778280967672,0.000635600364803091,0.000977010354249595,0.000581087563091376
"533",0.946781454714444,0.948809028353353,0.959866902937574,0.94550185984197,0.943025326963664,0.960079984801006,0.927684489431017,0.973710115521027,0.960035519230391,0.975168795013909
"534",0.0360748319158147,0.0481314196523095,0.0159901774322656,0.037099755451229,0.0279128960995444,0.013271538590918,0.096452427328468,0.00289767817013961,0.0136594083567955,0.0021572192271189
"535",0.00197116596805531,0.000706332114242629,0.00114798213741749,0.00226978052203407,0.00653702957573055,0.00168897326956381,0.00268409677917209,0.00157551714448409,0.0015952387683426,0.00190790971805015
"536",0.00202406592494191,0.00184984951568074,0.0017406580072153,0.00206437694413363,0.00226960874346992,0.00178645190646081,0.00234149569605849,0.00151038607415361,0.00177983106630192,0.00149809320448398
"537",0.525180344716306,0.399074274141163,0.475444042911045,0.541413928834554,0.666436454403835,0.524724338996307,0.543512254974013,0.543236943600989,0.51742084871544,0.57087013172472
"538",0.0026295392331743,0.00296280464698433,0.00173706841295214,0.00267586279777491,0.00238472874265215,0.00160116771564486,0.00438382789371062,0.000764378373722771,0.00162153721376201,0.000666008063779149
"539",0.00252171076535122,0.00233770094449597,0.0024090600339669,0.00254917515170869,0.00275706491892047,0.00247763794993845,0.00259705433748774,0.00244277474779388,0.00246739066933147,0.00247410578012148
"540",0.0172329062026392,0.0106226446814243,0.0081346808944407,0.019068290363842,0.031527420950362,0.00940381536394878,0.0348680040240934,0.00417449677676984,0.00921007234301122,0.00405360481403202
"541",0.0243924835913066,0.0172392888938533,0.0181611404566312,0.0257835479449448,0.0368399870571488,0.0205214104831535,0.0307511562117186,0.0168101151533307,0.0201570451654557,0.0174577698252248
"542",0.0625143026207749,0.0195209697193342,0.0892945742926334,0.0682362256571386,0.20064404994126,0.143158259833243,0.0288446949786389,0.432336436830637,0.133611066720605,0.549852130283764
"543",0.588217938082986,0.622700645449471,0.59528784862425,0.584205133014018,0.54775076521159,0.58125927834084,0.590693169328808,0.565740779577206,0.583357238250562,0.556319118928562
"544",0.00201447732483955,0.00071940764360987,0.00116415273580665,0.00232170922723181,0.00671014616950027,0.00171417342261684,0.00276466755297567,0.0015838231855477,0.0016188557987763,0.0019164286691908
"545",0.00154759781409766,0.00254573281222281,0.00217303720087032,0.00143723863180284,0.000857708046709705,0.00181254669440445,0.00121924168977476,0.00211501602889052,0.0018616659497876,0.00196363908869163
"546",0.618950088341614,0.442465214127655,0.593133219623722,0.637496243738052,0.785872026436914,0.660837523130931,0.596752398776547,0.738760559475315,0.651079358473362,0.775250604423818
"547",0.00811826392498209,0.00913325756321174,0.00725147401284698,0.00808752181598457,0.00718099167755663,0.00684431992593157,0.0095753655397042,0.00524474879680766,0.00690457657937863,0.00491747995500252
"548",0.843676755649354,0.753937631017632,0.882879314583105,0.847977722518725,0.908306033873612,0.907319937234106,0.756006235182462,0.962020477855726,0.903949677632054,0.970410875504421
"549",0.00731331456307525,0.0263095152144241,0.0108545471634653,0.00624835485732275,0.00164646057437947,0.00654073847889697,0.00687020302473939,0.00457401396044463,0.00705301127038682,0.00335343205747829
"550",0.858373379856232,0.885320928850727,0.885698052853012,0.853230790220886,0.818771327249943,0.877128713150727,0.831096156506877,0.897223137291926,0.878414556606082,0.895680177740576
"551",0.617593849840313,0.616308616936338,0.649770906015791,0.615395063126175,0.616150889406433,0.652692840451758,0.578989410031235,0.700962813760699,0.652221656825892,0.708285902311064
"552",0.167240034479202,0.0483806587052787,0.149667414254975,0.188718927136226,0.487852751445866,0.235943839075813,0.133470331087264,0.415215523340346,0.221158027199324,0.514201628891404
"553",0.0303773250210979,0.19431519437774,0.0609694560587967,0.0236751308906693,0.00294998688503898,0.0284990279351367,0.0245989471546875,0.0192120420156702,0.0319525973093329,0.0121596440152901
"554",0.0441217652204038,0.0580226547856044,0.0276407084171442,0.044354809446349,0.0336513116368431,0.0237143816592094,0.0807530517716062,0.0090675910389127,0.0242774937038383,0.00738045663581906
"555",0.731127697006499,0.441296816755013,0.853421436422022,0.74462190488705,0.910820988364313,0.911722345902174,0.438363958153745,0.98857351864607,0.90450589057331,0.993517111088758
"556",0.0153219338492744,0.0281698261656379,0.0117579066228098,0.0146827707147183,0.00785226594937236,0.00891510925742924,0.0249271941069135,0.00367989245010359,0.0092948956904124,0.00283973737380126
"557",0.0168364583168961,0.0234439402060133,0.015497676483993,0.0163814932458183,0.0116613069964659,0.013405431772371,0.0204684328113132,0.00914139354914557,0.0137007512240666,0.00806518440286012
"558",0.104992645116678,0.397285539381369,0.093251733184813,0.0905867035557926,0.0167446090920581,0.0472606752016372,0.187168081851206,0.0108267080443691,0.0524245234574698,0.00613051006784002
"559",0.343357036785369,0.215610292548935,0.302572512124101,0.361073999771946,0.522823092057331,0.358593388618894,0.347686853569673,0.404403464615575,0.349969416071704,0.442648970353511
"560",0.00928135024231436,0.029586551000466,0.0106222592413352,0.00817641488947898,0.00244896747403974,0.00659220370834187,0.0113298562200379,0.00335324289172759,0.00707921256346172,0.00239523105417706
"561",0.0042221701909875,0.00380042687196167,0.00519434533747847,0.0042045642755388,0.00466642113579889,0.00551336408162445,0.00322362171228811,0.00824747938581009,0.00546320374780808,0.00895856132570969
"562",0.0115681403284072,0.0520013157348057,0.0205594624983359,0.00952690411775855,0.00195227303530854,0.0114019855266844,0.0094757432542048,0.00886171542578117,0.0124483549235335,0.00630015028316663
"563",0.0105143204813905,0.0483838361398432,0.0193019376680959,0.00862010928133225,0.00172728841960574,0.0106335585662964,0.00835315600164235,0.00855229975285848,0.0116203790788388,0.00608738125688828
"564",0.012177483397006,0.00845070022139583,0.010621929748274,0.0127532849092624,0.0185494935107611,0.0122371286212825,0.0127513962002841,0.0130217663374125,0.0119829304178375,0.0141252328067701
"565",0.449497441885769,0.323412021939957,0.437056088070094,0.463690846613661,0.599638377440312,0.49151756992183,0.423787944930758,0.572518153758458,0.483346215156744,0.610161407592311
"566",0.00437156078089723,0.00612633710059831,0.00624580316556138,0.00412032718335363,0.00289631021175758,0.00557717073661075,0.00321476380239215,0.0075462960386599,0.00567013483951089,0.00739891228493163
"567",0.00443907470909308,0.00836627203401085,0.00708884682783965,0.00402919607952254,0.00208353906305757,0.00564240997718059,0.00314303400113194,0.0072614480781573,0.00583527415065355,0.00666384323690308
"568",0.0116374225455936,0.0186942341320113,0.0219261212130586,0.0106054398212643,0.00643377491131773,0.0189072403847523,0.00646740340947991,0.0353653954927798,0.0193174818074308,0.0355176354484633
"569",0.016130905990313,0.0176009726019372,0.0228777321598899,0.0155973435296237,0.014175904369168,0.0226614053404413,0.0110682777290508,0.0364720153050536,0.0226847861417286,0.0385725167454386
"570",0.373111381534669,0.416055539215838,0.321821250457956,0.372657856007653,0.331530221627111,0.302026218734214,0.449049341367796,0.209497663972386,0.304994731437223,0.191684957285574
"571",0.00594243892545382,0.00283523524944636,0.00475608269564955,0.00650052251480967,0.0138688726978241,0.00636140278244153,0.0061311483331769,0.00785061659814968,0.00609248984635245,0.00937651027386708
"572",0.00903850966304008,0.00995053717634031,0.00654431439046651,0.00915913208046921,0.00834542733611459,0.00613317167951357,0.0134597482444157,0.00343544086061515,0.00619519370645723,0.00308171133568064
"573",0.00495380992371526,0.00641814163582987,0.00573833194906642,0.00477673194093973,0.00365285572352917,0.00520961654647276,0.0045268991733075,0.0053897721307689,0.00528458447932292,0.00514844122818438
"574",0.0237411157331023,0.0954829378549946,0.0414874856203401,0.0197532048096755,0.0044142146348301,0.0239519673804826,0.0192159257581997,0.0195302952787595,0.0260008347935923,0.0142367249529264
"575",0.00472273745366837,0.0101617697799653,0.0105671913288822,0.00412926599085139,0.00185112899282361,0.00817194508914316,0.00235907373039484,0.0160828783436409,0.00848473892555116,0.0153658604855755
"576",0.564749191040384,0.313103388779218,0.377334550397042,0.603311820145386,0.818191566520334,0.46921405223895,0.693490067244728,0.372198794165357,0.455396833167327,0.406536601575595
"577",0.00472273745366837,0.0101617697799653,0.0105671913288822,0.00412926599085139,0.00185112899282361,0.00817194508914316,0.00235907373039484,0.0160828783436409,0.00848473892555116,0.0153658604855755
"578",0.854382017806276,0.927199721670009,0.859833076854565,0.844040115451668,0.709661625763681,0.81674535336534,0.875813758744176,0.726699700385438,0.823777320170586,0.678188691789757
"579",0.563131956505451,0.579793877027716,0.58749828631586,0.559710309543497,0.542040601620154,0.582467787008178,0.539940456315038,0.607650326122825,0.583193758083427,0.608300320673683
"580",0.549824230001124,0.563050832831823,0.569184507585264,0.547113725413685,0.533141283165113,0.565178215662916,0.531482949979849,0.58529214191028,0.565756053057465,0.585813404673625
"581",0.576431096772676,0.329318531994676,0.438000752562467,0.610595057458724,0.818143615823545,0.533141283165113,0.654384841373322,0.507989463207253,0.519059888336333,0.554112976256234
"582",0.875954201873914,0.781571403611133,0.867766945555872,0.883701373676217,0.938527953543334,0.896500922599554,0.862070191076517,0.928135382838026,0.8925950611461,0.940140873970201
"583",0.00482995269978204,0.0133797994149728,0.00599798648592807,0.00429305378871538,0.00149674098453462,0.00398311304153522,0.00513640950635871,0.00257786788562584,0.00423363666483347,0.00196930713319587
"584",0.00185466123581451,0.00309573025272789,0.00229824067051711,0.00173520964069958,0.00102221985529251,0.00188711574737691,0.00169405474796032,0.00179107694561017,0.00194308331005356,0.00160594403516604
"585",0.00418080052630607,0.00651459863761972,0.00418676063606708,0.00399851624796478,0.00253583690618283,0.00347991535571477,0.00477541120765645,0.00249189509859298,0.00357746942929967,0.00216795653788998
"586",0.90491817879372,0.808861166653879,0.865589575406074,0.913884308530217,0.960800299173117,0.897547957201289,0.920951367864911,0.897739804231358,0.893281318973721,0.911525878418499
"587",0.00270442115293645,0.0160292189749758,0.00499557175190023,0.00216434381388238,0.000341762676924973,0.00248747724195666,0.00229905211760815,0.00168108216120069,0.00275912165288271,0.00111186447539124
"588",0.869497304306304,0.725128647625248,0.864031533813558,0.88002622617689,0.949918501653884,0.903042630123,0.84155745384701,0.945735820707611,0.897927360828668,0.958410057213624
"589",0.00562803537652289,0.00894757559743557,0.00583444832504392,0.00535852016965691,0.00332567043393634,0.00482132608953513,0.00621659825037656,0.00358876278849095,0.00496061945082339,0.0031282455462082
"590",0.924398537266627,0.923174319467574,0.921079177142039,0.924750515641689,0.926035611208951,0.921346586288272,0.927694821834113,0.91691214019131,0.921310439575673,0.916470358663149
"591",0.327533233134766,0.608264965601095,0.555469164855708,0.288563816996659,0.10847732183339,0.453100506761317,0.190241532405004,0.600716251483911,0.468099135226429,0.567598474575279
"592",0.609547462068702,0.312726944364302,0.353341781842937,0.655524241694553,0.872639880333143,0.457334376950551,0.78171387836902,0.293078825500038,0.441599164830131,0.321468886124669
"593",0.304235816247445,0.575243266309598,0.518136344822347,0.268094659596602,0.101744394654015,0.418346289115105,0.179984845545074,0.555429172926193,0.432794165632087,0.521257811103376
"594",0.37299192961919,0.666762387303083,0.622769114065257,0.328858194348428,0.121999527809409,0.518504988491091,0.210428759634195,0.679829241401581,0.534141660710495,0.649932922523406
"595",0.704053544421609,0.696669876810615,0.657098522778237,0.707971709752273,0.716123132948565,0.656676347755273,0.751025016093723,0.583436366860543,0.656793943058824,0.573397008555143
"596",0.854739652032409,0.817233055039113,0.833859947798575,0.859489766952005,0.890424675896882,0.847541616918598,0.866623029133571,0.842158070229448,0.845580096323075,0.848404527867027
"597",0.00118001748960853,0.00026234285682594,0.00058129347514231,0.00144234093247191,0.0067839676790157,0.00103006704096918,0.00168467477607394,0.00106099595470152,0.000946402868475309,0.00143321641702008
"598",0.00182761127044811,0.00179625300901388,0.00172380795643261,0.00183839677705963,0.0018731613405549,0.00172853892856403,0.00194414960445872,0.00159825673633942,0.00172794382678877,0.00158443370565013
"599",0.00420447840312877,0.00688765368298251,0.00371238837917304,0.00403691859854169,0.00243698007009479,0.00299252793517466,0.00563248907887544,0.00169332550606184,0.00309097968947117,0.00140645334415569
"600",0.0475291324054672,0.0149593251833726,0.0178254952245669,0.0569597409234482,0.172135107424631,0.0268338619271165,0.0998977481491656,0.0137490683309645,0.025276500791845,0.0156150841633762
"601",0.692286605252747,0.733613675002174,0.733775102022095,0.684853178079234,0.637727492539001,0.720138514281291,0.654588947559883,0.75208038657191,0.722158301808004,0.749377868025613
"602",0.000828848318536485,0.000812873663485462,0.000763799617051084,0.00083529760108012,0.00085331453431258,0.000765222024201914,0.000904946738945454,0.000683387556808796,0.000765079103286419,0.000674139533123144
"603",0.00282085500214488,0.00273287099245113,0.00223687788119384,0.00287678724439437,0.00298353771991911,0.00222677606475379,0.00364482313125918,0.00158656156995741,0.00222886088636428,0.00151508820132166
"604",0.0463654756411112,0.0264627541858582,0.0206285299477799,0.0518526755426378,0.0914542469719098,0.0245556364883181,0.0961658308729062,0.0104528153916816,0.0239471727805853,0.0102533749310261
"605",0.00132823485724974,0.00149926988758165,0.00154087634200961,0.00129845439416888,0.00114396639414526,0.00148178648173378,0.0011620962219154,0.00170549539304301,0.00149022580000149,0.00170181371731479
"606",0.00104356085008856,0.00107425353658749,0.00152737730947884,0.00101276986038933,0.000976730880460439,0.0015536194162906,0.00067999890295003,0.00275625751512363,0.00154900920497511,0.00299397730974035
"607",0.00144978738309987,0.00143589278459491,0.00133117879442752,0.00146000507613336,0.00147664027884274,0.00132783951190165,0.00159421821586306,0.00117039729451501,0.0013284648122791,0.00114999378945136
"608",0.909216880083526,0.880467690504075,0.907173110285673,0.911865172095215,0.934124054131689,0.917261530609524,0.903702332225512,0.93084349416202,0.915821712351866,0.936447085504518
"609",0.49162970992768,0.285285801687451,0.328019622820213,0.52589696207701,0.735370912633111,0.401121910651383,0.618301526778673,0.309867244732109,0.389998687368175,0.334459126802644
"610",0.00109206942968915,0.00112003869226209,0.00158046285028869,0.00106108854894577,0.00102741412608616,0.00160870861333687,0.000720059969729636,0.00281200962577869,0.00160379239766237,0.00304978215890495
"611",0.00185949591554409,0.00192044427013974,0.00181860059955182,0.00185642685859994,0.0017967677699524,0.00179128292388502,0.00192628154058845,0.00168836311475006,0.0017953847040129,0.00166240755270817
"612",0.0252635813964148,0.0104986345370288,0.0116126062932063,0.0291086069509637,0.0705334260240886,0.0157909368925916,0.046701106773213,0.00906491203268883,0.0150963269785046,0.00990315454174577
"613",0.00387267055476131,0.00193684614781821,0.00270679390600629,0.0042574124068923,0.00869069706055561,0.00351459611567182,0.00473296486141261,0.00338901272226123,0.00338143874588247,0.00386268122700299
"614",0.00820307144765506,0.00575627196164605,0.00509935556259757,0.00878996668555261,0.0127213882928887,0.00570028818742519,0.0126882665772513,0.00353991926405449,0.00560915795943451,0.00352729221404038
"615",0.00306689519258012,0.00108323235538173,0.00251659157743092,0.00345145549988836,0.0100132350632873,0.00382204259849794,0.00280721466097523,0.00615237523032934,0.00359153209695827,0.00811896812697048
"616",0.523862782891107,0.740738160383513,0.655334783439171,0.490278259545224,0.263860857039308,0.571229206267459,0.439655585945554,0.603650180630737,0.584051187394211,0.562985787464604
"617",0.0126404309912832,0.0336893812923337,0.0141783391971195,0.0113542997239012,0.00408973937085083,0.00946930180070036,0.0149525047481834,0.00534726518710684,0.0100581241037859,0.00402134996582743
"618",0.212723207629551,0.083270390108803,0.137991034826142,0.238260797843561,0.490912674764562,0.19497783829932,0.261396402495033,0.195881087468675,0.185533729486413,0.23209638062774
"619",0.358112067769618,0.310073464428214,0.217452658567607,0.374623093101559,0.430707325419621,0.223778631443309,0.537513980794517,0.102452510881323,0.222959668898858,0.0935803956270024
"620",0.480765896666325,0.520644366897039,0.698516003255095,0.460564592216556,0.416462242201804,0.699277418682552,0.253386802121061,0.896369671170262,0.69894808241514,0.911239490177741
"621",0.886510167479052,0.829074883640225,0.882066200196452,0.89152260834265,0.930560630781561,0.90090412692494,0.876630745834913,0.924122373695785,0.89827348489532,0.933315439526394
"622",0.258442904358437,0.132044597074979,0.164005312485665,0.282872135933098,0.482226998729999,0.209598327530149,0.343818448617699,0.168102352207023,0.202336473982905,0.18577045202357
"623",0.489783725479356,0.91390448993021,0.717864955069686,0.413196254323736,0.0557427312093182,0.501837442906862,0.39408189814163,0.429079095842973,0.536126390057394,0.309076409304484
"624",0.189044237312914,0.0387600029260336,0.110880021436228,0.225118464096067,0.639304226695084,0.198022389649421,0.219120001076304,0.259211167318221,0.182409609503853,0.342885908714979
"625",0.216672736571801,0.0267057779376666,0.0861422050247549,0.273426388648255,0.803537615058303,0.185210683808349,0.320583017632586,0.195048029239647,0.166337715127116,0.278423487971235
"626",0.58869561112194,0.784012721446031,0.650479129672163,0.561369905786731,0.329318531994676,0.563050832831823,0.584097773468916,0.490100991972854,0.576447376275014,0.433333527135218
"627",0.2076081793016,0.173207544732999,0.184154711256433,0.213086323543658,0.254508000077627,0.196759404045452,0.225085545788581,0.186849219624414,0.194860806630182,0.192102351537315
"628",0.870790284806414,0.788590776638364,0.857768336344333,0.878157507230493,0.929762342405059,0.88440122324604,0.864830854635668,0.909568832041101,0.880728580470165,0.921809599699628
"629",0.000708674916134803,0.000846056947429594,0.000826843250857423,0.000688627048131355,0.000572771354893933,0.000777119013646855,0.000626549752639439,0.000865026426242307,0.000784222041019077,0.000849277276715844
"630",0.000828454368936356,0.00226198816683927,0.00114035972993171,0.000732309572094359,0.000259981305091589,0.000768862798681578,0.000778813495299901,0.00059265231184143,0.000815242876745484,0.000466980129722318
"631",0.953693073914135,0.942482506853104,0.971701316779011,0.95309822219585,0.962208151230912,0.975169428167549,0.914463152773385,0.990461371595001,0.974664565074401,0.992139179788941
"632",0.784016305892866,0.700915977533192,0.75907492588333,0.793000326753943,0.857398207477534,0.789025529914266,0.789009757284292,0.806667841954993,0.784754621600513,0.822244845327382
"633",0.0796955152893495,0.102529187129409,0.0836686263907452,0.0774147497114896,0.0593692174168563,0.0755170891231251,0.0814176857936065,0.0671354861479809,0.0766832672810864,0.0626376121568722
"634",0.000543477518972217,0.000504397702709202,0.000454102073797659,0.000554582593489639,0.000600491141904085,0.000462051779530329,0.000652896686920156,0.000369121778097697,0.000460947223058056,0.000361828129297198
"635",0.789888388201674,0.738080420668703,0.794457311757379,0.794318061005956,0.838349071840696,0.813694002714271,0.769415262259784,0.850123050126336,0.810904570318959,0.862085522473068
"636",0.978580531254514,0.959776716742356,0.965911167256115,0.980559651362452,0.989993530046274,0.972831865126019,0.98482410471447,0.965187135926183,0.971906271735274,0.968042009380328
"637",0.000686292521414254,0.00173213714784472,0.00085723812183725,0.000615687314934508,0.000237384001491003,0.000592827861387381,0.000704190848270018,0.000416650779188845,0.000626275426670574,0.000328719839265384
"638",0.896844587810665,0.866995324654633,0.876693218559468,0.900766637590678,0.924442145658228,0.887561786187164,0.909376707366857,0.877533843008098,0.886014783263576,0.88195720483728
"639",0.583036720804025,0.561369905786731,0.541191363126006,0.588118993763909,0.610595057458724,0.547113725413685,0.623287609765905,0.497484712187345,0.546276384985295,0.494163673871626
"640",0.915082447310128,0.88024376905223,0.903954073358143,0.918733678165614,0.943724589042137,0.916136656178523,0.918084100862484,0.921910443534992,0.914421099927575,0.927973834281069
"641",0.957393877259753,0.905750476817747,0.939718767462043,0.961699922995906,0.983694029867534,0.955741357191287,0.963527736702444,0.958630150183794,0.953652596436938,0.965150213885158
"642",0.871306590454141,0.836581674533126,0.854535732041145,0.875516025848696,0.903739844184653,0.867177364501552,0.879805139922061,0.86595697313355,0.865367163113416,0.872042309377173
"643",0.118914540563145,0.148456134434694,0.129793351709965,0.115527213808952,0.091166388389644,0.119016068036444,0.115089226540645,0.11516425123793,0.120564505218695,0.109559888892785
"644",0.680555396254992,0.665590953738629,0.673303099635897,0.682544899210371,0.69756856478585,0.678952124480607,0.684328861674678,0.67885936112176,0.6781190858623,0.681760330892358
"645",0.0447048438492743,0.0352260204085303,0.0383370705797528,0.0462781691596231,0.0590399240432562,0.0418416218180747,0.0495797811065093,0.0393867905310073,0.0413060269450585,0.0408962462715647
"646",0.131043853026574,0.120883250606534,0.128175899538179,0.132307592300916,0.143604172884905,0.132312426640726,0.131176162783671,0.135802496211656,0.131690245664587,0.13850512653653
"647",0.00120677277293269,0.00152211271256187,0.00130318993844742,0.00117261530276094,0.000923108009108091,0.00119002612849208,0.00118552994721141,0.00112591671393335,0.00120619221449255,0.00106639580371811
"648",0.00166300868733434,0.00483427967614057,0.00214207819498432,0.00146758582816608,0.00048854369367302,0.00139943660730423,0.00171982251317791,0.000926625367587776,0.00149098825356535,0.000704243858550684
"649",0.785651673172088,0.824468941726676,0.822137558987394,0.778613031060765,0.730964237064746,0.809276525728429,0.751761777437126,0.834870487490719,0.811203507432112,0.831839355725835
"650",0.00163046950667214,0.00450873197148112,0.00202826965528654,0.00144969799890517,0.000508370682749697,0.00134942154164821,0.00172845560684103,0.000878797158777662,0.00143384778864603,0.000672803809789786
"651",0.943720810612547,0.95396065185177,0.951643197803729,0.941966320288138,0.928732661329304,0.948027343154044,0.937030701377124,0.952300739363663,0.948574914660161,0.951023539773247
"652",0.934226321770642,0.94100046366005,0.946291194014456,0.932553574405263,0.924431300042687,0.944650962902125,0.919937579228246,0.956330790514705,0.944886567759783,0.95697937549063
"653",0.894986312636776,0.875401489900504,0.903421566072126,0.896177155358318,0.913071785934929,0.910796629089049,0.878397933718532,0.931825075986774,0.909718901781015,0.936917745532549
"654",0.949147110049257,0.912267464962425,0.945756845278802,0.95212283354564,0.973158032853408,0.956768116051554,0.944136647291829,0.968715249320107,0.95527268938123,0.973402367267095
"655",0.00137127784698799,0.00171169038885084,0.000967479587364509,0.0013747678023854,0.00110187126035553,0.000858859510647456,0.00218762257444964,0.000420735528690316,0.000874626581093532,0.000360708069236554
"656",0.914877738153942,0.923352045565643,0.935710596570105,0.912276321147162,0.902001563127261,0.934230170938928,0.887105919590326,0.954412003750699,0.934432704931714,0.956011719303575
"657",0.614234192826804,0.584097773468916,0.525376785213236,0.623287609765905,0.654384841373322,0.531482949979849,0.699322999507739,0.413988401950266,0.530671940994243,0.402304040534297
"658",0.578177488011476,0.708793810702088,0.649115993086581,0.558849456896695,0.411688468301184,0.598416326690216,0.536308912354422,0.606719502914857,0.606080286088568,0.58071920766005
"659",0.554820249251631,0.650479129672163,0.605766888656688,0.541191363126006,0.438000752562467,0.569184507585264,0.525376785213236,0.57511124196839,0.574654202751858,0.556618451727833
"660",0.0057395197286275,0.00835705872047581,0.00691545079448054,0.0054545476548715,0.00369632365975408,0.00599787587417705,0.00519410138328753,0.0060408827916932,0.0061256431649829,0.00561543947561117
"661",0.991922407536323,0.99123238970468,0.973930310217006,0.992632658996504,0.993362768234299,0.972456384488595,0.997871920011364,0.853916132984305,0.972717049022849,0.818217702249057
"662",0.978096012936952,0.949462749998597,0.954416533248663,0.980911913074293,0.992150486236901,0.965917883823964,0.987932827826226,0.943459775789463,0.964425311587621,0.94801673375964
"663",0.00266378312535833,0.00300773547013974,0.00423996909348957,0.00254609235903454,0.00223022895697205,0.00417675218918111,0.00162055790133641,0.00787009248002178,0.00418396997756391,0.00847258596168221
"664",0.00176252432928742,0.00240200914803458,0.0031785281243898,0.00163859925399801,0.00118098334946991,0.00292306934485934,0.000983742238011953,0.00580959866822806,0.00295796303216532,0.00607748844667678
"665",0.916202997143348,0.733825156400187,0.903473707319387,0.926957570901187,0.981203310509542,0.942592240457358,0.895883782334255,0.973332804780711,0.937883762053936,0.981874258912897
"666",0.00191273101095303,0.00316548739687467,0.00266475386073243,0.00177622986009327,0.00105346263090381,0.0022157412037594,0.00152330632639851,0.0025422533609994,0.00227687488646563,0.0023513342730607
"667",0.91284997578963,0.88387365067008,0.895386603586556,0.916465042203313,0.938536018586783,0.905898884438259,0.922995273319497,0.899366150602967,0.904409506433562,0.903927932171467
"668",0.940352655605773,0.942784077876464,0.959873118601717,0.938415377198383,0.935314582655365,0.96038814972487,0.90829268813882,0.978264137214728,0.960293810456474,0.980034885771752
"669",0.00241116213323915,0.00100341098488702,0.0016149620234776,0.00270816689633357,0.00667822819935036,0.00225637692846483,0.00292688165143403,0.00233896458463433,0.00214734018026508,0.00279510657866463
"670",0.830466756932326,0.807183494194533,0.821427098309468,0.833292151352007,0.854607622880346,0.830150157587358,0.833886864369091,0.833017081464538,0.828878108836614,0.837710259711615
"671",0.00396726859953854,0.00612170348985111,0.00497331930345525,0.00373792103180605,0.00238537857064851,0.0042232405885327,0.00349158570737323,0.00433123389787187,0.00432665640789735,0.00399161642990136
"672",0.796943441214299,0.830178820374135,0.809742025187309,0.792416207477706,0.752720013439331,0.796255587752054,0.792644955188414,0.789799078790071,0.798301264156088,0.78148892299026
"673",0.0219785993191106,0.0548884071223532,0.0180305997420841,0.0203080572604915,0.00780200214887195,0.0120277869900515,0.0364103744134345,0.00431052654044417,0.0127828887135405,0.00305137730244968
"674",0.00410604670400667,0.00714343681463881,0.00971456105198284,0.00365324071521943,0.00203787820207702,0.00824349578235846,0.0018028606927466,0.0207229140871677,0.00844034931064565,0.0214353205794536
"675",0.954699996948342,0.971345148505105,0.970513801337727,0.951146391601818,0.922317028969594,0.965443734590599,0.935887950945602,0.975102092428145,0.96623560137994,0.974073831914622
"676",0.942545103174611,0.873353683196345,0.916435699996898,0.948484090141981,0.97828522768393,0.938491769170997,0.952424133610181,0.939953870264498,0.935607065096896,0.94909114425065
"677",0.947625811833941,0.987485662175593,0.971345951696153,0.937230841840219,0.765627350842504,0.95063514590818,0.932264938650713,0.944064609938533,0.954423650547849,0.925213789549746
"678",0.938751494550992,0.94059637036359,0.963899468241057,0.9362521290392,0.933645573291264,0.964890532790426,0.891176349506837,0.984586148520727,0.964722975854619,0.986356310331382
"679",0.969216769542343,0.85542811090861,0.897315024059317,0.97605936321486,0.995690773949111,0.940818091177886,0.988023827242824,0.883484236689028,0.935723154276766,0.903873163798603
"680",0.933428505080717,0.967066937392739,0.947390524315236,0.92749188691004,0.856575595650765,0.93099142381115,0.929415000625262,0.919407584742935,0.933696452206032,0.905745244117003
"681",0.0123133720769609,0.0250811260067218,0.0127821002578875,0.0114310350450648,0.005470977196296,0.00951123926765904,0.0146524018480273,0.00585609857117642,0.00994105738998684,0.00471346194148854
"682",0.98152440187085,0.981100052620507,0.982374420440517,0.981504678203301,0.981915603437164,0.982603327751328,0.980365208288055,0.984116055083852,0.982568380106894,0.984407905728983
"683",0.975159469051438,0.814522160068421,0.946577657649857,0.98103463662882,0.997982543296607,0.976483984568749,0.980512755792253,0.9843072585183,0.973399462902582,0.990378666492332
"684",0.00382846656680989,0.0102519876445116,0.00591182660388642,0.00336232596159862,0.00121103162455383,0.00405189485955928,0.00313634351958218,0.00379014862829556,0.00428538190796909,0.00308750242141744
"685",0.00770562683360182,0.0131630487951868,0.00938505113382196,0.00720055539246787,0.00413532027451966,0.00761979060724199,0.00723105192859516,0.0069125780535975,0.00785930215645003,0.00612496883944503
"686",0.909120941402508,0.973943075551606,0.949240335382852,0.89345359810707,0.682500739142632,0.918885616464499,0.879222281913306,0.91749940882632,0.92424893181385,0.89531546805748
"687",0.972548356169419,0.95352918663078,0.959716545490479,0.974676279884293,0.985467529087962,0.96668525634609,0.979306070115466,0.959315273956513,0.965737580879555,0.962165589172446
"688",0.941881162359924,0.791330228474821,0.948443805174341,0.948916924425987,0.987964676668753,0.97144233808796,0.900208765448726,0.992025096686334,0.968775524322494,0.995081639688062
"689",0.0113858420224274,0.018457192389952,0.0130536259832644,0.010741274557423,0.00651222972232933,0.0107803058817123,0.0112732065733496,0.0092527628945082,0.0110916994900309,0.0082114257272707
"690",0.92223574245193,0.915260815170246,0.928370928409638,0.922454875885782,0.928934781940494,0.931353005998028,0.912368338423901,0.943600556290182,0.930908297258442,0.946242822714777
"691",0.0202052634363377,0.0290195311553256,0.0129987318782767,0.020099927767529,0.0139362866782038,0.0107860211260968,0.0371642852950981,0.00406806204456945,0.0110968899694107,0.00325205030566788
"692",0.915148574782503,0.974525319879183,0.953962621316118,0.900699320199027,0.710259024935587,0.927820484354704,0.882170002193092,0.931972425035578,0.932410839809763,0.915111561408689
"693",0.00402689707755449,0.0102439911176153,0.00692016516245037,0.00352791816092296,0.00133712915950553,0.0048868249531072,0.00287145702492104,0.00561956664032344,0.00514478503948413,0.0047756941697708
"694",0.00540486718711822,0.00382146743962704,0.00522227624145195,0.00560931547582797,0.00799986905940384,0.00601684029905822,0.00506151532872562,0.00740749438769748,0.00589107037046022,0.00818787456314405
"695",0.960016174109411,0.958341435097851,0.947548099571827,0.960945329300432,0.962732752723534,0.947352750568675,0.970454116335165,0.922550151536135,0.947397837216419,0.918508737761435
"696",0.948631568283252,0.914825032580898,0.947183161290034,0.951309874747849,0.971478240341106,0.95731081300882,0.941875780243162,0.969943575446978,0.95592573514685,0.974348345106632
"697",0.00633548212577336,0.0159650123803847,0.00971900610616303,0.00559984875418915,0.00214234511570636,0.0068271824043748,0.0051338884380801,0.00661507262409864,0.00719428689846614,0.005482273342812
"698",0.991330178981202,0.983282598585818,0.977769519558869,0.992412237673127,0.996208002761535,0.9817952350727,0.996436541382145,0.952408895635125,0.981262075427866,0.951400361469415
"699",0.913927695585339,0.935919407619548,0.938948150506436,0.909235124170859,0.877753275668357,0.932676095105465,0.884352734898206,0.951051122943688,0.933624612859457,0.950554511940234
"700",0.00400878625412445,0.00245110485829332,0.00279425053556531,0.00432025268883538,0.00718700436165708,0.00333648690476637,0.0052225889962145,0.00275215868051913,0.00325052851908028,0.00294362454319972
"701",0.93230813480145,0.952155822980934,0.941075132454689,0.929256184659696,0.899858842917885,0.932689034704402,0.928540891850026,0.929690072827155,0.933999317710817,0.924293882365911
"702",0.938839510661773,0.87027458107086,0.927329215060783,0.94412643032833,0.975359740089588,0.946700422974882,0.936556771043194,0.961360354607467,0.944161360998883,0.968605632836742
"703",0.952556901426424,0.67509065526828,0.914295266867232,0.96344532117446,0.996339860620159,0.963165793140641,0.954221916152801,0.981840627226383,0.958133104230344,0.989537305784185
"704",0.982999777736893,0.991191816811162,0.987932230485741,0.981403477434357,0.963660980269605,0.984545608223163,0.979376641664016,0.985145510791582,0.985100054340155,0.983200595181438
"705",0.0109486981007892,0.00738479505571042,0.00772377313770466,0.0116731447687578,0.0175408060923166,0.00886203980775021,0.0144844410233592,0.00691384987948082,0.00868526615289389,0.00719177564683978
"706",0.925680368741855,0.901050108260501,0.952964105178251,0.925462362495919,0.944357077451463,0.959933266053444,0.86635880168584,0.984842521000906,0.958936839343711,0.987747867075602
"707",0.86998368794712,0.794099641107236,0.820142588168028,0.87902470090199,0.927864163309776,0.847809891510391,0.897853918321599,0.822660839942693,0.843964565409806,0.834078425085875
"708",0.0110637080776751,0.0206907473724487,0.0111084567813538,0.010385221917181,0.00544055231755142,0.0085485149530849,0.0133231945609312,0.00533649005702365,0.00889020479766921,0.00437973915771045
"709",0.887049370091499,0.39856980320604,0.803142603711497,0.913336800714833,0.992604162293614,0.915744753055563,0.887192184126685,0.961999778444038,0.903798028833008,0.979147364604617
"710",0.944321340731732,0.976982167240584,0.948004216506227,0.938995002826448,0.857264162112423,0.925985945019053,0.953738945978594,0.875010065140932,0.929747362561714,0.842319318636539
"711",0.00915934537139051,0.0274890479643988,0.0152508033672931,0.00790472355450851,0.00250652943730879,0.0100121222369185,0.00712690341831056,0.00963996621000539,0.0106575241139,0.00770364815315371
"712",0.961886791794701,0.964098387043268,0.964444162163823,0.961469005909271,0.958993865301122,0.963739813142495,0.959474230537376,0.965971225250243,0.96384313655097,0.965903057185389
"713",0.0194218974646567,0.202574128464631,0.047196400630348,0.0141698388298651,0.00103510370652428,0.0180240155945967,0.0147824921599409,0.0110537898298907,0.0208263544245016,0.00622292374858031
"714",0.943589144595118,0.610994355357181,0.917397293792951,0.956187532754108,0.995985027006928,0.966481967490373,0.928867270987898,0.989121459031115,0.961558717162647,0.994254119085513
"715",0.951825377122423,0.947041448862992,0.956207417734445,0.951957803456987,0.956348835565227,0.958221115672658,0.944729227959279,0.966573749544346,0.957921341843863,0.968318881286874
"716",0.924548276675775,0.924673208489523,0.942706447030033,0.92306289716157,0.922572203581227,0.943871562824971,0.897363719451736,0.963803814772576,0.943681332417614,0.966187542696083
"717",0.992117834764471,0.985671719016438,0.987158505358625,0.992830717494565,0.996159098998632,0.989606499962227,0.99460895095876,0.985823596627353,0.989278162231356,0.986776592923901
"718",0.959981064870723,0.844307616252173,0.936500948022344,0.966463972432449,0.992555560018583,0.963502737300313,0.963896606506601,0.974346666264618,0.960336573070503,0.981769997898752
"719",0.58869561112194,0.784012721446031,0.650479129672163,0.561369905786731,0.329318531994676,0.563050832831823,0.584097773468916,0.490100991972854,0.576447376275014,0.433333527135218
"720",0.549824230001124,0.563050832831823,0.569184507585264,0.547113725413685,0.533141283165113,0.565178215662916,0.531482949979849,0.58529214191028,0.565756053057465,0.585813404673625
"721",0.690356986820639,0.658944186549244,0.651240534082899,0.696083543043908,0.726804507281384,0.661636591272191,0.723466107470894,0.622842801873065,0.660136655096269,0.623344746231991
"722",0.897717699667403,0.481408483072768,0.787081133957264,0.921181938315371,0.991632892541699,0.898177526009034,0.922918728693188,0.925792256218824,0.885755547860954,0.953471025623162
"723",0.995230964435606,0.99261736363657,0.993201848902048,0.995549034578826,0.997175798134517,0.994177340755795,0.996375762185196,0.992717939827047,0.99404325869913,0.993083590925716
"724",0.0123689008505318,0.00549987973238328,0.00825928985344939,0.0137986389602798,0.0315285128856031,0.0112195358016572,0.0153674289324969,0.0110008546936628,0.0107228853685361,0.0128598300135403
"725",0.644945122660025,0.698473679889088,0.641805524591906,0.639572752996845,0.580450874505006,0.617955361522844,0.665148299923453,0.568468661449624,0.621563571778955,0.548843344204167
"726",0.00366233953709217,0.00576476299526543,0.00560342845431533,0.00339529912025129,0.0021156889860136,0.00479220143908203,0.00257891725807565,0.00661009068044647,0.0049032553834824,0.00635322528196905
"727",0.473765165328828,0.734870349684308,0.634169434916057,0.434337092383718,0.193481630480126,0.53290157157229,0.373898596418926,0.575907841586843,0.548248945430135,0.527789380784944
"728",0.131251761002671,0.00817891001537145,0.045698041062336,0.179889050061784,0.81488694404578,0.128378629008217,0.189402178036155,0.18048881306918,0.110855460163087,0.29363028034294
"729",0.843807114040465,0.988901420874848,0.939235397500338,0.791082455046586,0.173882224856583,0.839001124689162,0.791015477474183,0.764062348668209,0.859622474219265,0.633959753433552
"730",0.554820249251631,0.650479129672163,0.605766888656688,0.541191363126006,0.438000752562467,0.569184507585264,0.525376785213236,0.57511124196839,0.574654202751858,0.556618451727833
"731",0.492727702525239,0.433333527135218,0.556618451727834,0.494163673871626,0.554112976256234,0.585813404673625,0.402304040534296,0.716818517566844,0.581412654679463,0.74378273999264
"732",0.58869561112194,0.784012721446031,0.650479129672163,0.561369905786731,0.329318531994676,0.563050832831823,0.584097773468916,0.490100991972854,0.576447376275014,0.433333527135218
"733",0.81534889755439,0.63711760065132,0.71189217058165,0.83462069835763,0.929144173877605,0.776329035636863,0.866617027499946,0.737683439618005,0.767501294141014,0.765529251235783
"734",0.061356126942334,0.0599490220841857,0.0799410692414299,0.0603430236624817,0.0615116860279745,0.0823294898153262,0.0447166724608868,0.124839294329639,0.0819444673268014,0.133434677586604
"735",0.00839553913270525,0.00617556736779534,0.00596605615629456,0.00886959868452429,0.0122079680460637,0.00660615876000111,0.0113089405913497,0.00488229341715226,0.00650879525388625,0.00495086035656701
"736",0.124417704137732,0.107697875196203,0.0495192443616145,0.13427583787482,0.157197550637137,0.0491118553118142,0.299458102190889,0.0120219027603932,0.0492249881391859,0.0099525069898581
"737",0.0375477605982662,0.0335589329168867,0.0308947978297178,0.0384986034544999,0.0433095994149548,0.0319005824379766,0.0453218409127548,0.025570618857662,0.0317551881009245,0.0252683544312633
"738",0.77830257822262,0.810552316907141,0.855886610841349,0.768288051339479,0.728494329364688,0.850600998092982,0.671011121721392,0.917729800092889,0.851326781626813,0.922494951234656
"739",0.311937462295595,0.234234711727218,0.281428480743021,0.322724309795428,0.416871170305806,0.313315520352904,0.322440379286696,0.328294218992165,0.308459916582353,0.348020642904718
"740",0.0106823914802743,0.00948933020269334,0.0104652376528797,0.0108255404297226,0.0122242510881148,0.010976864406083,0.0105514032368369,0.0116248408211647,0.0108990943447951,0.0120046289466033
"741",0.533086421746544,0.501370424025714,0.547127855920255,0.535254536531873,0.567206380228044,0.561270546938255,0.507290753763792,0.606067539623478,0.559146718145669,0.618770489877886
"742",0.98647223999305,0.990511614971999,0.987158505485627,0.985932381264753,0.979791427049239,0.985178387473894,0.987101630462751,0.982153405532159,0.98549160520909,0.9803163078242
"743",0.0153436125902432,0.0132428806029859,0.0110385482443586,0.0159385697334307,0.0186298137390438,0.0114466908275196,0.0213699174048482,0.00763475697800594,0.0113889446324622,0.00738379639675902
"744",0.979039760731209,0.979120282392552,0.977028459216402,0.979167768321282,0.979118310732048,0.976830173967969,0.98115707304579,0.973194647253661,0.976862284858894,0.972565394249854
"745",0.0187178312343109,0.0192118080262665,0.0217293431787135,0.0184720561463217,0.0179391839990964,0.0217415998390342,0.0158911246875756,0.0268958767637085,0.0217361496852139,0.0276499169303216
"746",0.978511494699455,0.860956228123348,0.939425451668382,0.983614275053069,0.997887064928582,0.970407971164305,0.988443919754948,0.964928268748533,0.967057173689794,0.975416273539661
"747",0.00708106735335787,0.0124608881665574,0.0119420119520083,0.00644602098677009,0.00357044138996191,0.00982405550835829,0.00460824781081989,0.0144918804638441,0.0101093290785141,0.0137715998864253
"748",0.00610888039543126,0.0167317340838752,0.00925361727878317,0.00535911455682658,0.00188097793504689,0.00627025870838967,0.00515286075654666,0.00558897105528408,0.00664324155917894,0.00449670241160527
"749",0.0196126746881351,0.0326817922143614,0.0237910834125576,0.0183739659706706,0.0107867027931731,0.0195012967254851,0.0183559220822727,0.0178948950108295,0.0200863288242391,0.0159536155020543
"750",0.980965333078053,0.975132119527468,0.969993474801852,0.982062393337372,0.986490272155919,0.972187555107048,0.987803913303952,0.953970969908944,0.971884025353357,0.952778213571962
"751",0.969151498633367,0.932444184940248,0.957082438374598,0.972186930036308,0.987902670030229,0.968355157342615,0.973169653819024,0.970887533592607,0.966885534542409,0.975455476318776
"752",0.0212224193685955,0.045578446040809,0.0335519124582196,0.0190072329490705,0.00848623925119331,0.0252473697034503,0.0158015520669015,0.0289038420958218,0.0263341468052723,0.0253673051260785
"753",0.0306503377349844,0.0702058176237934,0.0316606639121791,0.0280983612866796,0.0117051792267244,0.022301638193363,0.0381103516064164,0.012291866641996,0.0235048773867074,0.00945668153654797
"754",0.0080310453904109,0.00937120982198732,0.0121725646560089,0.00767724004041664,0.00650606530394709,0.0117850410791095,0.00521507776810757,0.0200374508399024,0.011836691723535,0.0210957806549859
"755",0.0160284773437064,0.0372257415556457,0.0235008015069204,0.0143222391680256,0.00591781390278744,0.0170034857656275,0.0133504539232273,0.0162939338128226,0.0178409148716014,0.0136862546362201
"756",0.852812326461478,0.774988245447323,0.815319251845124,0.861550538395314,0.914182111948822,0.843015500907239,0.871125711796634,0.838756916447752,0.839142473124358,0.85152363946061
"757",0.00445870960290621,0.00415918265259745,0.00585059672037238,0.00440404971451093,0.00470721180445839,0.00614849893085687,0.00319542224452764,0.0098976422451072,0.00610117889980914,0.0107965998738992
"758",0.0125110754257286,0.0268701269926993,0.027573081092373,0.0109460741158502,0.00488949590608514,0.0213336819855308,0.00632858078010729,0.0408854661489371,0.0221504293577869,0.0389691523395486
"759",0.989133615133208,0.990511195953338,0.986409509690089,0.989158927815294,0.987593831933804,0.985375797372922,0.991937456670858,0.977081940869585,0.985538706541318,0.974790415053541
"760",0.980682776710677,0.982197607751646,0.982949826795595,0.980351151957092,0.978594316119607,0.98252671433634,0.97826054767601,0.984713236550484,0.982588179043306,0.984782060623688
"761",0.00890870595897015,0.00695636966866096,0.00864400013488866,0.00915150457193915,0.0117898383710831,0.00955897333317063,0.00855637556844681,0.010990188976273,0.0094166593665832,0.0117881746762333
"762",0.0177151417813228,0.0136905983975241,0.0157456666173363,0.0183297293844563,0.0238822869113135,0.0173710720421575,0.0187547685677161,0.0175519691398653,0.0171202776786983,0.0184936925152996
"763",0.0170899209505382,0.0102278130675242,0.0142183548562322,0.01822360462048,0.0307591725344774,0.0173538616614359,0.0180662943679932,0.019167652462789,0.0168487025848408,0.0215203823374007
"764",0.0596675313437231,0.0396207954042232,0.121901744592953,0.0589726377470316,0.0876865221611299,0.149902184712124,0.0221829545417101,0.453763251166923,0.145294501895111,0.534602756604199
"765",0.054858611598182,0.0326066910220112,0.0332697119176627,0.0598030886879658,0.100723849276103,0.0398175119579424,0.0822729652478825,0.0268780252297443,0.0387872820969925,0.0280634967800652
"766",0.0229362322006169,0.0293056309795787,0.0323579685572116,0.0218352564210521,0.016856798551966,0.0300096798707457,0.0166037364602759,0.042586194169643,0.0303382652514807,0.0428504287553008
"767",0.719634231272352,0.942094907128829,0.746807086081264,0.678702876128323,0.241113942465539,0.580065706970234,0.793015907070728,0.298163140156908,0.607372921738343,0.197496233410202
"768",0.102559648511037,0.394543495893435,0.296525295222368,0.080459538166842,0.0141734760566551,0.184025457938052,0.0415559830918804,0.317629777412177,0.198247596252847,0.269746979465991
"769",0.0803935747125708,0.0119393384397239,0.0344563458663111,0.101999759307215,0.466964707423013,0.0706233091777052,0.118218968009675,0.0771423340121539,0.0636175873599053,0.111341641274046
"770",0.02394914883884,0.0221968510562959,0.0427009479217526,0.0231526882363078,0.0247763054872348,0.0460090086588209,0.0119297373425783,0.115237077897256,0.0454704645619639,0.133584293107315
"771",0.0610079170634684,0.0982516785620716,0.134672658156676,0.0548056864129609,0.0325378463852189,0.118275976419049,0.0271465314787661,0.262354395042674,0.120508614751248,0.271875317431857
"772",0.0419964154500278,0.0515430943003483,0.135109122390156,0.0377244408651235,0.0298604729666452,0.136002350693962,0.0107752315671813,0.493960673028761,0.135701909907041,0.553590947577413
"773",0.314601073790312,0.200632897501924,0.266340892683439,0.33146156556069,0.480239254889531,0.314375615686234,0.333433722152597,0.334016398082447,0.306956639018281,0.364180040094982
"774",0.0638760873122595,0.0201546762961609,0.0557113095169744,0.0721335180585281,0.210276015377327,0.087715905833245,0.0530697739759819,0.159431050380849,0.0820593293443301,0.210608423163836
"775",0.476152105675198,0.869424053409631,0.543469792577658,0.422121537578435,0.0863567703378665,0.346475376578202,0.549577647956211,0.152054384236609,0.374265682665239,0.0929302701538356
"776",0.00185672599469392,0.00116400978384489,0.00152784397848458,0.00197269468081486,0.00319201119117019,0.00182837770881826,0.002015445594219,0.00191858094306435,0.00178034757672467,0.00211910561818046
"777",0.00116400063540985,0.000827591290031184,0.00137969921389184,0.00118999879098657,0.00168263967178562,0.00161102480134265,0.000863623328921226,0.0027186977873095,0.00157383181322069,0.00315175777619003
"778",0.816252748319864,0.827245871668448,0.841393037262967,0.813216326100081,0.800766174974425,0.839015644073627,0.787575360642656,0.866652312567858,0.839346095827055,0.868865195227043
"779",0.00544539990746934,0.00614808217078897,0.00430203661611739,0.00547028515137004,0.00484981176647139,0.00401655003824439,0.00739993511528124,0.00253256953717113,0.00405906221438167,0.00230246789948036
"780",0.0010971579611932,0.000723153104862414,0.000838074181422274,0.00116600679211814,0.00179509590928022,0.000976682422901779,0.00131685617878763,0.0008784224119565,0.000954880046200949,0.000938151154317479
"781",0.00161888996519027,0.00110314388231879,0.00120112562741096,0.00171829113361185,0.00255778432915213,0.00137745156707153,0.0020293070733289,0.00115430086035626,0.00134998764516178,0.00121144698453003
"782",0.00102178442189163,0.000652526287610159,0.00127133381003456,0.00105226545431067,0.00165936759584785,0.00155808862554512,0.000694090273203445,0.00307547814385814,0.0015110684841905,0.00373021348021975
"783",0.00424554959359654,0.0011620654173824,0.00152171831480408,0.00519673127734325,0.0197198959114,0.00241410784363171,0.00927165068775833,0.0012915162435643,0.00225583955075071,0.00151409207715015
"784",0.879399924355492,0.853937339870689,0.896531893193075,0.880444202088933,0.902035713199271,0.905892943591766,0.848372069548668,0.937105758768855,0.904526921595227,0.943338061825746
"785",0.00318834282675032,0.00221357047259629,0.00238938425423245,0.00337533285968624,0.00492711816756357,0.00272100651978515,0.00397313229029598,0.00228361989924438,0.00266952365379464,0.00238844394087137
"786",0.00167732373102679,0.00120096852021691,0.00112040324310589,0.0017847602505313,0.00253002885097284,0.00124861738870052,0.00240725387125554,0.000855162033490482,0.0012291134160679,0.000861543427010788
"787",0.00153340972577783,0.00233183100488862,0.00207733993577036,0.0014389804886133,0.000931417903088693,0.00178548110971132,0.00122912277969876,0.00209052631712631,0.00182573439198231,0.00197223148452054
"788",0.0017129287684875,0.00179261998644874,0.0016841953515267,0.00170719315105546,0.00162994457618311,0.00165045501649112,0.0017707397420797,0.00155301829359804,0.00165548647590192,0.00152476797355749
"789",0.130785760938913,0.147969456400452,0.0799690643168019,0.133606480621023,0.118473177189979,0.0728005314955629,0.227737326867539,0.0290002051375493,0.0738750601262564,0.0243992609394184
"790",0.704438559789454,0.659441792892926,0.694661142340575,0.709433032950502,0.751429132011461,0.711970231584344,0.70242995377816,0.728949717678807,0.709430987966519,0.739477541253499
"791",0.0181247397692517,0.0204784473028311,0.0284665518310661,0.0173364653976415,0.0151732916873875,0.028012481401778,0.0111577808677901,0.0512566519866576,0.0280658193048918,0.0548977856814473
"792",0.00144105266470651,0.00145934461655732,0.00162610755081646,0.00142694152205241,0.00140570377840972,0.00163259127721051,0.00125935249144601,0.00195329433439622,0.00163140026504617,0.00200313648901553
"793",0.152276649941364,0.178170628392566,0.174090145723899,0.14842017368736,0.125376527076503,0.16478771183285,0.136663708611605,0.180180453786756,0.166127652063942,0.177185804915368
"794",0.00229366916293017,0.00287304883679908,0.00256341173536601,0.00222485827233602,0.00176278816755207,0.00235374634501296,0.00216174867424513,0.00236207531829423,0.00238366715700045,0.00226073089208548
"795",0.0118439649246539,0.0350200447171545,0.0308893654780662,0.00990841373750507,0.00315304109128474,0.0211923820757982,0.00543249369124484,0.0414486496914395,0.0224013176753938,0.0372366529372246
"796",0.00595040562391434,0.0052304238674391,0.00687678189377066,0.00596611702944865,0.0067913268197785,0.00733634880854695,0.00484626907568102,0.0101332703225238,0.00726459065988664,0.0109231087437596
"797",0.00224825464431353,0.00198733485905027,0.00220372539547552,0.00227943649926278,0.00258731673569418,0.00231636543433421,0.00221598172011383,0.0024644841575763,0.00229922157190898,0.00254938436563513
"798",0.0154153337872304,0.0313166386207232,0.0227059119856287,0.0139600241230454,0.00664551219272418,0.0173949151762433,0.0122524768850035,0.0186128553218726,0.0180954686336263,0.016344711024065
"799",0.579411416828295,0.589872450594133,0.609402542967831,0.576203825456604,0.564866551102875,0.607393011813101,0.547526988204499,0.645289187413142,0.607660475501893,0.649061940284675
"800",0.00611229212820944,0.00382462204675387,0.00739803302480577,0.00631949572769653,0.0101673290304629,0.00911959378037045,0.00425812837392105,0.0174415638986587,0.00883714480243792,0.0211022042201931
"801",0.00238614626302086,0.00247437218772395,0.00534067694734772,0.0022451517103988,0.00213343387554421,0.00559424637613884,0.000955647664020324,0.0190142766274802,0.00555060686482698,0.0227633983611072
"802",0.00185060881358794,0.00147983821697015,0.00225831071218441,0.00186594605947403,0.00233807881701875,0.00251656668802591,0.00137607555401649,0.00406615673918511,0.00247561752985939,0.00457511616821029
"803",0.00117044369230185,0.00132069743458559,0.00172349542008969,0.00112502700749556,0.000987482211427345,0.00168815150200586,0.000778762824006205,0.00282093597802247,0.00169265644023296,0.00298175218876286
"804",0.00295334057190017,0.0146283631388195,0.00454716788830922,0.00243820941014666,0.000465062079107482,0.0024069247493495,0.00292967665886181,0.00140195032162376,0.00264596985172912,0.000939022869265893
"805",0.965757807662482,0.899636269020909,0.942149874707597,0.970495039328968,0.990779704489234,0.961794585981507,0.973959722848524,0.962090071789071,0.959353147292914,0.969558817995556
"806",0.0028596871987216,0.0157077318457421,0.00543348038119273,0.00230160447671611,0.000392937905141634,0.0027996544429535,0.00229924719325117,0.00209596500711587,0.00308945986887747,0.00142991839895234
"807",0.00268125820742198,0.00273366648596407,0.00312298344456348,0.00264724387892501,0.00258847540921575,0.00313422295808031,0.00226406211726455,0.00392000555968056,0.00313200677408245,0.0040422516253864
"808",0.889027012138657,0.795278721169842,0.894202591294211,0.895625309260707,0.947359581571003,0.919827317308594,0.858137945951126,0.95568578149041,0.916388829969785,0.964810921255961
"809",0.0404967738975234,0.209418470454468,0.0317554504911568,0.0345141870965024,0.00543840360914975,0.0147476790405659,0.0895704182215931,0.00250926816881566,0.01655649237989,0.00132826561232055
"810",0.000862234829028152,0.000730312655842199,0.00105374592506191,0.000864299279359773,0.00102105298717678,0.00114663210447703,0.000651356437630712,0.00177862253638176,0.00113199099949615,0.00196653258057952
"811",0.00371338603977685,0.00407877196823101,0.00287617097127308,0.00374593017308743,0.00341733436193442,0.00271227204609073,0.00511976870181217,0.00169335788180215,0.00273694729158675,0.00154560327113115
"812",0.00265341182965715,0.0119695771840134,0.00438050161458973,0.00220065514773291,0.000462423759996134,0.00242567532488969,0.00236040847903974,0.00169410429223993,0.00264842877050776,0.00118931947520104
"813",0.938237703086253,0.901360588971725,0.916715182266414,0.942377359170374,0.965134681511656,0.929931204181949,0.949603311236365,0.921736223300093,0.928110830677342,0.927432510008933
"814",0.803742583704905,0.575723008052533,0.822806354772839,0.819294295187465,0.933464468021429,0.881343285953621,0.717234629217451,0.954218094332113,0.873786131250803,0.968138568533688
"815",0.00172803611480405,0.00281468777492601,0.0020868069673572,0.00162368559283609,0.000981312251450789,0.00172765128009617,0.00161378157138757,0.0016043227940889,0.00177675433114132,0.00144058787696184
"816",0.122302756334261,0.105409206893583,0.1001728320858,0.125860379357741,0.146492013610536,0.105024628393518,0.146270858937518,0.0857354329031378,0.104309866251371,0.0856127804961693
"817",0.0102345193861629,0.0126862538927328,0.0169657300108822,0.00966221496989014,0.00768192040331473,0.0161303890624829,0.00609977601462606,0.0300612576508043,0.016243483858034,0.0317221527784474
"818",0.00171903562586083,0.00199380521729673,0.00183672187467615,0.00168574588271986,0.00144643866060964,0.00173545808518156,0.00166658530125628,0.0017206162066204,0.00175010319926045,0.00166884013924564
"819",0.867904133799539,0.829392688265676,0.85928076548756,0.871906563555757,0.902718448422756,0.873161922699124,0.867058385695812,0.885186942700004,0.871173224492504,0.892769367999863
"820",0.0344320857459093,0.0424476828745608,0.0360922964477881,0.033602018079447,0.0270461541969337,0.0331873321553855,0.0347662961682055,0.0304698562842304,0.0336049781080667,0.0288440535929564
"821",0.00128069780977393,0.000699036281879821,0.000963838578695323,0.00138846447232903,0.00259295249266316,0.00121363621824007,0.00147670502947534,0.00122988130187662,0.00117291841460156,0.00138853770120983
"822",0.00931034419096342,0.00311419603940324,0.00707683403343969,0.0105886537760464,0.0321663195241135,0.0109200883392601,0.0091567592585511,0.0162105783961519,0.0102387781249775,0.0213134442465303
"823",0.854980689366171,0.830545790042494,0.836601123749466,0.858480471746231,0.880207179110939,0.845445285974092,0.86761044145243,0.834575561963418,0.844169335552524,0.837850589008756
"824",0.00101051965177336,0.00126760290662244,0.00137113843163626,0.0009666593836374,0.000762283240247062,0.00127706148791539,0.000762671297471998,0.00173378379772186,0.00129026287054192,0.00173820001476156
"825",0.00186257300871538,0.00577267948652726,0.00269790047290898,0.00161954931396903,0.00050354222858398,0.00173150151368728,0.00171665866783209,0.00131224886129883,0.0018494556723342,0.00100549634665042
"826",0.00223166901617606,0.00276432909692779,0.00230862731298198,0.00217906842446238,0.00174873492415091,0.00211711934781914,0.00229053790828676,0.00189864804932451,0.00214462289749227,0.00178981883467873
"827",0.966744993494027,0.971524085411979,0.957060980002514,0.966835645422649,0.961324157536424,0.953340792748191,0.976407887836374,0.922772706250654,0.953928801687621,0.91421841837926
"828",0.00202636258598749,0.00273836228169496,0.00283849198807129,0.00191963496984577,0.00140160256590776,0.00256929979149436,0.00150799519002147,0.00346533410322229,0.00260687557773912,0.00342018091507395
"829",0.00157589855827902,0.000787213558465327,0.00235840252364802,0.00164162158833708,0.0033168676786497,0.00324598859577423,0.000803766727054987,0.0102526556096229,0.00309330645618754,0.0140036748721732
"830",0.00262508762099022,0.00176825028743136,0.00290622307431248,0.00271135291830156,0.00405544324145496,0.00345234243805208,0.00207210953200543,0.00545231056274101,0.00336425243168959,0.00632215775657011
"831",0.00271700023558346,0.00172786276025527,0.00201922793354273,0.00290344357662587,0.00463685329255629,0.00238351594829846,0.00332876045177233,0.00210991097070525,0.0023259296372654,0.00226376147859064
"832",0.0019916449267319,0.00331917400122696,0.00347702823047193,0.0018188095682478,0.00106682998188552,0.00293324946215485,0.00122651383754559,0.00476232714020742,0.00300691715335715,0.00464148127557446
"833",0.710754561485172,0.755797403036732,0.728551094777397,0.70467883489772,0.652891769906952,0.7105213942461,0.704290873505451,0.70295677062196,0.713241004664685,0.692176098153773
"834",0.659337532873702,0.649658420015567,0.517275610464154,0.669649238089233,0.681482074361968,0.510442490071975,0.790093572150298,0.299348439614696,0.511629243637951,0.272952319362589
"835",0.14768832157277,0.148357109552388,0.134519779900654,0.148595268675459,0.148144238917913,0.133299859776692,0.16430608057121,0.11444418146193,0.133495663757151,0.111645720513085
"836",0.549824230001124,0.563050832831823,0.569184507585264,0.547113725413685,0.533141283165113,0.565178215662916,0.531482949979849,0.58529214191028,0.565756053057465,0.585813404673625
"837",0.974417520115423,0.96540297340739,0.967614826153784,0.97559675453449,0.982212180076843,0.970919915433569,0.978627940345583,0.966553857106564,0.970455308013276,0.967792935182162
"838",0.554820249251631,0.650479129672163,0.605766888656688,0.541191363126006,0.438000752562467,0.569184507585264,0.525376785213236,0.57511124196839,0.574654202751858,0.556618451727833
"839",0.000465183022345102,0.000182225241163914,0.000315981250787383,0.000525176133085539,0.00138023647113684,0.000453269056960304,0.000545573676198291,0.00050287356760723,0.000429658016736097,0.000614630732590099
"840",0.9069060173534,0.871761221477412,0.891735963663741,0.910876309217821,0.936784607988166,0.90427469621141,0.913711840986894,0.90510564327244,0.902503115316869,0.911144119109023
"841",0.000771562929665131,0.00066936979752023,0.000855404046033533,0.00077691083990403,0.000897050457953777,0.000914733275161181,0.000656550448012436,0.0011966974836683,0.00090550593178622,0.00128277112912069
"842",0.859003305374179,0.819878653001949,0.843577314290217,0.863526130964539,0.895261898117947,0.857807809364241,0.865123153220943,0.861397522680185,0.85576831708349,0.868640152665027
"843",0.917389189914199,0.886396151809798,0.913475685618132,0.920292784258456,0.943150226044635,0.924141026831101,0.913595945835069,0.936304558391172,0.922631234148275,0.941935525796072
"844",0.000119442704799619,0.000145629029726026,0.000212711345711737,0.000112394364697986,9.08326183981924e-05,0.000204685385694526,6.54290185416384e-05,0.000434390582913116,0.000205732860190515,0.000469202687806347
"845",0.000129434230528848,0.000146467410620304,0.000122190187869608,0.000128365056147338,0.000113204544714398,0.000115546959090307,0.00014355581105695,9.61696116800607e-05,0.000116524016701411,9.12323839631549e-05
"846",0.000150988292539728,0.000209219312380657,0.000216746219154794,0.000142432224618415,0.000101337388855655,0.0001945107937007,0.000110104222210083,0.000267512341584634,0.000197603635511563,0.000263507484217364
"847",0.000513299881931399,0.00136410292545779,0.000857637840924121,0.000448755967794269,0.000163315587529081,0.000593602570649528,0.000383163760908353,0.000632498689409669,0.000626811361610819,0.00052678752055574
"848",0.869296946727512,0.854753848112017,0.85346055814267,0.871740637613023,0.885349341526464,0.858493594305981,0.881834164502347,0.843931468473127,0.857768652574465,0.844766687590286
"849",0.703327125587172,0.675946716690609,0.679626043184374,0.707629858029284,0.734375248037855,0.689305218092749,0.721488469395349,0.672576060287424,0.687895282808899,0.675505727993268
"850",0.242796641861668,0.239161424408976,0.248547327243357,0.242757630189753,0.246421677066037,0.250541906600305,0.235226759036982,0.262664596694532,0.250236581838401,0.265332118358378
"851",0.00015152439323506,0.000126059896787514,0.000228559218094107,0.000149903995239893,0.000179729423718142,0.000254638052617857,8.94287034875532e-05,0.000556475320116641,0.000250443525789578,0.000651010658389314
"852",0.0254519001207937,0.0265818846029871,0.0265605155659539,0.0252646952746978,0.0241457769516782,0.0261694973295153,0.0245576588273256,0.0270691998706988,0.0262263383402636,0.0269790433988034
"853",0.636792102982824,0.618036912809108,0.621239956572424,0.639740181706085,0.658719735157465,0.627883217676578,0.648758367294708,0.617652283601807,0.62691061943456,0.619796914606417
"854",0.000385436747935186,0.000310505163827619,0.000543515513307542,0.000384379468473795,0.000476852418266019,0.000610544346208027,0.000243363109187042,0.00123024276542021,0.000599792906531263,0.00143029645298465
"855",0.000213284857296807,0.000217095906755093,0.000209266106810841,0.000213194524321171,0.000209429125313207,0.000207426147638512,0.000219163400556181,0.000198667969102442,0.000207704561501171,0.000196661650134934
"856",0.000600372914034906,0.000996653759910525,0.000821065985997352,0.000558105688523691,0.000330199205040495,0.000680881485996985,0.000488900111340406,0.000757193830832389,0.000699960884588186,0.000696538656909225
"857",0.000673601368870211,0.000685010782079362,0.000630037595158775,0.000675668211831981,0.000664901866817596,0.000622455799127416,0.000731001671488474,0.000553580926524109,0.000623629863696285,0.000541852665570322
"858",0.286975566326306,0.276606657204735,0.291798529892366,0.287685546733688,0.298477837869236,0.29660256981376,0.278370686476013,0.31257583617033,0.295876114697931,0.317266392778472
"859",0.00201562077644641,0.00679249236825887,0.00198696559670198,0.00178605630673214,0.000512671572931655,0.00119510666358535,0.00296329888323771,0.000464948119624713,0.00128951411880981,0.00031603395980186
"860",0.000198272794100945,0.000156595532887992,0.000345153140942442,0.000195180651226188,0.00024621025966415,0.000397275398022472,9.77258041731697e-05,0.00112946899844186,0.000388770145384721,0.00139015379922292
"861",0.000711151045619954,0.00195829122349414,0.00134600945691422,0.000614042220499132,0.000214950783733674,0.000926728851984004,0.000465050802194557,0.00116816986629241,0.000979212009088182,0.000991555744491913
"862",0.000259929360310214,0.000260347796977358,0.00045823891703585,0.000249634286429913,0.000246812293121824,0.000478209261360096,0.00013570220652441,0.00115876995141777,0.000474868886704819,0.00132791261325656
"863",0.794198010644818,0.828757470924626,0.829042336364465,0.78776789950913,0.745663499173943,0.817871650008101,0.760798716785673,0.843960467096966,0.819539036146466,0.841853739351608
"864",0.000351414302041125,0.000635114854838609,0.000589493995001967,0.000319242821425149,0.000172527569709485,0.000479275414603333,0.000232299378049688,0.000687883929840602,0.000494051096675649,0.000647280839481712
"865",0.00191782985523695,0.000559564216658639,0.001512121312571,0.00220630740639382,0.00779303869410901,0.00247942240546374,0.00173414459424259,0.00433352168236385,0.00230344327352745,0.0060146612394952
"866",0.000248823290318411,0.000199030237420046,0.000495847125491059,0.000242294677481941,0.000300994915396315,0.000573604053634596,0.000105423539280786,0.00199437317823179,0.000560817372212076,0.00252540982786533
"867",0.000310930230353646,0.000349127068183957,0.000385354281616956,0.000302695975714316,0.000267824210281102,0.000373269424666682,0.000251778272343023,0.000478304463589072,0.000374961543980723,0.000485748099716346
"868",0.000364514309970502,0.000984772471267709,0.000543178638358322,0.000320754273971933,0.000115024520652694,0.000370131457902179,0.000311835008940344,0.000325676824211145,0.000391800543487055,0.000262492372937093
"869",0.685518581192746,0.511161416543582,0.561110589701612,0.709035818303714,0.839228136639036,0.625015608628853,0.762874745162345,0.557739352327646,0.615820088897621,0.582661987810683
"870",0.205137296676,0.475778533189364,0.406197563775465,0.175137974201548,0.0544351420574402,0.303848270447198,0.109952172354481,0.436437622204537,0.318003193287479,0.397726943544984
"871",0.658243904396302,0.552576457413251,0.672319815514441,0.667189650109807,0.759460949848624,0.712722240401761,0.610212455808715,0.793075377856898,0.706859323645571,0.817318383262987
"872",0.69357609105174,0.356676939321505,0.473317929818402,0.735626765254782,0.922760641029378,0.600739384052232,0.80997142397357,0.506950754745883,0.582377766704985,0.561255704256884
"873",0.654394105939244,0.412729496222656,0.492722056300589,0.686770970121761,0.859598618379674,0.582421125288276,0.750918230693243,0.509581942256059,0.569394296186931,0.546914527062486
"874",0.70012357637813,0.478990365543007,0.639798171646568,0.723250283371555,0.872160434959461,0.719465857290935,0.706585082722679,0.771896627382232,0.708314591048163,0.809308253057094
"875",0.579730738058264,0.700552854635438,0.714612354808494,0.556367543928397,0.41945060121475,0.677740552762244,0.44966857666586,0.781820202898056,0.683266183119821,0.778071165380581
"876",0.501592966844406,0.490100991972853,0.57511124196839,0.497484712187346,0.507989463207253,0.58529214191028,0.413988401950266,0.699046569102739,0.583694274900906,0.716818517566843
"877",0.583036720804025,0.561369905786731,0.541191363126006,0.588118993763909,0.610595057458724,0.547113725413685,0.623287609765905,0.497484712187345,0.546276384985295,0.494163673871626
"878",0.581633936016506,0.735156153939216,0.700272382448665,0.555613256723357,0.378959757730088,0.645710704292975,0.48593973680098,0.708711328221832,0.654025544179636,0.689430893247488
"879",0.501592966844406,0.490100991972853,0.57511124196839,0.497484712187346,0.507989463207253,0.58529214191028,0.413988401950266,0.699046569102739,0.583694274900906,0.716818517566843
"880",0.576431096772676,0.329318531994676,0.438000752562467,0.610595057458724,0.818143615823545,0.533141283165113,0.654384841373322,0.507989463207253,0.519059888336333,0.554112976256234
"881",0.55060212294361,0.576447376275014,0.574654202751858,0.546276384985295,0.519059888336333,0.565756053057465,0.530671940994243,0.583694274900906,0.567062147130332,0.581412654679463
"882",0.492727702525239,0.433333527135218,0.556618451727834,0.494163673871626,0.554112976256234,0.585813404673625,0.402304040534296,0.716818517566844,0.581412654679463,0.74378273999264
"883",0.492359538101463,0.406077344103229,0.643713923394962,0.490075482132406,0.576363424383179,0.686694355339005,0.299405825025317,0.883081801634089,0.680297138395963,0.907362299935668
"884",0.513925147658157,0.36774028194803,0.406067019117362,0.536565296518034,0.68272343456735,0.458938353866432,0.592554390249118,0.402650241531699,0.451066617276014,0.422594748865822
"885",0.486074852341843,0.63225971805197,0.593932980882638,0.463434703481966,0.31727656543265,0.541061646133568,0.407445609750882,0.597349758468301,0.548933382723986,0.577405251134178
"886",0.554820249251631,0.650479129672163,0.605766888656688,0.541191363126006,0.438000752562467,0.569184507585264,0.525376785213236,0.57511124196839,0.574654202751858,0.556618451727833
"887",0.549824230001124,0.563050832831823,0.569184507585264,0.547113725413685,0.533141283165113,0.565178215662916,0.531482949979849,0.58529214191028,0.565756053057465,0.585813404673625
"888",0.549824230001124,0.563050832831823,0.569184507585264,0.547113725413685,0.533141283165113,0.565178215662916,0.531482949979849,0.58529214191028,0.565756053057465,0.585813404673625
"889",0.0595891955396314,0.0603052762271815,0.0776291979302291,0.0584000361249856,0.0574242752573364,0.0788116343486699,0.0439165218420206,0.116670799242712,0.0786108733042075,0.123487883534246
"890",0.582367527395705,0.533879069142723,0.592312603836321,0.58644695097008,0.634182572994157,0.612691078924699,0.556201909081062,0.661864559250362,0.609657142034247,0.677711029744999
"891",0.0959745100570226,0.0917523204643182,0.0955211810381211,0.0964392311837793,0.10097195200712,0.0972878841784066,0.0951921275911547,0.0998968543676644,0.097022474457424,0.101191589521508
"892",0.00922769629185321,0.00873052652438714,0.00984365246440963,0.00923653632041517,0.00976469747198424,0.0101230011704802,0.00842532238406166,0.0116758706622209,0.0100800242078778,0.0120663026444473
"893",0.992175548200024,0.991674275451668,0.991997408746427,0.992236493885151,0.992718107798478,0.992188360150202,0.992230036804099,0.992279717477473,0.992160304550948,0.992387498072483
"894",0.0108699537885426,0.0130458258835826,0.0177584339875126,0.0103060939342514,0.00847268179807055,0.0170928834224475,0.00652312508045344,0.0318928005532915,0.0171813918897775,0.0338712984984645
"895",0.966226130167914,0.851306565015343,0.925160053969192,0.972732590089373,0.994712708260507,0.957736644609395,0.978715988032896,0.953695058111035,0.953955179281599,0.965357191131728
"896",0.00469141136886701,0.0068629474213044,0.0064811237682582,0.00441330815820424,0.00296986486239119,0.00566992738137112,0.00363308995228881,0.00704730757403542,0.0057823480919823,0.00676199996487117
"897",0.0161074289524494,0.0577122704551677,0.0266525651790761,0.0136415088183409,0.00353490657072084,0.016172372858218,0.0133588231668178,0.0133669916767981,0.0174220265396175,0.0100370539152279
"898",0.0278909707918236,0.0939102956303063,0.0418843392605939,0.0238996430929181,0.00647803812975768,0.0257587590279273,0.0254639736658955,0.0189723421151729,0.0277010324886588,0.0141050519665385
"899",0.882582697474912,0.949520127542561,0.887325097306953,0.872354257561299,0.727374327414697,0.843588252463968,0.903944561159425,0.743524284611235,0.850903160855319,0.687349966596665
"900",0.01388100101627,0.0166220366806766,0.010866899101128,0.0138709492745016,0.011575418710179,0.00989014989650067,0.0193888832027712,0.0058685976129238,0.0100331772342429,0.00522264926399907
"901",0.0144015965698518,0.0351237433253258,0.0124072372945479,0.013299878730696,0.00527634432880688,0.00841937166408888,0.0224048695536275,0.00335046543822916,0.00892410517243199,0.0024280821899509
"902",0.00511997529902912,0.00566702810939092,0.00775935814172292,0.0049205770977884,0.00440262467341955,0.00767864124855916,0.00327408600517134,0.0135934838331302,0.00768708663095016,0.0145501064264013
"903",0.823470343199261,0.65750797396752,0.739880353686645,0.840785115989023,0.929707298880981,0.798568388044556,0.862738130636914,0.781625305857035,0.790558223641203,0.807579263103155
"904",0.00946326597749662,0.00698233783037189,0.00800517140752395,0.0098718820617615,0.0135038490561683,0.008970154878851,0.0104549466353066,0.00868869951533567,0.0088205504871727,0.009179513705466
"905",0.122202217081429,0.108376329726629,0.208393270714197,0.118849210965552,0.132933532761786,0.226282785244519,0.0604463271908789,0.467422327329622,0.223417571311498,0.516466966107951
"906",0.0185932622437729,0.016128308958392,0.0120755281439435,0.0194439803937776,0.0226478442076324,0.0123994086271435,0.0291019773224327,0.00700916619753446,0.01235643020888,0.0066012139474952
"907",0.00823504715718868,0.0307676900678118,0.0143453241168251,0.00692790233450085,0.00174569025078417,0.0086148684711275,0.00650846216131846,0.00752384144666249,0.00929306238249745,0.00566655504816984
"908",0.018503548157125,0.0138721372226937,0.0125291642903157,0.0195759922918661,0.0264186093942213,0.0137159078569567,0.0264492962963499,0.00925583750733321,0.0135376202193892,0.00922188058915425
"909",0.0375584596165651,0.0640768615099271,0.038168547814377,0.0355346138255048,0.020286845397214,0.030480767862143,0.0434251546534839,0.0206614557627186,0.0315258668397976,0.0174472859019901
"910",0.756902679677771,0.90984613506894,0.845722719471211,0.726677400319727,0.44108971444466,0.778130995296406,0.69921533724664,0.7773168052794,0.789337539847045,0.734506778794594
"911",0.00491679874181956,0.00167283287005047,0.00372028460463395,0.00558553202289155,0.0168036161107658,0.00570228379940748,0.00488411949414093,0.00831492241808265,0.00535161335033517,0.0108831010117696
"912",0.00916103114596701,0.0138710387527278,0.00959292658793971,0.00875859131526586,0.00571097991395821,0.00809543100844019,0.0098568120185835,0.00635004187948529,0.00830314538109028,0.00563347976993975
"913",0.188863312357981,0.198971942324184,0.226901905701486,0.185378077126639,0.17500459686293,0.225283660582664,0.154026991148558,0.284553069038821,0.22547985088199,0.291854740670087
"914",0.00702253320415813,0.011252795177264,0.0102617438362321,0.006519647685459,0.00398827040007581,0.00868047067970196,0.00524033220640126,0.0109925830595429,0.00889672532554905,0.0103903985563205
"915",0.0337044009621485,0.0215832014520318,0.0218960526750835,0.0363172509439302,0.0572468172955703,0.0255224027381192,0.0480567855239562,0.0181750901916318,0.0249573701649186,0.018842206349938
"916",0.752149011878842,0.777643744182745,0.78245054930823,0.747219094803664,0.718201213927197,0.774498318750903,0.722772856364556,0.80095643390587,0.775666943022918,0.800396310827101
"917",0.00812471924301882,0.00433861550132469,0.00622754958415822,0.00881492622303523,0.0167709688101935,0.00792262077530257,0.00911323122436466,0.00839551427421079,0.00764506961891523,0.00958225044634661
"918",0.0223393437809397,0.0238190005311805,0.022287230778387,0.0221998643006409,0.0207866287263088,0.0216951825005913,0.0228393692671807,0.0205906620465062,0.0217827492827535,0.0201678697708364
"919",0.0137178461148661,0.0471026646401888,0.0194785828213842,0.0118026170735569,0.00322725805887515,0.0118941080949447,0.0133923942358428,0.00799249056993459,0.0128021108813288,0.00586357722737501
"920",0.986282153885134,0.952897335359811,0.980521417178616,0.988197382926443,0.996772741941125,0.988105891905055,0.986607605764157,0.992007509430066,0.987197889118671,0.994136422772625
"921",0.00353753015728143,0.00418192309812282,0.00383399322555603,0.0034588898563035,0.00290954880693734,0.0035978636151154,0.00339351266968283,0.00359528522833031,0.00363188935709299,0.00347822710962724
"922",0.58869561112194,0.784012721446031,0.650479129672163,0.561369905786731,0.329318531994676,0.563050832831823,0.584097773468916,0.490100991972854,0.576447376275014,0.433333527135218
"923",0.549824230001124,0.563050832831823,0.569184507585264,0.547113725413685,0.533141283165113,0.565178215662916,0.531482949979849,0.58529214191028,0.565756053057465,0.585813404673625
"924",0.577906540211691,0.815154811164652,0.708244150236375,0.53901460064771,0.258870261545937,0.609069962896828,0.503003011112939,0.611695179121785,0.624584380905664,0.556169503303049
"925",0.00400529994304248,0.00401439351837538,0.00335119690714942,0.00405537712719505,0.00405834692114005,0.00330270072815666,0.00491680539508157,0.00249421252345169,0.00331056474792198,0.0023873007669545
"926",0.230972602440945,0.0573193440078739,0.176510386412471,0.265242360745231,0.650988125854048,0.288926616028841,0.21412131865432,0.445157313294971,0.269762749157304,0.549724024673377
"927",0.012989749888347,0.0208348058692004,0.0134543122063773,0.0123561329940545,0.00758456335581579,0.0110706999024044,0.0144049973677215,0.0081629137051053,0.0113980181606182,0.00708874012970518
"928",0.861418338180569,0.779155772018956,0.826622126118391,0.870194265054426,0.9232611977903,0.855391149752702,0.876490725509295,0.857053633805358,0.851395417844948,0.870426420514099
"929",0.0036164142023251,0.00607434514142315,0.00447645798408949,0.0033815098794775,0.00197821713726982,0.00366550612713375,0.00331379565416058,0.00345604999617427,0.00377580412140797,0.00309159283187215
"930",0.00358663670533109,0.00678213564942643,0.00522337723261292,0.00327589750497472,0.00169162422229604,0.00412221409145963,0.00282657269184915,0.00458220638626073,0.00426898348214877,0.00410773855406001
"931",0.874797714180368,0.821676757604823,0.841162964848978,0.881366505795267,0.9195852834517,0.860463195214854,0.894326324615278,0.84560639264052,0.857746312821962,0.853745790174
"932",0.00383680127181956,0.00541023914138661,0.00508574120768944,0.00363340706280384,0.00254135635091673,0.00450347358712599,0.00308151450854608,0.00539528435675428,0.00458465019469568,0.00518478611447736
"933",0.901663378663219,0.994222896967535,0.98237209522414,0.85742248586065,0.224238101582236,0.949644340248509,0.737902744351031,0.971851000488322,0.956765514661052,0.95509094233911
"934",0.404605766675809,0.432234714248461,0.427540722854482,0.400258419734995,0.372298623202667,0.417757767816005,0.38694572241634,0.432853812627744,0.419190496735221,0.429702717242386
"935",0.0258775284231441,0.0148362134484313,0.0176713338777152,0.0280956932013804,0.0494799886143746,0.021639712878557,0.0337921086859945,0.0181326797273695,0.021004315650599,0.0196905092589983
"936",0.444267070448917,0.405372462498194,0.396449266715285,0.451659868881061,0.493145502229968,0.408794740203621,0.488286132156125,0.36454917861581,0.40699460448575,0.365143107155334
"937",0.00557934877794361,0.00968021168488151,0.00603816200893631,0.00524962654804501,0.00297515684163233,0.00482660746037188,0.00602427315792525,0.00359617901497734,0.00499056207893843,0.00308133593212795
"938",0.0111307276768921,0.0306150971381021,0.0178062977311577,0.0097178953074015,0.00337083190464883,0.0120857948058158,0.00883046303641312,0.0116767469661456,0.012801559492952,0.00949817574425321
"939",0.00879256142634968,0.0269738859425631,0.0159422509992223,0.00752549433677992,0.00232966638831781,0.010442893225352,0.00624119565591406,0.0113050043836289,0.0111187718520652,0.00916345603179195
"940",0.00865660082719137,0.0189383135889124,0.0138231158879017,0.00773841447999979,0.00342002743596813,0.010335562081072,0.00641302445627019,0.0118721949127843,0.0107896912319936,0.0103915556167194
"941",0.0662235340209627,0.00941260757169314,0.0111039645446062,0.0899669964096751,0.444475581725314,0.02203482549091,0.242006300879633,0.00573709438240798,0.0199398868725497,0.00690075654481044
"942",0.583036720804025,0.561369905786731,0.541191363126006,0.588118993763909,0.610595057458724,0.547113725413685,0.623287609765905,0.497484712187345,0.546276384985295,0.494163673871626
"943",0.0202242476378163,0.00711837743721869,0.0107476197516659,0.0234544536055796,0.066951392660219,0.0158156528935795,0.030326213278363,0.0129349039471832,0.014940756230244,0.0153996725321556
"944",0.0202242476378163,0.00711837743721869,0.0107476197516659,0.0234544536055796,0.066951392660219,0.0158156528935795,0.030326213278363,0.0129349039471832,0.014940756230244,0.0153996725321556
"945",0.0724046989004791,0.130379146197867,0.10955363613507,0.0661123235407216,0.0347385415924527,0.0884728642800014,0.0534389130519815,0.107699004969699,0.0913310191821819,0.0989049707531718
"946",0.0356981036620138,0.0113549901466827,0.00901812219279112,0.0439618350094805,0.135134920019485,0.0131360355264223,0.114884347644981,0.00358151231779692,0.0124384132750515,0.00368484748264174
"947",0.344698765356601,0.772652375427799,0.744039549516331,0.278753400639156,0.0525720602540005,0.603608254862323,0.115328117458465,0.843289998266135,0.62603790511618,0.819074589778559
"948",0.0280658663440596,0.0107037013112975,0.00994820824201651,0.0331989990117528,0.0872574622571487,0.0137601601628226,0.0671317315509582,0.00559333451342666,0.0131252234543458,0.00589730532322575
"949",0.554820249251631,0.650479129672163,0.605766888656688,0.541191363126006,0.438000752562467,0.569184507585264,0.525376785213236,0.57511124196839,0.574654202751858,0.556618451727833
"950",0.843659677061298,0.598213693089142,0.732810111050598,0.865615200048492,0.960594769314092,0.816617513645505,0.888102570094738,0.8036093105322,0.805637050549995,0.838853701802694
"951",0.97857423134861,0.903210984408778,0.951737643650655,0.982709996759087,0.996603727506768,0.972853215860432,0.986655945846167,0.969720189753427,0.970419840555974,0.977293663832079
"952",0.00703718623393665,0.00617252459360139,0.00516520930386569,0.00728823286995217,0.00837883367697383,0.00532799681569135,0.00963551279285427,0.00362520218832088,0.00530517751123771,0.00350549227523697
"953",0.00176722913443721,0.00167879714803604,0.00178831591449255,0.00177484378923612,0.00187030254064863,0.00182862277296787,0.00171641884817927,0.00193658320459593,0.00182251652916568,0.00197366933851138
"954",0.00518527680467311,0.00962674607585004,0.00636444262423296,0.00480260284157921,0.00253298219186813,0.00499410772203318,0.00494640387987113,0.00430578435463969,0.00517735158298894,0.00372372708109939
"955",0.00514310814153422,0.0101254728182882,0.00431808113395337,0.00486494726623273,0.00243106429370024,0.00320987315906893,0.00771765078832745,0.00145819893610161,0.0033560982178621,0.00112858711209053
"956",0.809234229257891,0.711665166404026,0.830391689078858,0.815944388852247,0.885087035213371,0.861159264444617,0.753315888795153,0.92119427743194,0.856857823829541,0.93482271213267
"957",0.00314898215887004,0.00253234805944821,0.00246622784635256,0.0032747462851488,0.00411040862378325,0.00265067245068942,0.00390068317327796,0.00213262865728802,0.00262296804276497,0.00215277314203534
"958",0.00322091010290194,0.00720584590492105,0.00389850983276063,0.00293086944032084,0.00127705682525066,0.00282701531934498,0.00330422258429569,0.00207023101419428,0.00296556317988074,0.00168262030873229
"959",0.792137975959452,0.960595953363504,0.896405608785036,0.74909037342153,0.305401966814641,0.809617597658927,0.723128888308164,0.790263046824456,0.825317310748721,0.719521184612112
"960",0.207862024040548,0.0394040466364958,0.103594391214964,0.25090962657847,0.694598033185359,0.190382402341073,0.276871111691837,0.209736953175543,0.174682689251279,0.280478815387888
"961",0.00152508072815216,0.000951388113136915,0.00102738180635758,0.00164432024671719,0.00268351421765378,0.00121337097174522,0.00207902580594223,0.00093465707327926,0.00118409001152976,0.000985262878751549
"962",0.894949251698862,0.880219480146441,0.902367935032103,0.895794278013068,0.908992176274869,0.908180402202972,0.881219154192556,0.9262755491296,0.907324126097685,0.930661619650574
"963",0.00188496210057162,0.00125074946745173,0.00260660118096383,0.00191929655206884,0.00290459293799955,0.00316905358264661,0.00114734608496558,0.00715711417360833,0.00307674633741973,0.00879164249628825
"964",0.859665229146041,0.868371694178018,0.868259751411352,0.858136193578188,0.848475638470017,0.865340260087495,0.852090369658897,0.871993812805875,0.86577060605485,0.871367030444092
"965",0.000736065676877408,0.000715039792270038,0.00085878757419435,0.000730168374038054,0.000750188224489738,0.000879520211360895,0.000611330142118833,0.00114410717343402,0.000876238698886389,0.00119832834687446
"966",0.000776093132858033,0.000238198280800144,0.000443955215670621,0.000908844563466857,0.00307273416800527,0.000695761121961695,0.00102937667583622,0.000709557814216341,0.000650981111833202,0.000898184223575438
"967",0.00103651318744903,0.00101249789510249,0.00125129112540055,0.0010251522647912,0.00104668710414496,0.00128188149085846,0.000829203240959787,0.00175142223420067,0.00127699323239001,0.00184634878504266
"968",0.913010916385834,0.79780866404635,0.878535717838484,0.922398061997501,0.970232272582028,0.913544515103915,0.92282454453773,0.925205520892658,0.908997623334745,0.938911637451477
"969",0.000735646056506232,0.00185129466276758,0.00111200369699631,0.000651272005765099,0.00025101968058935,0.000781295830292394,0.000605916679129805,0.000741700510581737,0.000823249548766518,0.000613350960717419
"970",0.924450565265988,0.875010446809727,0.906041675791677,0.929383037806588,0.959044753742417,0.922773337376444,0.931391843226756,0.926249295298698,0.920477782990638,0.933899502572824
"971",0.000837327173743796,0.000720346991423274,0.00115030511008338,0.000831091643023517,0.000964351276001899,0.00125476763716717,0.000555692833410028,0.00230916958512735,0.0012381313498126,0.00261322219598179
"972",0.871264849389469,0.809057642682576,0.830946526177357,0.878872656964206,0.921801146619321,0.85358193632967,0.894451259955573,0.834372678955023,0.850411022056413,0.843787802735554
"973",0.979156732773118,0.96386488292074,0.977818141963004,0.980369886106097,0.988923965443915,0.982310705122552,0.977044904084654,0.987200602835075,0.98170216161829,0.989096760782637
"974",0.00259204732431746,0.00130546841887691,0.00182692773120536,0.00284598204975755,0.00577209607285262,0.00236682292271522,0.00314440916368013,0.00230028523025946,0.00227788420753381,0.00262144599157571
"975",0.0154010250782324,0.0709348437708813,0.0282839514804963,0.0126087004706081,0.00248336498455102,0.0155242218024757,0.0122565515842721,0.0124017822145714,0.0169768578778317,0.00879240922646518
"976",0.789127283699815,0.689156667788253,0.781993921463015,0.798204967128692,0.871265204468643,0.816401085097927,0.770210217484446,0.860782579937866,0.811546085099964,0.87823954224586
"977",0.00296419713857031,0.00410708994739255,0.00388571993858863,0.00281425174217841,0.00200482479876123,0.00346312570713432,0.0023985279233488,0.00413213997306774,0.00352218832226944,0.00398214573638877
"978",0.936180177957656,0.930687863066922,0.936198394417279,0.9367061090978,0.941870159619934,0.938365210205297,0.934537540131714,0.94214777909635,0.938045728157562,0.94364601360266
"979",0.00218871013231967,0.0033942428275665,0.00429597002184197,0.00199653938242088,0.00125831361541782,0.00376833395247453,0.00115239912925473,0.00775078677068917,0.0038400005391188,0.00794730400876622
"980",0.981729678206993,0.967595572597274,0.975949725035807,0.98309033752838,0.990710895162144,0.980669303720527,0.984139295854078,0.980767986080561,0.98003250542521,0.982848213862225
"981",0.501592966844406,0.490100991972853,0.57511124196839,0.497484712187346,0.507989463207253,0.58529214191028,0.413988401950266,0.699046569102739,0.583694274900906,0.716818517566843
"982",0.583036720804025,0.561369905786731,0.541191363126006,0.588118993763909,0.610595057458724,0.547113725413685,0.623287609765905,0.497484712187345,0.546276384985295,0.494163673871626
