HG00096,HG00103,HG00106,HG00111,HG00116,HG00126,HG00132,HG00149,HG00150,HG00176,seqnames,start,end,width,strand,startID,endID,intron_motif,startID,endID,maxCount,quantileValueN,passedExpression,passed,maxDJaccard,passedVariability,b_jaccard,rho_jaccard
0,0,0,0,1,0,0,0,0,0,chr21,15743530,15743531,2,+,1,661,,1,661,1,0.549999999999999,FALSE,FALSE,0,FALSE,0.239789527279837,0.500000008334415
0,0,1,0,0,0,0,0,0,0,chr21,15755333,15765642,10310,+,2,662,GT-AG,2,662,1,0.549999999999999,FALSE,FALSE,0,FALSE,0.239789527279837,0.500000040097874
2,0,0,0,0,0,0,0,0,0,chr21,18984406,18985600,1195,+,3,663,GT-AG,3,663,2,2,FALSE,FALSE,0.666666666666667,TRUE,-0.239789527279837,0.98799231020692
0,0,0,1,0,0,0,2,0,0,chr21,18984406,18999210,14805,+,3,664,GT-AG,3,664,2,2,FALSE,FALSE,0.666666666666667,TRUE,0.239789527279837,0.987992310292601
0,0,0,1,0,0,0,0,0,0,chr21,18999368,19005466,6099,+,4,665,GT-AG,4,665,1,0.549999999999999,FALSE,FALSE,0,FALSE,0.239789527279837,0.500000076326028
0,0,0,1,0,1,0,0,0,0,chr21,19191932,19289536,97605,+,5,666,GT-AG,5,666,1,1,FALSE,FALSE,0,FALSE,0.479579054559674,0.499999991665978
0,0,0,0,0,0,3,0,1,0,chr21,19289718,19400186,110469,+,6,667,GT-AG,6,667,3,3.1,FALSE,FALSE,0.416666666666667,TRUE,-0.136180334111159,0.00615360878273035
0,0,0,0,0,1,0,0,0,0,chr21,19289718,19596832,307115,+,6,668,GT-AG,6,668,1,3.1,FALSE,FALSE,0.666666666666667,TRUE,-0.436019923162936,0.988917350403547
0,0,0,0,0,0,1,0,1,0,chr21,19289718,19628825,339108,+,6,669,GT-AG,6,669,1,3.55,FALSE,FALSE,0.1875,TRUE,-0.647850964220857,0.00339203862462654
0,0,0,1,0,0,0,0,1,0,chr21,19614025,19628825,14801,+,7,669,GT-AG,7,669,1,1.55,FALSE,FALSE,0.5,TRUE,1.82076576038526e-16,0.00933024147272504
0,0,1,2,0,0,3,0,1,0,chr21,19629136,19629286,151,+,8,670,GT-AG,8,670,3,2.55,FALSE,FALSE,0,FALSE,1.12743001878053,0.977806119511708
0,0,2,1,1,1,0,0,2,4,chr21,19629445,19632516,3072,+,9,671,GT-AG,9,671,4,3.1,FALSE,FALSE,0,FALSE,1.69963027605463,0.981280209332052
0,1,1,1,1,1,0,1,0,1,chr21,19632604,19635107,2504,+,10,672,GT-AG,10,672,1,1,FALSE,FALSE,0,FALSE,1.67852669095886,0.499999873396516
0,0,3,1,1,0,0,0,1,2,chr21,19635211,19638270,3060,+,11,673,GT-AG,11,673,3,2.55,FALSE,FALSE,0,FALSE,1.36721954606037,0.982607972777295
7,4,8,4,1,10,7,4,10,1,chr21,25801219,25810566,9348,+,12,674,GT-AG,12,674,10,10.55,FALSE,FALSE,0.578409090909091,TRUE,3.02462437048271,0.00200681089861698
1,0,0,0,0,0,0,0,0,0,chr21,25801219,25814108,12890,+,12,675,GT-AG,12,675,1,20.4,FALSE,FALSE,0.0818181818181818,TRUE,-4.30545885245427,0.00630954168276685
0,0,0,0,0,0,0,0,0,2,chr21,25801219,25816277,15059,+,12,676,GT-AG,12,676,2,12.65,FALSE,FALSE,0.6,TRUE,-3.76637403504384,0.48679760325941
0,0,0,0,0,1,0,0,0,0,chr21,25801219,25857936,56718,+,12,677,GT-AG,12,677,1,13.2,FALSE,FALSE,0.06,TRUE,-3.75641565448939,0.00154267868592415
1,1,0,0,0,0,0,0,0,0,chr21,25810748,25813482,2735,+,13,678,GT-AG,13,678,1,6.1,FALSE,FALSE,0.388888888888889,TRUE,-2.01839818737575,0.135405622635826
1,0,0,4,0,1,0,0,2,1,chr21,25810748,25814108,3361,+,13,675,GT-AG,13,675,4,9.84999999999999,FALSE,FALSE,0.738974358974359,TRUE,-1.67855204242122,0.403960836791621
0,1,1,1,0,0,1,1,5,0,chr21,25810758,25813482,2725,+,14,678,GT-AG,14,678,5,8.1,FALSE,FALSE,0.661375661375661,TRUE,-1.14186585657031,0.190841328159358
2,0,2,0,5,9,2,5,2,0,chr21,25810758,25814108,3351,+,14,675,GT-AG,14,675,9,12.1,FALSE,FALSE,0.611158841158841,TRUE,-0.600309367802523,0.176322712318873
0,1,2,0,0,3,2,1,2,0,chr21,25813668,25814108,441,+,15,675,GT-AG,15,675,3,9.84999999999999,FALSE,FALSE,0.726923076923077,TRUE,-1.47430830673959,0.00126839536413241
1,0,0,3,1,3,3,2,1,0,chr21,25814228,25816277,2050,+,16,676,GT-AG,16,676,3,5.65,FALSE,FALSE,0.709821428571429,TRUE,0.859682005278778,0.0195542791818213
0,0,0,0,0,4,0,0,1,1,chr21,25814228,25857936,43709,+,16,677,GT-AG,16,677,4,6.2,FALSE,FALSE,0.75,TRUE,-1.25899769817112,0.0872839436640187
0,0,0,1,0,0,0,0,0,0,chr21,25814228,25877239,63012,+,16,679,GT-AG,16,679,1,5.65,FALSE,FALSE,0.21875,TRUE,-2.20154897070552,0.0381079974760922
0,0,0,0,0,1,0,0,0,0,chr21,25816443,25918308,101866,+,17,680,GT-AG,17,680,1,1,FALSE,FALSE,0.5,TRUE,2.1316282072803e-16,0.499999961226043
0,0,0,0,1,7,1,0,0,1,chr21,25858000,25860426,2427,+,18,681,GT-AG,18,681,7,4.29999999999999,FALSE,FALSE,0,FALSE,1.14563656954364,0.986302099993239
0,1,0,0,0,0,0,0,0,0,chr21,25860624,25918308,57685,+,19,680,GT-AG,19,680,1,1,FALSE,FALSE,0.5,TRUE,2.1316282072803e-16,0.499999968985046
0,0,1,0,0,0,0,0,0,0,chr21,27253802,27253803,2,+,20,682,,20,682,1,0.549999999999999,FALSE,FALSE,0,FALSE,0.239789527279837,0.500000040097874
0,0,0,0,0,0,0,0,0,1,chr21,30566582,30594784,28203,+,21,683,GT-AG,21,683,1,2,FALSE,FALSE,0.333333333333333,TRUE,-0.608904487544685,0.0383744395098674
0,0,0,0,0,0,0,0,1,0,chr21,30566582,30660304,93723,+,21,684,GT-AG,21,684,1,1,FALSE,FALSE,0.5,TRUE,1.77635683940025e-16,0.500000150938037
0,0,2,0,0,0,0,0,1,1,chr21,30591248,30594784,3537,+,22,683,GT-AG,22,683,2,2,FALSE,FALSE,0.333333333333333,TRUE,0.544241771052179,0.0145420993568365
0,1,0,0,0,0,0,0,0,0,chr21,33150671,33296779,146109,+,23,685,GT-AG,23,685,1,1,FALSE,FALSE,0.5,TRUE,1.73194791841524e-16,0.499999947750721
0,0,1,0,0,0,0,0,0,0,chr21,33240648,33296779,56132,+,24,685,GT-AG,24,685,1,1,FALSE,FALSE,0.5,TRUE,1.73194791841524e-16,0.500000099977659
1,0,2,0,0,1,0,0,0,0,chr21,33297073,33312476,15404,+,25,686,GT-AG,25,686,2,1.55,FALSE,FALSE,0,FALSE,0.784031298332016,0.972135486038972
1,0,0,0,0,0,1,0,0,0,chr21,33317312,33318347,1036,+,26,687,GT-AG,26,687,1,1,FALSE,FALSE,0,FALSE,0.479579054559674,0.499999999996317
0,0,1,0,0,0,0,0,0,0,chr21,33318484,33323146,4663,+,27,688,GT-AG,27,688,1,2.1,FALSE,FALSE,0.222222222222222,TRUE,-0.544241771052179,0.00727146969479073
0,0,2,0,0,0,1,0,0,1,chr21,33318484,33331154,12671,+,27,689,GT-AG,27,689,2,2.1,FALSE,FALSE,0.222222222222222,TRUE,0.54424177105218,0.0072714674330808
0,0,2,0,0,1,0,1,1,0,chr21,33331283,33340561,9279,+,28,690,GT-AG,28,690,2,1.55,FALSE,FALSE,0,FALSE,1.02382082561185,0.964776315192693
0,0,0,0,0,1,0,2,0,0,chr21,33340698,33346866,6169,+,29,691,GT-AG,29,691,2,1.55,FALSE,FALSE,0,FALSE,0.544241771052179,0.965063526272517
0,0,0,0,0,1,0,0,0,1,chr21,33347030,33355838,8809,+,30,692,GT-AG,30,692,1,1,FALSE,FALSE,0,FALSE,0.479579054559674,0.499999991665523
0,0,1,0,0,1,0,0,0,0,chr21,33355923,33362441,6519,+,31,693,GT-AG,31,693,1,1,FALSE,FALSE,0,FALSE,0.479579054559674,0.499999991665491
0,0,1,0,0,0,0,0,0,0,chr21,33362490,33368080,5591,+,32,694,GT-AG,32,694,1,0.549999999999999,FALSE,FALSE,0,FALSE,0.239789527279837,0.500000040097874
0,0,0,0,0,0,0,0,1,0,chr21,33368262,33370838,2577,+,33,695,GT-AG,33,695,1,0.549999999999999,FALSE,FALSE,0,FALSE,0.239789527279837,0.499999991666228
0,1,0,0,0,0,0,0,0,0,chr21,34443992,34444357,366,+,34,696,GT-AG,34,696,1,0.549999999999999,FALSE,FALSE,0,FALSE,0.239789527279837,0.499999965255526
0,0,0,0,0,1,0,0,0,0,chr21,34602308,34614190,11883,+,35,697,GT-AG,35,697,1,91.7,FALSE,FALSE,0.0107142857142857,FALSE,-6.10510047011572,0.000411459454784674
0,0,0,0,0,0,0,1,0,0,chr21,34602522,34605027,2506,+,36,698,GT-AG,36,698,1,88.25,FALSE,FALSE,0.00947368421052632,FALSE,-5.92678216667091,0.00034530398675378
16,16,14,6,7,14,7,34,17,21,chr21,34602522,34614144,11623,+,36,699,GT-AG,36,699,34,96.2,TRUE,TRUE,0.0772959608956473,TRUE,-1.1590777332189,0.000145918363665044
45,36,30,8,19,60,20,51,36,51,chr21,34602522,34614190,11669,+,36,697,GT-AG,36,697,60,125.35,TRUE,TRUE,0.14717557451695,TRUE,-0.288480093857831,0.00907769038823258
1,1,1,0,2,2,0,2,1,1,chr21,34602522,34617255,14734,+,36,700,GT-AG,36,700,2,225.3,FALSE,FALSE,0.00790708614241488,FALSE,-5.36652835847316,3.88963311610686e-05
0,1,0,0,0,0,1,0,0,0,chr21,34602863,34614144,11282,+,37,699,GT-AG,37,699,1,42.85,FALSE,FALSE,0.0566666666666667,TRUE,-4.9029400893728,0.000758814755695894
0,1,0,0,0,1,0,0,2,1,chr21,34602863,34614190,11328,+,37,697,GT-AG,37,697,2,91.7,FALSE,FALSE,0.0222951289799116,FALSE,-5.32234470991266,0.000247429259487929
0,0,0,0,1,0,0,0,0,0,chr21,34602863,34617255,14393,+,37,700,GT-AG,37,700,1,159.25,FALSE,FALSE,0.0076271186440678,FALSE,-6.90392449767494,0.000699803191715797
0,0,0,0,0,0,0,0,0,1,chr21,34611507,34614144,2638,+,38,699,GT-AG,38,699,1,41.95,FALSE,FALSE,0.0321428571428571,FALSE,-5.12135719566528,0.00186119037373938
0,0,0,0,1,0,0,0,0,0,chr21,34611596,34614144,2549,+,39,699,GT-AG,39,699,1,41.95,FALSE,FALSE,0.09,TRUE,-5.11455467947824,0.0330611661703515
77,95,100,95,92,103,119,102,84,112,chr21,34614283,34615977,1695,+,40,701,GT-AG,40,701,119,120.6,TRUE,TRUE,0.0910049161999247,TRUE,2.71615611390905,0.0102046633041176
0,0,0,0,0,0,0,1,0,0,chr21,34614283,34615987,1705,+,40,702,GT-AG,40,702,1,117.5,FALSE,FALSE,0.00849056603773585,FALSE,-6.67859734464674,0.000455398106647027
0,0,0,0,0,1,0,0,0,0,chr21,34614283,34617255,2973,+,40,700,GT-AG,40,700,1,274.4,FALSE,FALSE,0.00352941176470588,FALSE,-7.48974452024263,0.00016940186785378
0,0,0,0,0,0,0,0,1,0,chr21,34614283,34619022,4740,+,40,703,GT-AG,40,703,1,276.85,FALSE,FALSE,0.0037037037037037,FALSE,-7.5532752392653,0.000201273916440619
96,121,110,99,115,143,165,99,133,141,chr21,34616020,34617255,1236,+,41,700,GT-AG,41,700,165,160.9,TRUE,TRUE,0.0650260205303401,TRUE,2.72520121852011,0.00789378976437596
1,0,0,0,0,0,0,0,1,0,chr21,34617380,34618396,1017,+,42,704,GT-AG,42,704,1,163.75,FALSE,FALSE,0.00668260473588343,FALSE,-6.7436532643489,0.000121146886473745
116,142,131,117,127,133,166,126,139,130,chr21,34617380,34619022,1643,+,42,703,GT-AG,42,703,166,173.75,TRUE,TRUE,0.0735879399705202,TRUE,2.3666002130746,0.0130823007236988
0,0,0,0,0,0,0,0,1,0,chr21,34617380,34619030,1651,+,42,705,GT-AG,42,705,1,163.75,FALSE,FALSE,0.00625,FALSE,-6.9842651646845,0.000303515312304038
11,2,1,3,4,7,6,7,11,6,chr21,34618788,34619022,235,+,43,703,GT-AG,43,703,11,166.55,FALSE,FALSE,0.0443431072626465,FALSE,-3.3350259255892,0.00648393690707708
100,106,87,118,137,118,142,118,86,106,chr21,34619196,34621013,1818,+,44,706,GT-AG,44,706,142,145.05,TRUE,FALSE,0.0472218350798234,FALSE,3.18332089406355,9.97210813148968e-05
0,0,2,1,2,1,0,1,1,2,chr21,34621160,34624442,3283,+,45,707,GT-AG,45,707,2,219.6,FALSE,FALSE,0.00782780411125968,FALSE,-5.64369361321558,7.38125005452388e-05
156,195,145,140,186,208,222,164,202,205,chr21,34621160,34624966,3807,+,45,708,GT-AG,45,708,222,224.7,TRUE,FALSE,0.040685918862754,FALSE,2.95165349925781,5.35739881335335e-05
0,0,0,1,0,0,0,0,1,0,chr21,34621160,34625063,3904,+,45,709,GT-AG,45,709,1,219.6,FALSE,FALSE,0.00568361433087461,FALSE,-7.04107845087306,9.54642542892726e-05
0,0,0,0,0,1,0,0,0,0,chr21,34621160,34635097,13938,+,45,710,GT-AG,45,710,1,314.4,FALSE,FALSE,0.00290322580645161,FALSE,-7.57100248603272,0.00012910824474764
1,2,1,2,0,2,0,0,4,0,chr21,34624554,34624966,413,+,46,708,GT-AG,46,708,4,220.8,FALSE,FALSE,0.0126586154241964,FALSE,-5.75610831798051,0.00333201033644398
0,0,0,0,0,0,0,0,0,1,chr21,34625136,34632879,7744,+,47,711,GT-AG,47,711,1,205,FALSE,FALSE,0.00542168674698795,FALSE,-7.03023263559023,0.000287204454341814
96,132,111,106,167,119,208,93,131,152,chr21,34625136,34632901,7766,+,47,712,GT-AG,47,712,208,216.4,TRUE,TRUE,0.0855596481503904,TRUE,1.43274692599744,0.000139970734847149
3,7,3,0,2,3,4,0,2,3,chr21,34625136,34634865,9730,+,47,713,GT-AG,47,713,7,277.35,FALSE,FALSE,0.0190655765153223,FALSE,-4.80570643445337,0.000103170030384485
8,1,2,4,12,12,8,14,3,9,chr21,34625136,34635097,9962,+,47,710,GT-AG,47,710,14,277.4,FALSE,FALSE,0.0470903077981979,FALSE,-3.51692632473367,0.00350230997182265
0,1,0,3,0,2,2,2,3,0,chr21,34625136,34638316,13181,+,47,714,GT-AG,47,714,3,205,FALSE,FALSE,0.0160412305790963,FALSE,-5.42206965515533,0.00469123451163644
0,1,0,3,1,1,0,0,0,1,chr21,34625136,34640698,15563,+,47,715,GT-AG,47,715,3,263.5,FALSE,FALSE,0.0162399197124745,FALSE,-6.25066137875636,0.00142646674127504
0,0,0,0,1,0,0,2,0,0,chr21,34625136,34648900,23765,+,47,716,GT-AG,47,716,2,321.8,FALSE,FALSE,0.00880593000974888,FALSE,-7.18921815435443,0.00179405534517923
42,54,49,68,60,35,71,38,36,56,chr21,34633033,34634865,1833,+,48,713,GT-AG,48,713,71,153.5,TRUE,TRUE,0.203794172580641,TRUE,-0.179574830273387,0.0267414527250664
0,2,0,0,0,0,0,0,0,0,chr21,34633033,34634867,1835,+,48,717,GT-AG,48,717,2,141.85,FALSE,FALSE,0.02,FALSE,-6.62830716421057,0.0117021084702058
55,30,36,31,40,76,82,48,48,69,chr21,34633033,34635097,2065,+,48,710,GT-AG,48,710,82,154.2,TRUE,TRUE,0.14316679483578,TRUE,-0.27984886312152,0.0210846919031517
0,0,1,0,0,0,0,1,0,0,chr21,34633033,34635116,2084,+,48,718,GT-AG,48,718,1,141.85,FALSE,FALSE,0.00936621518016867,FALSE,-6.45315311503986,0.000213035664783143
0,0,0,1,0,0,0,0,0,0,chr21,34635943,34638316,2374,+,49,714,GT-AG,49,714,1,4.1,FALSE,FALSE,0.166666666666667,TRUE,-1.66705913511214,0.00752500489977869
0,0,0,0,0,1,0,0,0,0,chr21,34635943,34640698,4756,+,49,715,GT-AG,49,715,1,65.75,FALSE,FALSE,0.0225,FALSE,-5.91296800387949,0.00164031632494077
0,0,0,1,0,0,0,0,0,0,chr21,34635943,34652122,16180,+,49,719,GT-AG,49,719,1,2,FALSE,FALSE,0.333333333333333,TRUE,-0.544241771052179,0.0124436645117376
0,1,0,0,0,0,0,0,1,3,chr21,34636832,34636832,1,+,50,720,GC-AG,50,720,3,2.1,FALSE,FALSE,0,FALSE,0.822977775008189,0.971795944975521
2,0,0,3,0,0,4,0,0,0,chr21,34638481,34640698,2218,+,51,715,GT-AG,51,715,4,65.75,FALSE,FALSE,0.0688072392077399,TRUE,-5.11027818241991,0.0245907757823493
44,23,46,28,53,38,57,63,53,51,chr21,34638820,34640698,1879,+,52,715,GT-AG,52,715,63,68.3,TRUE,TRUE,0.106258448974462,TRUE,2.45564593692602,0.00481518854672342
0,0,0,0,0,0,1,1,3,0,chr21,34638820,34648900,10081,+,52,716,GT-AG,52,716,3,173,FALSE,FALSE,0.0180320039279577,FALSE,-6.35033010870036,0.00407996467368532
48,72,76,63,119,91,114,79,83,114,chr21,34640823,34648900,8078,+,53,716,GT-AG,53,716,119,125.05,TRUE,TRUE,0.0691945636986943,TRUE,2.51581615156992,0.00590883922606955
0,0,0,0,1,0,0,0,0,0,chr21,34640823,34648906,8084,+,53,721,GT-AG,53,721,1,124.5,FALSE,FALSE,0.00697674418604651,FALSE,-6.54656821919696,0.000351869471109209
5,0,2,2,7,10,3,7,3,5,chr21,34640823,34652056,11234,+,53,722,GT-AG,53,722,10,279.05,FALSE,FALSE,0.0200192061455557,FALSE,-4.23400522617508,0.00626218782043403
1,1,0,0,0,0,0,0,0,0,chr21,34649028,34652056,3029,+,54,722,GT-AG,54,722,1,171.35,FALSE,FALSE,0.00867356718420548,FALSE,-6.65061562113602,0.000219892460396578
0,1,0,0,0,0,0,0,0,0,chr21,34649059,34651393,2335,+,55,723,GT-AG,55,723,1,161.95,FALSE,FALSE,0.00841121495327103,FALSE,-6.85197840206419,0.000836433232142534
88,102,95,72,154,166,153,112,148,140,chr21,34649059,34652056,2998,+,55,722,GT-AG,55,722,166,171.8,TRUE,TRUE,0.0596490320834739,TRUE,2.79909790103867,0.000251471728690042
0,0,0,0,0,0,2,0,0,0,chr21,34649059,34652122,3064,+,55,719,GT-AG,55,719,2,161.95,FALSE,FALSE,0.0114649681528662,FALSE,-6.78834996349363,0.00682916191698251
0,0,0,0,0,0,0,0,1,0,chr21,34651474,34652056,583,+,56,722,GT-AG,56,722,1,171.35,FALSE,FALSE,0.00588235294117647,FALSE,-6.89172238959855,0.000265488225688151
75,91,81,74,118,112,126,89,113,113,chr21,34652224,34655398,3175,+,57,724,GT-AG,57,724,126,133.9,TRUE,FALSE,0.0457851048571927,FALSE,2.38686356795799,6.99834333253155e-05
97,82,84,79,120,107,156,104,88,103,chr21,34655547,34660408,4862,+,58,725,GT-AG,58,725,156,149.9,TRUE,TRUE,0.0667655492190949,TRUE,2.71161522325166,0.000671230958656957
0,3,0,0,1,0,1,1,0,1,chr21,34655547,34668488,12942,+,58,726,GT-AG,58,726,3,311,FALSE,FALSE,0.010971926852212,FALSE,-6.46078318008538,0.000708524885301797
0,0,0,0,0,0,1,0,0,0,chr21,34660149,34660408,260,+,59,725,GT-AG,59,725,1,148.35,FALSE,FALSE,0.00545454545454546,FALSE,-6.72446001322074,0.000210225399030657
0,0,0,0,2,0,0,0,0,0,chr21,34660567,34661654,1088,+,60,727,GT-AG,60,727,2,166.2,FALSE,FALSE,0.0107142857142857,FALSE,-6.88776601022134,0.0030585678559161
0,0,1,0,0,0,1,0,0,0,chr21,34660567,34666316,5750,+,60,728,GT-AG,60,728,1,166.2,FALSE,FALSE,0.00689024390243903,FALSE,-6.71238872769416,0.000111810184234369
102,122,116,107,164,134,161,117,124,151,chr21,34660567,34668488,7922,+,60,726,GT-AG,60,726,164,174.1,TRUE,TRUE,0.0697902420930654,TRUE,2.69477220298708,0.013935539734058
0,0,0,0,1,0,0,0,0,0,chr21,34660567,34668548,7982,+,60,729,GT-AG,60,729,1,166.2,FALSE,FALSE,0.00535714285714286,FALSE,-6.95302896861205,0.000296996417175728
0,0,0,0,0,0,0,1,0,0,chr21,34660567,34668582,8016,+,60,730,GT-AG,60,730,1,166.2,FALSE,FALSE,0.00714285714285714,FALSE,-6.95282944654357,0.000476573621410195
1,0,0,1,0,2,0,0,0,1,chr21,34660567,34680489,19923,+,60,731,GT-AG,60,731,2,166.2,FALSE,FALSE,0.0104649187241009,FALSE,-6.16565290651575,0.000367465702828351
1,0,0,0,0,0,0,0,0,0,chr21,34660567,34681280,20714,+,60,732,GT-AG,60,732,1,166.2,FALSE,FALSE,0.00833333333333333,FALSE,-6.95269625437423,0.000670860611575281
0,0,1,0,0,0,0,0,0,0,chr21,34666433,34668488,2056,+,61,726,GT-AG,61,726,1,170.65,FALSE,FALSE,0.00756302521008403,FALSE,-6.96268393466356,0.00049642893995313
0,0,0,0,1,0,0,0,0,0,chr21,34856371,34858604,2234,+,62,733,GT-AG,62,733,1,0.549999999999999,FALSE,FALSE,0,FALSE,0.239789527279837,0.500000008335434
0,0,1,0,0,0,0,0,2,0,chr21,35015020,35091101,76082,+,63,734,GT-AG,63,734,2,1.55,FALSE,FALSE,0,FALSE,0.544241771052179,0.977716158884025
1,2,1,0,1,0,0,1,0,0,chr21,35091162,35093482,2321,+,64,735,GT-AG,64,735,2,1.55,FALSE,FALSE,0,FALSE,1.26361035289169,0.953136285143741
1,0,0,1,2,0,2,1,2,0,chr21,35093576,35094892,1317,+,65,736,GT-AG,65,736,2,2,FALSE,FALSE,0,FALSE,1.63272531315654,0.975192466429068
1,0,1,1,1,1,0,2,2,0,chr21,35094957,35107348,12392,+,66,737,GT-AG,66,737,2,2,FALSE,FALSE,0,FALSE,1.80785212394387,0.970547183673108
0,0,0,0,0,0,1,0,0,0,chr21,35107510,35107610,101,+,67,738,GT-AG,67,738,1,1,FALSE,FALSE,0.875,TRUE,-1.43873716367902,0.49999998333598
1,0,0,0,0,1,0,1,1,1,chr21,35107510,35122447,14938,+,67,739,GT-AG,67,739,1,1,FALSE,FALSE,0.625,TRUE,0.479579054559675,0.499999703021675
0,0,1,0,1,0,0,0,0,0,chr21,35107510,35122558,15049,+,67,740,GT-AG,67,740,1,1,FALSE,FALSE,0.75,TRUE,-0.959158109119348,0.499999912361223
1,0,0,0,2,1,0,0,0,0,chr21,35122628,35124114,1487,+,68,741,GT-AG,68,741,2,1.55,FALSE,FALSE,0,FALSE,0.784031298332016,0.934890474533781
1,0,0,0,5,0,0,2,0,0,chr21,35124212,35127601,3390,+,69,742,GT-AG,69,742,5,3.65,FALSE,FALSE,0,FALSE,0.937424334324611,0.978605573663485
3,0,1,1,3,1,0,4,0,0,chr21,35127703,35134226,6524,+,70,743,GT-AG,70,743,4,3.55,FALSE,FALSE,0,FALSE,1.77752322940697,0.984208656765132
1,0,2,1,0,1,1,1,0,1,chr21,35134291,35138178,3888,+,71,744,GT-AG,71,744,2,1.55,FALSE,FALSE,0,FALSE,1.74318940745137,0.953902226434038
1,0,0,1,1,0,1,2,1,2,chr21,35138317,35140016,1700,+,72,745,GT-AG,72,745,2,2,FALSE,FALSE,0,FALSE,1.80785212394387,0.959247289014901
0,0,0,0,0,0,0,1,0,0,chr21,35140133,35144342,4210,+,73,746,GT-AG,73,746,1,2,FALSE,FALSE,0.375,TRUE,-0.784031298332016,0.0106385128277629
0,0,0,0,1,0,0,1,1,2,chr21,35140133,35144364,4232,+,73,747,GT-AG,73,747,2,2,FALSE,FALSE,0.375,TRUE,0.784031298332017,0.0106384959839226
3,0,1,0,3,2,2,2,0,0,chr21,35144628,35147032,2405,+,74,748,GT-AG,74,748,3,3,FALSE,FALSE,0,FALSE,1.83994369949389,0.98678305709726
0,0,1,0,2,0,2,3,4,1,chr21,35147183,35147271,89,+,75,749,GT-AG,75,749,4,3.55,FALSE,FALSE,0,FALSE,1.8032394692233,0.986537402878192
0,0,2,0,0,2,2,4,1,0,chr21,35147413,35153764,6352,+,76,750,GT-AG,76,750,4,3.1,FALSE,FALSE,0,FALSE,1.52450346526729,0.988701828386777
1,0,3,0,2,2,3,5,0,0,chr21,35153853,35154297,445,+,77,751,GT-AG,77,751,5,4.1,FALSE,FALSE,0,FALSE,1.92867401899398,0.989747873188905
1,1,1,1,0,3,2,2,0,0,chr21,35154438,35166644,12207,+,78,752,GT-AG,78,752,3,2.55,FALSE,FALSE,0,FALSE,1.91146131711255,0.983319576589624
0,0,1,4,3,2,4,5,0,3,chr21,35166773,35169682,2910,+,79,753,GT-AG,79,753,5,4.55,FALSE,FALSE,0,FALSE,2.3669361885625,0.986189650345396
0,0,3,1,1,1,3,3,2,0,chr21,35169913,35172111,2199,+,80,754,GT-AG,80,754,3,3,FALSE,FALSE,0,FALSE,2.0540169869574,0.986968432053705
0,1,4,0,3,0,1,4,3,2,chr21,35172234,35183278,11045,+,81,755,GT-AG,81,755,4,4,FALSE,FALSE,0,FALSE,2.21354315256991,0.985529471141776
0,0,2,2,1,0,1,0,1,0,chr21,35183527,35186216,2690,+,82,756,GT-AG,82,756,2,2,FALSE,FALSE,0,FALSE,1.3282730693842,0.981278803033718
1,0,1,0,0,0,1,0,1,1,chr21,35186377,35190570,4194,+,83,757,GT-AG,83,757,1,1,FALSE,FALSE,0,FALSE,1.19894763639919,0.499999846440691
1,0,1,1,0,1,0,2,1,1,chr21,35190777,35191544,768,+,84,758,GT-AG,84,758,2,1.55,FALSE,FALSE,0,FALSE,1.74318940745137,0.899604759645826
0,0,0,0,0,0,0,0,4,0,chr21,35191628,35195790,4163,+,85,759,GT-AG,85,759,4,2.65,FALSE,FALSE,0.5,TRUE,0.131567679390593,0.989626953507429
0,0,0,0,0,0,0,1,0,0,chr21,35191628,35201927,10300,+,85,760,GT-AG,85,760,1,3.1,FALSE,FALSE,0.8,TRUE,-0.980261694215115,0.991178029932227
0,0,0,0,0,1,1,0,1,0,chr21,35195958,35199121,3164,+,86,761,GT-AG,86,761,1,1,FALSE,FALSE,0,FALSE,0.719368581839512,0.500000008338162
0,0,0,0,0,0,0,0,1,0,chr21,35199168,35201271,2104,+,87,762,GT-AG,87,762,1,2,FALSE,FALSE,0.75,TRUE,-0.608904487544684,0.986996099998958
2,0,0,0,0,2,1,0,0,0,chr21,35199168,35201927,2760,+,87,760,GT-AG,87,760,2,2,FALSE,FALSE,0.6,TRUE,0.369114960264847,0.988217896431928
0,0,0,0,0,0,1,3,1,0,chr21,35208937,35209290,354,+,88,763,GT-AG,88,763,3,2.1,FALSE,FALSE,0,FALSE,0.822977775008189,0.977965084920338
0,0,0,0,0,0,0,1,0,0,chr21,35257428,35257742,315,+,89,764,GT-AG,89,764,1,0.549999999999999,FALSE,FALSE,0,FALSE,0.239789527279837,0.499999999997727
0,0,0,0,0,0,0,1,0,0,chr21,35303572,35318113,14542,+,90,765,GT-AG,90,765,1,2,FALSE,FALSE,0.375,TRUE,-0.784031298332016,0.0148356683692026
0,0,0,0,0,0,0,0,0,1,chr21,35304047,35308093,4047,+,91,766,GT-AG,91,766,1,3.55,FALSE,FALSE,0.2,TRUE,-1.29570192844171,0.00520206275275415
0,0,0,1,1,0,0,2,0,2,chr21,35304047,35310528,6482,+,91,767,GT-AG,91,767,2,4.1,FALSE,FALSE,0.52,TRUE,-0.103609193168677,0.00342496837398749
0,0,0,0,1,2,0,1,0,1,chr21,35304047,35318113,14067,+,91,765,GT-AG,91,765,2,4,FALSE,FALSE,0.6,TRUE,-0.14255566984485,0.00611047006379335
0,0,0,0,1,0,0,0,0,1,chr21,35308169,35310528,2360,+,92,767,GT-AG,92,767,1,2.55,FALSE,FALSE,0.291666666666667,TRUE,-0.608904487544685,0.00436450274857945
0,0,0,1,0,2,0,1,0,0,chr21,35318200,35341537,23338,+,93,768,GT-AG,93,768,2,2,FALSE,FALSE,0.5,TRUE,-8.88178419700125e-17,0.281703088334639
0,0,0,0,0,0,0,0,0,1,chr21,35320238,35341537,21300,+,94,768,GT-AG,94,768,1,2,FALSE,FALSE,0.4,TRUE,-1.08848354210436,0.0218846749107189
0,0,0,0,1,0,0,0,0,1,chr21,35320246,35341537,21292,+,95,768,GT-AG,95,768,1,2,FALSE,FALSE,0.75,TRUE,-0.848694014824521,0.0385408551587668
0,0,0,0,0,0,1,0,0,0,chr21,35320246,35341541,21296,+,95,769,GT-AG,95,769,1,1,FALSE,FALSE,0.666666666666667,TRUE,-0.239789527279837,0.500000122733007
0,0,0,0,0,2,0,0,0,0,chr21,35321450,35323426,1977,+,96,770,GT-AG,96,770,2,2.55,FALSE,FALSE,0.533333333333333,TRUE,-1.02382082561185,0.299900296326294
1,0,0,0,0,1,2,1,0,2,chr21,35321597,35323426,1830,+,97,770,GT-AG,97,770,2,2.55,FALSE,FALSE,0.722222222222222,TRUE,0.784031298332017,0.259534697778437
0,0,1,0,0,0,0,0,0,0,chr21,35321597,35334361,12765,+,97,771,GT-AG,97,771,1,2,FALSE,FALSE,0.857142857142857,TRUE,-1.3282730693842,0.981196297374427
0,1,0,0,0,0,0,0,0,0,chr21,35331697,35334361,2665,+,98,771,GT-AG,98,771,1,1,FALSE,FALSE,0.5,TRUE,1.73194791841524e-16,0.499999947750721
0,0,0,1,0,0,0,0,0,0,chr21,35334952,35341537,6586,+,99,768,GT-AG,99,768,1,2,FALSE,FALSE,0.4,TRUE,-1.08848354210436,0.0129986264308295
1,0,0,0,0,0,0,0,0,0,chr21,35348386,35348685,300,+,100,772,GT-AG,100,772,1,0.549999999999999,FALSE,FALSE,0,FALSE,0.239789527279837,0.500000046432499
2,0,1,0,0,0,1,0,2,2,chr21,35348746,35349028,283,+,101,773,GT-AG,101,773,2,8.1,FALSE,FALSE,0.729805996472663,TRUE,-1.41506603339123,0.00456982393891627
1,3,0,5,6,0,6,1,3,7,chr21,35348853,35349028,176,+,102,773,GT-AG,102,773,7,8.1,FALSE,FALSE,0.729805996472663,TRUE,1.41506603339123,0.00456981164782619
0,0,1,0,0,0,0,0,0,0,chr21,35356831,35497640,140810,+,103,774,GT-AG,103,774,1,177.05,FALSE,FALSE,0.00494505494505495,FALSE,-6.90776697478449,0.000197824282490383
0,0,0,0,1,0,0,0,0,0,chr21,35445569,35445911,343,+,104,775,GT-AG,104,775,1,5.1,FALSE,FALSE,0.222222222222222,TRUE,-2.62238829258166,0.0110125833425672
0,0,0,0,1,1,0,0,0,0,chr21,35445569,35467161,21593,+,104,776,GT-AG,104,776,1,22.3,FALSE,FALSE,0.0652307692307692,TRUE,-4.33730848240182,0.000631361416322329
1,1,1,1,1,4,1,0,0,0,chr21,35445569,35475133,29565,+,104,777,GT-AG,104,777,4,18.85,FALSE,FALSE,0.111301198801199,TRUE,-2.74192657573679,0.00730741126667105
1,2,0,3,1,1,1,0,2,1,chr21,35445569,35497640,52072,+,104,774,GT-AG,104,774,3,177.6,FALSE,FALSE,0.012859840987501,FALSE,-4.9982978613619,6.09619322465532e-05
0,0,0,0,0,0,0,0,0,1,chr21,35445593,35497640,52048,+,105,774,GT-AG,105,774,1,177.05,FALSE,FALSE,0.00725806451612903,FALSE,-6.90750857106689,0.000537947044476197
1,3,0,0,0,0,0,0,2,0,chr21,35446046,35446435,390,+,106,778,GT-AG,106,778,3,202.55,FALSE,FALSE,0.01573058908899,FALSE,-6.39265701591585,0.00223606391696091
7,13,10,6,9,19,7,19,6,10,chr21,35446046,35467161,21116,+,106,776,GT-AG,106,776,19,203,FALSE,FALSE,0.0461819540638994,FALSE,-2.6237515468555,0.00515812175774294
0,1,0,0,1,3,0,0,0,0,chr21,35446046,35468229,22184,+,106,779,GT-AG,106,779,3,202.55,FALSE,FALSE,0.0114553525585307,FALSE,-6.45755377921715,0.00409878843210434
0,0,0,0,0,0,0,1,0,0,chr21,35446046,35468233,22188,+,106,780,GT-AG,106,780,1,202.55,FALSE,FALSE,0.005625,FALSE,-7.04353011439199,0.000328778123783442
5,9,10,6,5,13,6,4,4,3,chr21,35446046,35475133,29088,+,106,777,GT-AG,106,777,13,207.65,FALSE,FALSE,0.0227335441772304,FALSE,-3.17149506788816,0.000141246920608399
142,107,167,123,62,147,71,123,162,118,chr21,35446046,35497640,51595,+,106,774,GT-AG,106,774,167,217.1,TRUE,TRUE,0.124514247929788,TRUE,1.15263271100001,0.0174190812197196
0,0,0,1,0,0,0,0,0,0,chr21,35446046,35497644,51599,+,106,781,GT-AG,106,781,1,202.55,FALSE,FALSE,0.00642857142857143,FALSE,-7.04408302315042,0.00038497867087252
0,3,0,1,0,3,1,2,2,1,chr21,35446046,35514707,68662,+,106,782,GT-AG,106,782,3,235.1,FALSE,FALSE,0.0108871181926264,FALSE,-5.50749822704375,6.84928282348045e-05
0,0,0,0,0,0,0,0,0,1,chr21,35446046,35560517,114472,+,106,783,GT-AG,106,783,1,202.55,FALSE,FALSE,0.00625,FALSE,-7.04346030121358,0.000461983830288084
0,0,0,0,0,0,0,0,1,0,chr21,35446046,35635119,189074,+,106,784,GT-AG,106,784,1,202.55,FALSE,FALSE,0.00483870967741936,FALSE,-7.04430945413948,0.000210021031732048
0,0,1,0,0,0,0,0,0,0,chr21,35446046,35665980,219935,+,106,785,GT-AG,106,785,1,202.55,FALSE,FALSE,0.00443349753694581,FALSE,-7.04366309844021,0.000184042858143373
1,0,0,0,0,0,0,0,0,0,chr21,35450707,35467161,16455,+,107,776,GT-AG,107,776,1,19.55,FALSE,FALSE,0.1125,TRUE,-4.36253494194615,0.0148104341349147
1,0,2,0,6,3,5,0,0,4,chr21,35469583,35475133,5551,+,108,777,GT-AG,108,777,6,20.3,FALSE,FALSE,0.332830704745666,TRUE,-2.36510559195112,0.0402743643282374
2,2,4,0,0,3,3,0,3,1,chr21,35469583,35497640,28058,+,108,774,GT-AG,108,774,4,178.15,FALSE,FALSE,0.0214957769775651,FALSE,-4.90554521084155,0.000492767340990343
0,0,0,0,0,0,1,0,0,0,chr21,35469974,35475133,5160,+,109,777,GT-AG,109,777,1,16.85,FALSE,FALSE,0.0692307692307692,TRUE,-4.22024923310292,0.00288943995163093
0,1,0,0,0,0,0,0,0,0,chr21,35474607,35474607,1,+,110,786,AT-AA,110,786,1,0.549999999999999,FALSE,FALSE,0,FALSE,0.239789527279837,0.499999965255526
8,12,14,6,11,17,16,10,8,7,chr21,35475208,35475795,588,+,111,787,GT-AG,111,787,17,18.2,FALSE,FALSE,0.129212454212454,TRUE,2.93485384610863,0.0186843521370536
0,1,1,1,1,2,0,0,1,0,chr21,35475208,35497640,22433,+,111,774,GT-AG,111,774,2,188.35,FALSE,FALSE,0.007312244613094,FALSE,-5.72609984533392,5.07545706801778e-05
0,0,0,0,2,1,0,0,1,0,chr21,35475212,35475795,584,+,112,787,GT-AG,112,787,2,17.1,FALSE,FALSE,0.121794871794872,TRUE,-3.8614408142855,0.000713890574827674
0,0,0,0,0,0,0,1,0,1,chr21,35475613,35475613,1,+,113,788,GT-AG,113,788,1,1,FALSE,FALSE,0,FALSE,0.479579054559674,0.499999991672702
1,10,9,5,7,8,7,6,3,3,chr21,35475819,35497640,21822,+,114,774,GT-AG,114,774,10,177.05,FALSE,FALSE,0.0476216203998518,FALSE,-3.1636041137363,0.00688875555962248
0,1,0,0,0,0,0,0,0,0,chr21,35475819,35497644,21826,+,114,781,GT-AG,114,781,1,10.1,FALSE,FALSE,0.0818181818181818,TRUE,-3.72672803470612,0.0029528889345878
0,0,0,0,1,0,0,0,0,0,chr21,35475819,35514707,38889,+,114,782,GT-AG,114,782,1,70.9,FALSE,FALSE,0.0214285714285714,FALSE,-5.83065196496467,0.00216150054763816
0,0,0,0,0,0,1,0,0,0,chr21,35475870,35475871,2,+,115,789,,115,789,1,0.549999999999999,FALSE,FALSE,0,FALSE,0.239789527279837,0.500000072077643
1,0,0,0,0,0,0,0,0,0,chr21,35476465,35476466,2,+,116,790,,116,790,1,0.549999999999999,FALSE,FALSE,0,FALSE,0.239789527279837,0.500000046432499
1,0,0,0,0,0,0,0,0,0,chr21,35477955,35477956,2,+,117,791,,117,791,1,0.549999999999999,FALSE,FALSE,0,FALSE,0.239789527279837,0.500000046432499
0,0,0,0,0,0,0,0,0,1,chr21,35478124,35478125,2,+,118,792,,118,792,1,0.549999999999999,FALSE,FALSE,0,FALSE,0.239789527279837,0.49999991007907
0,0,0,0,0,0,0,1,0,0,chr21,35478304,35478304,1,+,119,793,AT-AA,119,793,1,0.549999999999999,FALSE,FALSE,0,FALSE,0.239789527279837,0.499999999997727
36,16,31,55,34,34,71,43,35,24,chr21,35497781,35514707,16927,+,120,782,GT-AG,120,782,71,64.8,TRUE,TRUE,0.107933920039183,TRUE,3.50792463687827,0.000571179999675805
0,0,0,0,0,0,0,0,1,0,chr21,35497781,35567803,70023,+,120,794,GT-AG,120,794,1,63.8,FALSE,FALSE,0.025,FALSE,-5.63066994089228,0.00147765912174035
0,0,0,0,0,0,0,0,0,1,chr21,35497781,35635119,137339,+,120,784,GT-AG,120,784,1,63.8,FALSE,FALSE,0.036,FALSE,-5.63214592424232,0.00808826644288026
0,1,0,0,0,0,0,0,0,0,chr21,35772198,35774388,2191,+,121,795,GT-AG,121,795,1,1.55,FALSE,FALSE,0.5,TRUE,-0.0646627164925052,0.921577633569055
0,0,0,0,2,0,0,0,0,0,chr21,35773165,35774388,1224,+,122,795,GT-AG,122,795,2,1.55,FALSE,FALSE,0.5,TRUE,0.0646627164925051,0.921577598957963
0,0,0,0,1,0,0,0,0,0,chr21,36042136,36079577,37442,+,123,796,GT-AG,123,796,1,35.2,FALSE,FALSE,0.1125,TRUE,-4.52904313240618,0.0635736686557195
0,0,0,0,0,0,0,1,0,0,chr21,36043062,36043445,384,+,124,797,GT-AG,124,797,1,38.15,FALSE,FALSE,0.0204545454545455,FALSE,-4.537607122446,0.000810470375466353
24,3,9,6,6,24,11,36,30,5,chr21,36043062,36079577,36516,+,124,796,GT-AG,124,796,36,40.05,TRUE,TRUE,0.170901960784314,TRUE,2.89108925341087,0.030143077127895
0,0,0,0,0,0,0,3,1,0,chr21,36043062,36080241,37180,+,124,798,GT-AG,124,798,3,96.45,FALSE,FALSE,0.0223508771929825,FALSE,-5.08461761551564,0.000328372604981527
0,0,0,0,0,1,0,0,0,0,chr21,36043536,36079577,36042,+,125,796,GT-AG,125,796,1,35.2,FALSE,FALSE,0.036,FALSE,-4.53815445960519,0.00234369790927792
0,0,0,1,0,0,0,0,0,0,chr21,36079688,36080135,448,+,126,799,GT-AG,126,799,1,57.1,FALSE,FALSE,0.075,TRUE,-4.82967443366963,0.0383179534835174
20,2,18,11,12,22,20,66,40,5,chr21,36079688,36080241,554,+,126,798,GT-AG,126,798,66,63.2,TRUE,TRUE,0.360379665379665,TRUE,2.31306892696701,0.0155880487015817
1,0,0,0,0,0,0,0,0,0,chr21,36080163,36080241,79,+,127,798,GT-AG,127,798,1,60.4,FALSE,FALSE,0.0428571428571429,FALSE,-4.89101669081403,0.0133309303397906
12,4,22,10,10,28,21,58,42,10,chr21,36080368,36080997,630,+,128,800,GT-AG,128,800,58,55.9,TRUE,TRUE,0.128810695790885,TRUE,2.51837627300335,0.00535131708478003
15,7,20,12,8,19,19,61,55,6,chr21,36081105,36081654,550,+,129,801,GT-AG,129,801,61,59.4,TRUE,TRUE,0.103075396825397,TRUE,4.32754438274555,0.0010811408941298
0,0,0,1,0,0,0,0,0,0,chr21,36081837,36085569,3733,+,130,802,GT-AG,130,802,1,52.2,FALSE,FALSE,0.0375,FALSE,-5.09553250493088,0.00686866945700766
25,3,22,21,6,23,30,52,47,13,chr21,36081837,36088618,6782,+,130,803,GT-AG,130,803,52,56.2,TRUE,TRUE,0.381846066865557,TRUE,2.48136279118912,0.0127537280238156
0,0,0,0,0,0,1,0,0,0,chr21,36081837,36109722,27886,+,130,804,GT-AG,130,804,1,52.2,FALSE,FALSE,0.028125,FALSE,-5.09660560613269,0.00205002406580977
0,0,0,0,1,0,0,0,0,0,chr21,37537170,37571367,34198,+,131,805,GT-AG,131,805,1,0.549999999999999,FALSE,FALSE,0,FALSE,0.239789527279837,0.500000008335434
0,0,0,0,1,0,0,0,0,0,chr21,37802711,37803207,497,+,132,806,GT-AG,132,806,1,2.1,FALSE,FALSE,0.5,TRUE,-0.103609193168677,0.987303751204544
3,0,0,0,0,0,0,0,0,0,chr21,37802711,37817925,15215,+,132,807,GT-AG,132,807,3,2.1,FALSE,FALSE,0.5,TRUE,0.103609193168678,0.987303742783851
0,0,0,0,0,0,0,0,0,1,chr21,37803287,37869847,66561,+,133,808,GT-AG,133,808,1,0.549999999999999,FALSE,FALSE,0,FALSE,0.239789527279837,0.49999991007907
2,0,0,1,0,0,0,0,0,0,chr21,37818306,37852528,34223,+,134,809,GT-AG,134,809,2,1.55,FALSE,FALSE,0,FALSE,0.544241771052179,0.976350758781204
0,0,1,1,1,0,0,1,1,0,chr21,38338912,38340853,1942,+,135,810,GT-AG,135,810,1,1,FALSE,FALSE,0,FALSE,1.19894763639919,0.499999999990703
0,0,0,1,0,0,0,0,0,0,chr21,38344550,38345899,1350,+,136,811,GT-AG,136,811,1,0.549999999999999,FALSE,FALSE,0,FALSE,0.239789527279837,0.499999943136996
0,1,0,0,0,0,0,0,1,0,chr21,39644480,39663527,19048,+,137,812,GT-AG,137,812,1,2,FALSE,FALSE,0.5,TRUE,-0.12932543298501,0.987329492555323
0,0,2,0,0,0,0,0,0,2,chr21,39644480,39668847,24368,+,137,813,GT-AG,137,813,2,2,FALSE,FALSE,0.6,TRUE,-0.110464094294827,0.986868019037838
0,0,0,0,1,0,0,0,0,0,chr21,39663670,39668847,5178,+,138,813,GT-AG,138,813,1,2,FALSE,FALSE,0.666666666666667,TRUE,-0.369114960264848,0.981874916581233
1,2,2,1,1,0,1,0,0,1,chr21,39668946,39671165,2220,+,139,814,GT-AG,139,814,2,2,FALSE,FALSE,0,FALSE,1.80785212394387,0.968730313177504
1,2,1,3,0,3,2,5,0,0,chr21,40178045,40181958,3914,+,140,815,GT-AG,140,815,5,4.55,FALSE,FALSE,0.214285714285714,TRUE,1.92867401899398,0.0279166765473904
0,0,0,1,0,0,0,0,0,0,chr21,40178733,40181958,3226,+,141,815,GT-AG,141,815,1,4.55,FALSE,FALSE,0.214285714285714,TRUE,-1.92867401899398,0.0279166768818743
2,4,4,5,3,1,5,9,4,2,chr21,40182031,40184926,2896,+,142,816,GT-AG,142,816,9,7.2,FALSE,FALSE,0,FALSE,3.54361543248088,0.98192664962315
6,5,5,4,5,8,15,13,8,4,chr21,40185039,40186196,1158,+,143,817,GT-AG,143,817,15,14.1,FALSE,FALSE,0,FALSE,4.20148703651158,0.978179132202449
7,4,8,7,7,4,13,14,3,7,chr21,40186317,40186704,388,+,144,818,GT-AG,144,818,14,13.55,FALSE,FALSE,0,FALSE,4.21302572143108,0.97804610027147
5,11,9,10,12,12,14,19,6,7,chr21,40186906,40188931,2026,+,145,819,GT-AG,145,819,19,16.75,FALSE,FALSE,0,FALSE,4.59335040082277,0.974095254828271
7,4,8,5,11,17,21,18,8,10,chr21,40189016,40190348,1333,+,146,820,GT-AG,146,820,21,20.1,TRUE,TRUE,0.27280701754386,TRUE,3.72267051769678,0.0286682941073383
0,0,0,1,0,0,0,0,0,0,chr21,40189016,40190360,1345,+,146,821,GT-AG,146,821,1,20.1,FALSE,FALSE,0.15,TRUE,-4.38236617214276,0.0592975884066432
6,3,5,15,11,6,22,21,8,8,chr21,40190571,40191426,856,+,147,822,GT-AG,147,822,22,22,TRUE,TRUE,0.0954545454545455,TRUE,4.00574992024253,0.000914179120326271
6,8,7,5,5,8,7,10,9,5,chr21,40191691,40193509,1819,+,148,823,GT-AG,148,823,10,9.55,FALSE,FALSE,0,FALSE,4.23465888491319,0.977925339760414
6,7,12,6,2,4,14,10,5,5,chr21,40193629,40194597,969,+,149,824,GT-AG,149,824,14,13.1,FALSE,FALSE,0,FALSE,4.14658443280805,0.978363753444665
15,13,13,21,19,14,29,23,10,22,chr21,40752413,40762623,10211,+,150,825,GT-AG,150,825,29,46.85,TRUE,TRUE,0.268077884918001,TRUE,0.16004969423089,0.039938472580238
1,0,1,0,0,0,0,1,0,0,chr21,40752483,40762623,10141,+,151,825,GT-AG,151,825,1,46.85,FALSE,FALSE,0.0264537545787546,FALSE,-5.07047774797272,0.000278606945323359
0,0,0,0,1,0,0,0,0,0,chr21,40752573,40762623,10051,+,152,825,GT-AG,152,825,1,46.85,FALSE,FALSE,0.03,FALSE,-5.55605732720101,0.00303068056345808
9,5,17,22,9,19,19,15,27,8,chr21,40759782,40762623,2842,+,153,825,GT-AG,153,825,27,46.85,TRUE,TRUE,0.301844368434485,TRUE,-0.302333423718315,0.0494057618663132
58,35,51,74,73,34,92,57,66,54,chr21,40762790,40763694,905,+,154,826,GT-AG,154,826,92,88.9,TRUE,TRUE,0.118484650376023,TRUE,2.80187645892461,0.00315365105833514
0,0,0,0,1,0,0,0,0,0,chr21,40762846,40763694,849,+,155,826,GT-AG,155,826,1,85.45,FALSE,FALSE,0.012,FALSE,-6.12235019496462,0.000639602628532351
0,0,0,1,1,0,1,0,0,0,chr21,40763403,40763694,292,+,156,826,GT-AG,156,826,1,85.45,FALSE,FALSE,0.00960283687943263,FALSE,-5.64036225152731,0.000151426131901042
37,16,40,36,38,21,59,32,51,33,chr21,40763763,40765091,1329,+,157,827,GT-AG,157,827,59,65.2,TRUE,TRUE,0.0512980337664714,TRUE,1.75560443791012,0.000115514505012197
0,0,0,0,0,0,1,1,0,0,chr21,40763763,40768791,5029,+,157,828,GT-AG,157,828,1,87.55,FALSE,FALSE,0.0166161309884779,FALSE,-5.78616157450729,0.000183314035014574
0,0,0,0,0,0,0,0,2,0,chr21,40763763,40777839,14077,+,157,829,GT-AG,157,829,2,60.75,FALSE,FALSE,0.0310344827586207,FALSE,-5.59179646122075,0.0214429616189143
0,0,0,1,0,0,0,0,0,0,chr21,40763763,40780531,16769,+,157,830,GT-AG,157,830,1,59.75,FALSE,FALSE,0.0243243243243243,FALSE,-5.63185033606119,0.00155859272222034
0,0,0,0,0,0,2,0,4,1,chr21,40763763,40834300,70538,+,157,831,GT-AG,157,831,4,62.4,FALSE,FALSE,0.0563359597842357,TRUE,-5.01271274615574,0.0215553261617325
18,7,17,25,19,14,35,17,19,12,chr21,40765207,40768791,3585,+,158,828,GT-AG,158,828,35,33.6,TRUE,TRUE,0.114128464128464,TRUE,2.33041528115183,0.00621817039214016
1,1,1,2,0,0,1,1,1,1,chr21,40765207,40777839,12633,+,158,829,GT-AG,158,829,2,33.05,FALSE,FALSE,0.0763859775701881,TRUE,-3.23056679463916,0.000216561840227159
0,0,0,0,0,0,1,0,0,1,chr21,40765207,40782769,17563,+,158,832,GT-AG,158,832,1,33.05,FALSE,FALSE,0.0573684210526316,TRUE,-4.78656817079201,0.000468562050702328
1,0,1,0,0,0,0,0,0,0,chr21,40777985,40778487,503,+,159,833,GT-AG,159,833,1,1,FALSE,FALSE,0,FALSE,0.479579054559674,0.500000056969132
0,0,0,0,0,0,0,0,1,0,chr21,40778658,40779718,1061,+,160,834,GT-AG,160,834,1,1,FALSE,FALSE,0.5,TRUE,2.53130849614536e-16,0.49999999999866
0,1,0,0,0,0,0,0,0,0,chr21,40778658,40782769,4112,+,160,832,GT-AG,160,832,1,1,FALSE,FALSE,0.833333333333333,TRUE,-0.959158109119348,0.499999934489463
1,0,1,0,0,0,0,0,0,0,chr21,40780604,40782769,2166,+,161,832,GT-AG,161,832,1,1,FALSE,FALSE,0.6,TRUE,-0.239789527279837,0.500000052046802
0,0,0,0,0,0,1,0,0,0,chr21,40782864,40785585,2722,+,162,835,GT-AG,162,835,1,1,FALSE,FALSE,0.5,TRUE,2.26485497023532e-16,0.499999999998182
0,1,0,0,0,0,0,0,0,0,chr21,40782864,40797685,14822,+,162,836,GT-AG,162,836,1,1,FALSE,FALSE,0.5,TRUE,2.26485497023532e-16,0.500000081923408
0,0,0,0,1,0,1,1,1,0,chr21,40817819,40834300,16482,+,163,831,GT-AG,163,831,1,5.55,FALSE,FALSE,0.388333333333333,TRUE,-2.28443058048959,0.00143573133761855
1,0,1,2,2,0,1,1,0,2,chr21,40817856,40834300,16445,+,164,831,GT-AG,164,831,2,5.55,FALSE,FALSE,0.316666666666667,TRUE,-1.09081737031721,0.00203169592134941
1,1,1,1,0,1,2,0,0,1,chr21,40818008,40834300,16293,+,165,831,GT-AG,165,831,2,5.55,FALSE,FALSE,0.666666666666667,TRUE,-1.10332583567081,0.00191783145490827
0,0,0,1,1,1,0,0,0,0,chr21,40818025,40834300,16276,+,166,831,GT-AG,166,831,1,5.55,FALSE,FALSE,0.4,TRUE,-2.53599180129441,0.00352858262268478
4,7,1,6,1,3,7,4,3,3,chr21,40834487,40847060,12574,+,167,837,GT-AG,167,837,7,7,FALSE,FALSE,0,FALSE,3.51611299107167,0.981319409456995
1,12,7,8,6,8,9,6,3,5,chr21,40847142,40871748,24607,+,168,838,GT-AG,168,838,12,10.65,FALSE,FALSE,0.182936507936508,TRUE,3.07521029856608,0.00116080705197674
0,0,0,1,0,0,0,1,1,1,chr21,40847142,40880924,33783,+,168,839,GT-AG,168,839,1,18,FALSE,FALSE,0.0767521367521367,TRUE,-3.77859807172869,0.000604559557000327
2,6,11,9,5,4,9,3,5,7,chr21,40871842,40880924,9083,+,169,839,GT-AG,169,839,11,10.55,FALSE,FALSE,0.185833333333333,TRUE,3.05689548387287,0.00105031084321807
2,5,8,8,4,4,8,3,6,5,chr21,40880955,40883606,2652,+,170,840,GT-AG,170,840,8,8.55,FALSE,FALSE,0.1,TRUE,3.66656310964581,0.00266795618413436
0,0,0,1,0,0,0,0,0,0,chr21,40880955,40887014,6060,+,170,841,GT-AG,170,841,1,15,FALSE,FALSE,0.06,TRUE,-4.30510797661413,0.00168791811682183
5,6,4,6,6,3,7,2,3,3,chr21,40883737,40887014,3278,+,171,841,GT-AG,171,841,7,7,FALSE,FALSE,0.128571428571429,TRUE,3.51892879473703,0.00326857097696876
0,0,0,0,2,0,0,0,0,0,chr21,43524152,43528411,4260,+,172,842,GC-AG,172,842,2,1.1,FALSE,FALSE,0,FALSE,0.304452243772342,0.951748380591938
1,0,2,2,2,2,3,6,3,3,chr21,43639415,43645780,6366,+,173,843,GT-AG,173,843,6,4.65,FALSE,FALSE,0,FALSE,2.89888205013208,0.983432210717741
2,1,0,8,10,2,4,9,8,9,chr21,43646025,43691179,45155,+,174,844,GT-AG,174,844,10,9.55,FALSE,FALSE,0,FALSE,3.46262500541694,0.980526821563702
0,0,0,0,0,0,0,0,0,1,chr21,43691225,43716273,25049,+,175,845,GT-AG,175,845,1,18.1,FALSE,FALSE,0.0473684210526316,FALSE,-4.31064363467617,0.00145295630578471
9,2,2,3,10,2,3,10,5,4,chr21,43691298,43693412,2115,+,176,846,GT-AG,176,846,10,10,FALSE,FALSE,0,FALSE,3.73880399617686,0.980755548881156
8,2,2,2,6,2,6,7,6,5,chr21,43693546,43697004,3459,+,177,847,GT-AG,177,847,8,9.1,FALSE,FALSE,0.136547619047619,TRUE,2.68614577517332,0.00212405623832569
2,0,0,0,1,0,0,1,0,1,chr21,43693546,43702383,8838,+,177,848,GT-AG,177,848,2,16.75,FALSE,FALSE,0.0746385193753615,TRUE,-3.21991968176252,0.000898431443165657
9,0,2,1,7,2,4,5,5,3,chr21,43697056,43702383,5328,+,178,848,GT-AG,178,848,9,9.65,FALSE,FALSE,0.169612794612795,TRUE,2.20334818123229,0.00100269277402863
5,3,1,3,10,4,2,10,2,8,chr21,43702530,43704669,2140,+,179,849,GT-AG,179,849,10,10,FALSE,FALSE,0,FALSE,3.66250024449991,0.980942099432525
7,1,4,6,13,10,5,20,5,10,chr21,43704794,43705989,1196,+,180,850,GT-AG,180,850,20,16.85,TRUE,TRUE,0.166666666666667,TRUE,3.32704754628635,0.0620552982041716
9,6,4,4,9,6,8,15,8,5,chr21,43706105,43707998,1894,+,181,851,GT-AG,181,851,15,14.75,FALSE,FALSE,0.292499363381716,TRUE,1.30303293855905,0.0145095846054466
2,3,2,1,2,0,3,2,2,5,chr21,43706826,43707998,1173,+,182,851,GT-AG,182,851,5,14.75,FALSE,FALSE,0.233300229182582,TRUE,-1.44898699583564,0.00143364116307159
0,0,0,0,1,0,0,0,0,0,chr21,43706963,43707998,1036,+,183,851,GT-AG,183,851,1,14.75,FALSE,FALSE,0.075,TRUE,-4.30132484862507,0.00340930565546203
0,0,1,0,0,0,0,0,0,1,chr21,43707703,43707998,296,+,184,851,GT-AG,184,851,1,14.75,FALSE,FALSE,0.119480519480519,TRUE,-4.04553978603976,0.00207334161543208
7,3,3,8,14,3,6,7,4,13,chr21,43708148,43708320,173,+,185,852,GT-AG,185,852,14,19.1,FALSE,FALSE,0.198444055944056,TRUE,0.104191393212147,0.000346867222409915
6,5,4,6,6,3,6,6,7,5,chr21,43708184,43708320,137,+,186,852,GT-AG,186,852,7,19.1,FALSE,FALSE,0.198444055944056,TRUE,-0.104191393212147,0.000346869162966205
0,0,0,0,1,0,0,0,0,0,chr21,43708423,43710141,1719,+,187,853,GT-AG,187,853,1,14.55,FALSE,FALSE,0.06,TRUE,-4.38729307941598,0.00226769349316488
14,10,4,12,14,8,8,11,13,13,chr21,43708423,43710159,1737,+,187,854,GT-AG,187,854,14,14.55,FALSE,FALSE,0.06,TRUE,4.38729307941598,0.00226769349365728
5,4,10,11,20,1,10,20,10,13,chr21,43710329,43711201,873,+,188,855,GT-AG,188,855,20,20,TRUE,TRUE,0.163333333333333,TRUE,3.92842013177857,0.0122756762538989
8,5,9,10,12,8,4,13,11,11,chr21,43711303,43711607,305,+,189,856,GT-AG,189,856,13,12.55,FALSE,FALSE,0,FALSE,4.46503243035542,0.975645217011983
5,3,8,5,7,2,0,13,4,13,chr21,43711767,43714651,2885,+,190,857,GT-AG,190,857,13,13,FALSE,FALSE,0.221560846560847,TRUE,2.86229436691574,0.00758011281694202
2,0,0,1,1,0,0,0,0,0,chr21,43711789,43714651,2863,+,191,857,GT-AG,191,857,2,13,FALSE,FALSE,0.221560846560847,TRUE,-2.86229436691574,0.00758011292816034
10,6,6,16,17,8,7,13,4,18,chr21,43714771,43716273,1503,+,192,845,GT-AG,192,845,18,18.1,FALSE,FALSE,0.0473684210526316,FALSE,4.31064363467617,0.00145295704346904
0,0,0,0,0,0,0,1,0,0,chr21,43974253,43982187,7935,+,193,858,GT-AG,193,858,1,1.55,FALSE,FALSE,0.75,TRUE,-0.544241771052179,0.982845324236232
0,0,2,0,1,0,1,0,0,0,chr21,43979200,43982187,2988,+,194,858,GT-AG,194,858,2,1.55,FALSE,FALSE,0.75,TRUE,0.54424177105218,0.982845321378284
0,0,1,0,0,0,0,0,0,0,chr21,44317158,44424435,107278,+,195,859,GT-AG,195,859,1,11.65,FALSE,FALSE,0.0692307692307692,TRUE,-3.9306456700466,0.00224114732546848
6,3,12,6,8,10,10,10,10,1,chr21,44394775,44424435,29661,+,196,859,GT-AG,196,859,12,11.65,FALSE,FALSE,0.0692307692307692,TRUE,3.9306456700466,0.00224115164173505
14,5,12,11,12,20,28,15,34,5,chr21,44424543,44427600,3058,+,197,860,GT-AG,197,860,34,31.75,TRUE,TRUE,0.201591047559607,TRUE,2.95325687705351,0.0021501101848299
9,7,12,8,16,14,26,10,22,14,chr21,44427729,44430162,2434,+,198,861,GT-AG,198,861,26,25.1,TRUE,TRUE,0.140944055944056,TRUE,3.76356714342063,0.0111190699283785
0,0,0,0,0,0,0,0,1,0,chr21,44427729,44433177,5449,+,198,862,GT-AG,198,862,1,51.05,FALSE,FALSE,0.02,FALSE,-5.55000262313944,0.000699569010036689
17,10,22,22,22,21,30,21,22,13,chr21,44430335,44433177,2843,+,199,862,GT-AG,199,862,30,26.85,TRUE,TRUE,0.0687747035573123,TRUE,4.4795145750997,0.0016451631193402
10,3,12,14,11,14,10,14,13,8,chr21,44433349,44437017,3669,+,200,863,GT-AG,200,863,14,14.55,FALSE,FALSE,0.118857808857809,TRUE,3.54006397130413,0.00123216231986068
2,0,0,1,2,0,1,0,0,0,chr21,44433349,44437020,3672,+,200,864,GT-AG,200,864,2,14.55,FALSE,FALSE,0.118857808857809,TRUE,-3.54006397130412,0.00123215997507224
14,4,11,11,20,21,9,11,12,4,chr21,44437118,44438242,1125,+,201,865,GT-AG,201,865,21,21.55,TRUE,TRUE,0.108056943056943,TRUE,2.70945321520837,0.00203202136336248
0,0,0,0,0,0,0,0,1,0,chr21,44437118,44441412,4295,+,201,866,GT-AG,201,866,1,48.75,FALSE,FALSE,0.0264705882352941,FALSE,-5.53272934636176,0.00119170119108226
17,15,14,22,25,29,29,11,20,18,chr21,44438341,44441412,3072,+,202,866,GT-AG,202,866,29,32.2,TRUE,TRUE,0.0819688331042484,TRUE,2.64983363577523,0.000410762475633182
22,19,15,16,17,28,18,12,28,18,chr21,44441542,44444980,3439,+,203,867,GT-AG,203,867,28,28,TRUE,TRUE,0.0808479532163743,TRUE,4.14754424136188,0.00725184087245386
11,13,14,15,16,32,22,11,30,25,chr21,44445058,44448811,3754,+,204,868,GT-AG,204,868,32,32.1,TRUE,FALSE,0.0473301260450629,FALSE,3.25607066641449,0.000259001358992836
18,12,14,26,21,19,20,15,22,14,chr21,44448985,44449999,1015,+,205,869,GT-AG,205,869,26,28.4,TRUE,TRUE,0.109385229064022,TRUE,2.65689933146705,0.0293577524336944
0,0,0,0,0,0,0,0,1,0,chr21,44450092,44451658,1567,+,206,870,GT-AG,206,870,1,0.549999999999999,FALSE,FALSE,0,FALSE,0.239789527279837,0.499999991666228
0,0,0,0,2,0,0,0,0,0,chr21,44453543,44453549,7,+,207,871,GT-AG,207,871,2,1.1,FALSE,FALSE,0,FALSE,0.304452243772342,0.951748380591938
0,0,0,1,0,0,0,0,0,0,chr21,45157090,45557387,400298,+,208,872,GT-AG,208,872,1,0.549999999999999,FALSE,FALSE,0,FALSE,0.239789527279837,0.499999943136996
0,0,0,0,0,2,0,0,1,0,chr21,45209577,45211230,1654,+,209,873,GT-AG,209,873,2,139.4,FALSE,FALSE,0.0220668220668221,FALSE,-6.25148018805679,0.00639806134939948
0,0,0,0,1,0,0,0,0,0,chr21,45209644,45210828,1185,+,210,874,GT-AG,210,874,1,132.05,FALSE,FALSE,0.0121621621621622,FALSE,-6.60042181180993,0.00204226861582624
97,69,56,136,67,74,107,101,94,55,chr21,45209644,45211230,1587,+,210,873,GT-AG,210,873,136,147.6,TRUE,FALSE,0.0418982626595857,FALSE,1.47999518681872,6.67948584347681e-05
0,0,0,1,0,0,0,0,0,0,chr21,45210938,45211230,293,+,211,873,GT-AG,211,873,1,139.4,FALSE,FALSE,0.00592105263157895,FALSE,-6.55888118550474,0.000210290244610777
78,72,86,180,140,76,185,86,118,62,chr21,45211314,45212552,1239,+,212,875,GT-AG,212,875,185,187.65,TRUE,TRUE,0.0789821849034336,TRUE,2.53631359755993,0.00417199602496182
0,0,0,0,0,0,1,0,0,0,chr21,45211314,45217306,5993,+,212,876,GT-AG,212,876,1,190.55,FALSE,FALSE,0.00471204188481675,FALSE,-6.76480198718345,0.000186337589737994
0,0,1,0,0,0,0,0,0,0,chr21,45212609,45213199,591,+,213,877,GC-AG,213,877,1,216.65,FALSE,FALSE,0.00803571428571429,FALSE,-7.00249842293096,0.000714635191269009
110,131,108,196,174,128,222,124,140,82,chr21,45212611,45213199,589,+,214,877,GT-AG,214,877,222,220.45,TRUE,FALSE,0.0365114184395333,FALSE,2.92635922765977,0.000426898259562264
142,105,133,255,196,117,263,114,186,120,chr21,45213286,45215069,1784,+,215,878,GT-AG,215,878,263,273,TRUE,FALSE,0.0225778491523085,FALSE,3.09837812362606,5.28491137016736e-05
1,0,0,0,0,0,0,0,0,0,chr21,45213286,45217302,4017,+,215,879,GT-AG,215,879,1,520.45,FALSE,FALSE,0.00307167235494881,FALSE,-7.85174832357226,0.000254851052038357
0,0,0,0,0,0,0,1,0,0,chr21,45213286,45217306,4021,+,215,876,GT-AG,215,876,1,276.65,FALSE,FALSE,0.0075,FALSE,-7.15551864042241,0.000963729611227625
0,0,0,0,0,0,0,0,1,0,chr21,45215132,45215456,325,+,216,880,GT-AG,216,880,1,252.15,FALSE,FALSE,0.00511363636363636,FALSE,-7.18190891329286,0.000262214682190791
144,135,129,237,190,178,256,127,170,115,chr21,45215132,45217302,2171,+,216,879,GT-AG,216,879,256,253.6,TRUE,FALSE,0.0364179367540443,FALSE,3.08689124215915,0.00102430469702947
2,3,1,7,3,1,2,4,3,4,chr21,45215132,45217306,2175,+,216,876,GT-AG,216,876,7,252.7,FALSE,FALSE,0.0153549002763489,FALSE,-4.11756446738629,0.000102043876230548
135,103,137,238,173,173,243,108,150,128,chr21,45217433,45217511,79,+,217,881,GT-AG,217,881,243,248.75,TRUE,TRUE,0.102905774579559,TRUE,2.76115874626842,0.00955529088800886
119,77,121,214,185,127,236,94,140,97,chr21,45217577,45217787,211,+,218,882,GT-AG,218,882,236,229.9,TRUE,TRUE,0.105223643184459,TRUE,3.34727004620919,0.0107171039952056
2,0,0,1,1,1,0,0,0,0,chr21,45217584,45217787,204,+,219,882,GT-AG,219,882,2,229.45,FALSE,FALSE,0.0127434986694031,FALSE,-6.18815947077866,0.000281155112457422
0,2,1,2,3,0,0,0,0,0,chr21,45217931,45219450,1520,+,220,883,GT-AG,220,883,3,223.55,FALSE,FALSE,0.0145406937694636,FALSE,-6.0344619237141,0.0036056080127386
0,0,0,0,0,0,0,1,0,0,chr21,45217962,45219450,1489,+,221,883,GT-AG,221,883,1,223.55,FALSE,FALSE,0.00714285714285714,FALSE,-6.99126793172437,0.000534016255721928
0,0,0,0,0,0,1,0,0,0,chr21,45217982,45218104,123,+,222,884,GT-AG,222,884,1,210.55,FALSE,FALSE,0.00584415584415585,FALSE,-6.93844023261713,0.000350541752716054
137,94,124,255,155,104,153,111,129,93,chr21,45217982,45219450,1469,+,222,883,GT-AG,222,883,255,224.1,TRUE,TRUE,0.0616058344384263,TRUE,2.61720268175106,0.000439673145152891
0,0,0,0,0,0,0,0,1,0,chr21,45219154,45219450,297,+,223,883,GT-AG,223,883,1,223.55,FALSE,FALSE,0.00656934306569343,FALSE,-6.99133204658308,0.000401081949492707
0,0,0,0,0,0,0,0,0,1,chr21,45219531,45219841,311,+,224,885,GT-AG,224,885,1,191.65,FALSE,FALSE,0.012,FALSE,-6.8080504032158,0.00249325059907051
106,81,68,197,104,125,176,98,114,74,chr21,45219531,45220397,867,+,224,886,GT-AG,224,886,197,194.45,TRUE,TRUE,0.145829709281142,TRUE,2.63163756668726,0.0283698624953108
125,122,101,197,117,114,198,83,128,89,chr21,45220496,45220742,247,+,225,887,GT-AG,225,887,198,210.3,TRUE,TRUE,0.0743178854995533,TRUE,2.32850472999643,0.000787821451881323
0,0,0,1,0,1,0,0,1,0,chr21,45220496,45222154,1659,+,225,888,GT-AG,225,888,1,426.15,FALSE,FALSE,0.00278160679476469,FALSE,-7.17307263719532,3.14740564040013e-05
0,0,0,0,1,0,2,0,0,0,chr21,45220763,45221537,775,+,226,889,GT-AG,226,889,2,203.75,FALSE,FALSE,0.00814877226769379,FALSE,-6.57600795649083,0.000493463100566313
122,110,86,206,121,121,198,88,120,100,chr21,45220763,45222154,1392,+,226,888,GT-AG,226,888,206,218.3,TRUE,TRUE,0.0593538762934356,TRUE,2.28529157917339,5.1519492123033e-05
0,0,0,0,0,0,1,0,0,0,chr21,45220804,45222154,1351,+,227,888,GT-AG,227,888,1,216.95,FALSE,FALSE,0.00424528301886792,FALSE,-6.95266799364674,0.000174370952829576
0,0,0,0,0,0,3,1,0,0,chr21,45221604,45222154,551,+,228,888,GT-AG,228,888,3,216.95,FALSE,FALSE,0.0116720192693697,FALSE,-6.60724895212543,0.0063448783963099
1,1,1,1,0,0,0,1,0,0,chr21,45222269,45223201,933,+,229,890,GT-AG,229,890,1,181.95,FALSE,FALSE,0.00666692702857078,FALSE,-6.01441677849776,5.066434840167e-05
107,134,128,189,117,159,135,82,135,110,chr21,45222269,45223392,1124,+,229,891,GT-AG,229,891,189,190.5,TRUE,TRUE,0.0763103127866671,TRUE,1.91304838341371,0.0121334094343702
1,0,0,0,0,0,0,1,0,0,chr21,45223299,45223392,94,+,230,891,GT-AG,230,891,1,184.05,FALSE,FALSE,0.00907043775896235,FALSE,-6.74418283631099,0.000182287199132877
0,0,0,0,0,0,0,1,0,0,chr21,45548508,45555941,7434,+,231,892,GT-AG,231,892,1,206.75,FALSE,FALSE,0.0046875,FALSE,-7.07522191226781,0.000226091395807347
0,0,0,0,1,0,0,0,0,0,chr21,45553200,45553983,784,+,232,893,GT-AG,232,893,1,224.1,FALSE,FALSE,0.0272727272727273,FALSE,-6.69451775970759,0.0148132017625477
0,2,2,0,0,1,0,0,0,0,chr21,45553524,45553983,460,+,233,893,GT-AG,233,893,2,224.55,FALSE,FALSE,0.0116892291556141,FALSE,-6.08628101528081,0.000129415974025409
0,0,0,0,0,0,0,0,1,0,chr21,45553524,45555941,2418,+,233,892,GT-AG,233,892,1,208.2,FALSE,FALSE,0.00520231213872832,FALSE,-7.07825107645905,0.000254742502474832
0,0,0,0,0,1,0,2,0,0,chr21,45553721,45553807,87,+,234,894,GT-AG,234,894,2,206.05,FALSE,FALSE,0.0097905915045653,FALSE,-6.24060370830277,0.00189978879030392
147,113,168,45,26,224,5,165,170,154,chr21,45553721,45553983,263,+,234,893,GT-AG,234,893,224,230.45,TRUE,TRUE,0.329007542598455,TRUE,1.36630001642605,0.0115149828522729
1,2,0,0,0,0,1,2,0,0,chr21,45553721,45555941,2221,+,234,892,GT-AG,234,892,2,411.45,FALSE,FALSE,0.00771335771055738,FALSE,-6.76805578242102,0.00111196502378809
0,0,0,0,1,0,1,0,0,0,chr21,45553790,45555941,2152,+,235,892,GT-AG,235,892,1,206.75,FALSE,FALSE,0.0090964590964591,FALSE,-6.83405436032584,0.000301465528187031
0,0,0,0,0,0,0,0,1,0,chr21,45553866,45553983,118,+,236,893,GT-AG,236,893,1,224.1,FALSE,FALSE,0.00473684210526316,FALSE,-6.69705805754929,0.00023795503969514
0,1,0,0,0,1,0,0,0,0,chr21,45553904,45553983,80,+,237,893,GT-AG,237,893,1,224.1,FALSE,FALSE,0.00617251766886803,FALSE,-6.45666643315834,8.81365042004066e-05
0,0,0,1,0,0,0,0,0,0,chr21,45554037,45554730,694,+,238,895,GT-AG,238,895,1,204.2,FALSE,FALSE,0.00642857142857143,FALSE,-7.05434205329628,0.000401166343467345
151,117,190,135,123,214,85,183,171,124,chr21,45554037,45555941,1905,+,238,892,GT-AG,238,892,214,209.1,TRUE,TRUE,0.0558629649244682,TRUE,2.96955995143716,0.00952440750644462
0,0,1,1,0,0,2,1,0,0,chr21,45554851,45555941,1091,+,239,892,GT-AG,239,892,2,206.75,FALSE,FALSE,0.018060979623017,FALSE,-6.28776942410581,0.000109124203276737
1,1,2,0,0,3,3,0,0,0,chr21,45556046,45557058,1013,+,240,896,GC-AG,240,896,3,261.2,FALSE,FALSE,0.008289818022104,FALSE,-6.16979395601437,0.0026440410050559
155,148,172,208,224,196,218,185,170,128,chr21,45556056,45557058,1003,+,241,896,GT-AG,241,896,224,289.6,TRUE,TRUE,0.0507397916842541,TRUE,1.30778569192417,0.00195947614549132
2,0,1,0,1,0,1,2,1,0,chr21,45556910,45557058,149,+,242,896,GT-AG,242,896,2,261.2,FALSE,FALSE,0.00749293204029245,FALSE,-6.0733477109662,7.39643586379404e-05
0,0,0,0,2,0,0,0,0,0,chr21,45557179,45559734,2556,+,243,897,GT-AG,243,897,2,274.7,FALSE,FALSE,0.00740740740740741,FALSE,-7.36534663875275,0.00289208020442575
0,0,0,0,0,0,1,0,0,0,chr21,45557179,45559796,2618,+,243,898,GT-AG,243,898,1,274.7,FALSE,FALSE,0.00310344827586207,FALSE,-7.43049016064824,0.000142114170044595
136,189,197,230,219,210,271,196,204,148,chr21,45557179,45560131,2953,+,243,899,GT-AG,243,899,271,282.9,TRUE,FALSE,0.0355591310808497,FALSE,2.07016744090072,4.46299959156296e-05
0,0,0,1,0,0,0,0,0,0,chr21,45557179,45560134,2956,+,243,900,GT-AG,243,900,1,274.7,FALSE,FALSE,0.003515625,FALSE,-7.43044422805297,0.000166615324656305
5,5,3,4,4,5,4,1,4,2,chr21,45557179,45563086,5908,+,243,901,GT-AG,243,901,5,435.65,FALSE,FALSE,0.00821622071948262,FALSE,-4.59317178055546,2.11790159859299e-05
0,0,0,1,0,0,0,0,0,0,chr21,45560225,45560638,414,+,244,902,GT-AG,244,902,1,244.5,FALSE,FALSE,0.0036144578313253,FALSE,-7.17418798979282,0.000140646657656236
0,0,0,0,0,0,1,0,0,0,chr21,45560225,45560727,503,+,244,903,GT-AG,244,903,1,244.5,FALSE,FALSE,0.00604026845637584,FALSE,-7.17391729290017,0.000522859456807906
7,4,3,13,7,5,6,9,8,4,chr21,45560225,45560823,599,+,244,904,GT-AG,244,904,13,244.5,FALSE,FALSE,0.0178696383049933,FALSE,-3.25492185857562,3.61603052026158e-05
0,0,0,0,0,0,0,0,3,0,chr21,45560225,45560894,670,+,244,905,GT-AG,244,905,3,244.5,FALSE,FALSE,0.0154285714285714,FALSE,-7.06925289617375,0.0166977630418944
4,4,7,18,4,3,9,9,5,5,chr21,45560225,45561045,821,+,244,906,GT-AG,244,906,18,244.5,FALSE,FALSE,0.0335660941402845,FALSE,-3.28263779883197,0.0024737414519962
0,0,0,1,0,0,2,0,1,0,chr21,45560225,45561080,856,+,244,907,GT-AG,244,907,2,244.5,FALSE,FALSE,0.0111075019156203,FALSE,-6.62802302007255,0.00010047274741053
121,75,108,188,102,134,117,170,113,82,chr21,45560225,45563086,2862,+,244,901,GT-AG,244,901,188,261.3,TRUE,TRUE,0.186825741329484,TRUE,0.58075246691872,0.0141132056860826
0,0,0,0,0,1,0,0,0,0,chr21,45560225,45583092,22868,+,244,908,GT-AG,244,908,1,244.5,FALSE,FALSE,0.00508474576271186,FALSE,-7.1740239900212,0.000281079323208773
0,0,0,0,0,0,0,1,0,0,chr21,45563244,45564700,1457,+,245,909,AT-AC,245,909,1,274.75,FALSE,FALSE,0.00382978723404255,FALSE,-7.45275085616674,0.000212046551712863
205,173,208,289,224,242,212,221,218,159,chr21,45563244,45564702,1459,+,245,910,AT-AC,245,910,289,287.75,TRUE,TRUE,0.0719234644497144,TRUE,2.69458938343568,0.000139695373952142
1,1,0,5,3,4,2,0,3,1,chr21,45564799,45565452,654,+,246,911,GT-AG,246,911,5,4.55,FALSE,FALSE,0.4375,TRUE,2.23536850917191,0.206568581747658
0,0,0,0,0,0,0,0,0,1,chr21,45564808,45565452,645,+,247,911,GT-AG,247,911,1,4.55,FALSE,FALSE,0.4375,TRUE,-2.23536850917191,0.206568567435014
1,0,0,0,0,0,0,0,0,0,chr21,45579228,45587732,8505,+,248,912,GT-AG,248,912,1,0.549999999999999,FALSE,FALSE,0,FALSE,0.239789527279837,0.500000046432499
0,0,0,0,1,0,0,0,0,0,chr21,45627444,45627795,352,+,249,913,GT-AG,249,913,1,0.549999999999999,FALSE,FALSE,0,FALSE,0.239789527279837,0.500000008335434
6,5,5,6,7,3,4,7,4,2,chr21,45628103,45628351,249,+,250,914,GT-AG,250,914,7,9.65,FALSE,FALSE,0.314772727272727,TRUE,3.24049451839924,0.0257829768515313
0,0,0,0,0,0,0,1,0,0,chr21,45628103,45628605,503,+,250,915,GT-AG,250,915,1,9.65,FALSE,FALSE,0.1125,TRUE,-3.65653675749677,0.00333834928963936
0,0,0,0,4,0,0,0,0,0,chr21,45628103,45628669,567,+,250,916,GT-AG,250,916,4,10.1,FALSE,FALSE,0.327272727272727,TRUE,-3.50510200862663,0.162730714024953
0,0,0,0,0,0,0,1,0,0,chr21,45628482,45628669,188,+,251,916,GT-AG,251,916,1,2.65,FALSE,FALSE,0.5,TRUE,-0.131567679390594,0.961079409637785
1,6,3,3,2,1,0,6,3,1,chr21,45857051,45858949,1899,+,252,917,GT-AG,252,917,6,6,FALSE,FALSE,0,FALSE,2.87619175979206,0.984044306146435
0,3,0,0,0,0,0,1,1,0,chr21,45859052,45860671,1620,+,253,918,GT-AG,253,918,3,2.1,FALSE,FALSE,0,FALSE,0.822977775008189,0.959771847241283
0,1,0,0,0,0,0,0,0,0,chr21,45937719,45938510,792,+,254,919,GT-AG,254,919,1,0.549999999999999,FALSE,FALSE,0,FALSE,0.239789527279837,0.499999965255526
0,1,0,0,0,0,0,0,0,0,chr21,46222552,46223661,1110,+,255,920,GT-AG,255,920,1,0.549999999999999,FALSE,FALSE,0,FALSE,0.239789527279837,0.499999965255526
0,0,1,0,0,0,0,0,0,0,chr21,46684196,47417270,733075,+,256,921,GC-AG,256,921,1,0.549999999999999,FALSE,FALSE,0,FALSE,0.239789527279837,0.500000040097874
0,0,0,0,0,0,2,0,0,0,chr21,46685569,46685601,33,+,257,922,GT-AG,257,922,2,1.1,FALSE,FALSE,0,FALSE,0.304452243772342,0.971678352369764
0,0,0,0,0,1,0,0,0,0,chr21,46708081,46708890,810,+,258,923,GT-AG,258,923,1,1.55,FALSE,FALSE,0.333333333333333,TRUE,-0.479579054559674,0.00933024608463391
0,1,1,0,0,1,0,0,0,0,chr21,46708081,46709265,1185,+,258,924,GT-AG,258,924,1,2.1,FALSE,FALSE,0.611111111111111,TRUE,-0.304452243772342,0.00808468096023382
1,0,0,0,1,1,0,1,0,0,chr21,46708160,46709265,1106,+,259,924,GT-AG,259,924,1,1.55,FALSE,FALSE,0.583333333333333,TRUE,0.239789527279837,0.00933025000626233
2,3,1,1,2,2,2,1,0,0,chr21,46709354,46710385,1032,+,260,925,GT-AG,260,925,3,2.55,FALSE,FALSE,0,FALSE,2.2805762773774,0.978072960903563
0,0,1,0,0,0,0,1,0,1,chr21,46713438,46715935,2498,+,261,926,GT-AG,261,926,1,1.55,FALSE,FALSE,0.5,TRUE,1.77635683940025e-16,0.00933022768034875
0,0,0,0,0,0,0,1,0,0,chr21,46713438,46715939,2502,+,261,927,GT-AG,261,927,1,1.55,FALSE,FALSE,0.4,TRUE,-0.959158109119348,0.00933024041479818
0,0,0,0,1,0,0,0,1,0,chr21,46713438,46716116,2679,+,261,928,GT-AG,261,928,1,1.55,FALSE,FALSE,0.6,TRUE,-0.304452243772342,0.951023603262442
0,0,0,0,0,1,0,0,0,0,chr21,46887336,46888155,820,+,262,929,GT-AG,262,929,1,0.549999999999999,FALSE,FALSE,0,FALSE,0.239789527279837,0.499999984731113
0,0,0,0,0,0,0,1,0,2,chr21,46888701,46893808,5108,+,263,930,GT-AG,263,930,2,1.55,FALSE,FALSE,0.666666666666667,TRUE,0.304452243772342,0.936623141299451
1,0,0,0,0,0,0,0,0,0,chr21,46889901,46893808,3908,+,264,930,GT-AG,264,930,1,1.55,FALSE,FALSE,0.666666666666667,TRUE,-0.304452243772342,0.936623034601842
0,1,0,0,0,1,0,1,0,3,chr21,46893896,46895389,1494,+,265,931,GT-AG,265,931,3,2.1,FALSE,FALSE,0,FALSE,1.06276730228803,0.946240805247355
0,1,0,0,0,0,0,0,0,0,chr21,46895450,46896264,815,+,266,932,GT-AG,266,932,1,0.549999999999999,FALSE,FALSE,0,FALSE,0.239789527279837,0.499999965255526
0,1,0,0,0,0,0,2,0,0,chr21,46896395,46897324,930,+,267,933,GT-AG,267,933,2,1.55,FALSE,FALSE,0,FALSE,0.544241771052179,0.972357804988242
0,0,1,1,0,0,0,1,0,0,chr21,46897402,46897663,262,+,268,934,GT-AG,268,934,1,1,FALSE,FALSE,0,FALSE,0.719368581839512,0.500000067866047
0,0,0,0,0,0,0,1,0,1,chr21,46898268,46899815,1548,+,269,935,GT-AG,269,935,1,1,FALSE,FALSE,0,FALSE,0.479579054559674,0.499999991672702
0,0,1,1,0,0,1,0,0,2,chr21,46899879,46899983,105,+,270,936,GT-AG,270,936,2,1.55,FALSE,FALSE,0,FALSE,1.02382082561185,0.970121244442233
1,0,2,1,0,1,1,2,0,1,chr21,46900071,46900380,310,+,271,937,GT-AG,271,937,2,2,FALSE,FALSE,0,FALSE,1.80785212394387,0.967198549819648
1,0,0,2,0,0,0,1,0,2,chr21,46900435,46900613,179,+,272,938,GT-AG,272,938,2,2,FALSE,FALSE,0,FALSE,1.08848354210436,0.980925279573774
0,0,1,0,0,1,0,5,0,1,chr21,46900773,46901876,1104,+,273,939,GT-AG,273,939,5,3.2,FALSE,FALSE,0,FALSE,1.11255114511194,0.944009755438513
0,0,3,0,0,0,0,0,0,2,chr21,46901940,46902708,769,+,274,940,GT-AG,274,940,3,2.55,FALSE,FALSE,0,FALSE,0.647850964220857,0.985561617678007
0,0,1,0,0,1,0,0,0,3,chr21,46902736,46906774,4039,+,275,941,GT-AG,275,941,3,2.1,FALSE,FALSE,0,FALSE,0.822977775008189,0.9601705942441
0,2,1,0,0,0,1,0,0,1,chr21,46906907,46907360,454,+,276,942,GT-AG,276,942,2,1.55,FALSE,FALSE,0,FALSE,1.02382082561185,0.93581720851516
0,3,0,0,0,0,1,0,1,0,chr21,46907424,46908331,908,+,277,943,GT-AG,277,943,3,2.1,FALSE,FALSE,0,FALSE,0.822977775008189,0.947692019237914
0,1,0,0,0,0,0,1,1,0,chr21,46908359,46909399,1041,+,278,944,GT-AG,278,944,1,1,FALSE,FALSE,0,FALSE,0.719368581839512,0.499999991664708
0,2,1,0,0,0,0,1,0,0,chr21,46909436,46910188,753,+,279,945,GT-AG,279,945,2,1.55,FALSE,FALSE,0,FALSE,0.784031298332016,0.940512786270465
0,2,2,1,0,0,0,1,0,1,chr21,46910261,46910749,489,+,280,946,GT-AG,280,946,2,2,FALSE,FALSE,0,FALSE,1.3282730693842,0.96586852845828
0,0,2,0,0,0,0,0,1,2,chr21,46910786,46911138,353,+,281,947,GT-AG,281,947,2,2,FALSE,FALSE,0,FALSE,0.848694014824521,0.978697430709877
0,1,0,0,0,0,0,0,0,1,chr21,46911229,46912448,1220,+,282,948,GT-AG,282,948,1,1,FALSE,FALSE,0,FALSE,0.479579054559674,0.500000000001082
0,1,0,0,0,1,0,1,0,1,chr21,46912479,46912600,122,+,283,949,GT-AG,283,949,1,1,FALSE,FALSE,0,FALSE,0.959158109119349,0.500000008316998
0,0,0,0,0,1,0,1,0,1,chr21,46912628,46913076,449,+,284,950,GT-AG,284,950,1,1,FALSE,FALSE,0,FALSE,0.719368581839512,0.500000008335826
0,2,1,0,0,0,0,0,0,1,chr21,46913140,46913414,275,+,285,951,GT-AG,285,951,2,1.55,FALSE,FALSE,0,FALSE,0.784031298332016,0.949069035393096
0,0,0,1,0,0,0,1,0,0,chr21,46913490,46914458,969,+,286,952,GT-AG,286,952,1,1,FALSE,FALSE,0,FALSE,0.479579054559674,0.500000000005448
0,0,0,0,1,1,0,1,0,0,chr21,46914486,46914775,290,+,287,953,GT-AG,287,953,1,1,FALSE,FALSE,0,FALSE,0.719368581839512,0.500000119394912
1,1,0,1,1,1,0,1,0,1,chr21,46914830,46915271,442,+,288,954,GT-AG,288,954,1,1,FALSE,FALSE,0,FALSE,1.67852669095886,0.499999904588795
0,1,1,0,2,1,0,0,0,0,chr21,46915347,46916413,1067,+,289,955,GT-AG,289,955,2,1.55,FALSE,FALSE,0,FALSE,1.02382082561185,0.971512506359974
0,4,2,0,1,1,0,1,0,2,chr21,46916483,46916963,481,+,290,956,GT-AG,290,956,4,3.1,FALSE,FALSE,0,FALSE,1.69963027605463,0.980125769427239
0,0,1,0,0,2,0,1,0,0,chr21,46917007,46917512,506,+,291,957,GT-AG,291,957,2,1.55,FALSE,FALSE,0,FALSE,0.784031298332016,0.973526852456743
1,2,1,0,0,0,0,0,0,2,chr21,46917576,46923924,6349,+,292,958,GT-AG,292,958,2,2,FALSE,FALSE,0,FALSE,1.08848354210436,0.976459981728158
0,3,2,0,0,1,0,2,0,1,chr21,46923969,46924329,361,+,293,959,GT-AG,293,959,3,2.55,FALSE,FALSE,0,FALSE,1.43188226255287,0.972108071402762
1,1,0,0,0,0,0,1,0,0,chr21,46924471,46925047,577,+,294,960,GT-AG,294,960,1,1,FALSE,FALSE,0,FALSE,0.719368581839512,0.500000035503737
0,0,1,0,0,0,0,0,0,0,chr21,46925193,46925271,79,+,295,961,GT-AG,295,961,1,0.549999999999999,FALSE,FALSE,0,FALSE,0.239789527279837,0.500000040097874
0,0,0,0,0,0,0,0,1,0,chr21,46925346,46925748,403,+,296,962,GT-AG,296,962,1,2.1,FALSE,FALSE,0.8,TRUE,-0.822977775008189,0.973731358523191
0,3,0,1,0,0,0,1,0,1,chr21,46925346,46925751,406,+,296,963,GT-AG,296,963,3,2.1,FALSE,FALSE,0.8,TRUE,0.822977775008189,0.973731393677795
2,2,0,1,0,1,0,1,2,1,chr21,46925881,46927474,1594,+,297,964,GT-AG,297,964,2,2,FALSE,FALSE,0,FALSE,1.87251484043638,0.97709677347156
1,1,1,4,0,1,0,1,2,2,chr21,46927508,46929269,1762,+,298,965,GT-AG,298,965,4,3.1,FALSE,FALSE,0,FALSE,2.1792093306143,0.980867382344613
0,2,0,0,0,0,0,1,1,0,chr21,46929516,46929977,462,+,299,966,GT-AG,299,966,2,1.55,FALSE,FALSE,0,FALSE,0.784031298332016,0.95187377030723
1,7,0,1,0,3,1,1,0,0,chr21,46930176,46931024,849,+,300,967,GT-AG,300,967,7,5.2,FALSE,FALSE,0,FALSE,1.72882481727199,0.975372327664488
0,8,1,3,0,2,2,1,1,1,chr21,46931141,46932101,961,+,301,968,GT-AG,301,968,8,5.75,FALSE,FALSE,0,FALSE,2.35090623257979,0.979802537766202
0,0,0,0,0,0,2,0,0,0,chr21,46935091,46935091,1,+,302,969,GC-AG,302,969,2,1.1,FALSE,FALSE,0,FALSE,0.304452243772342,0.971678352369764
0,0,0,0,0,0,0,1,0,0,chr21,47063783,47088787,25005,+,303,970,GT-AG,303,970,1,2.65,FALSE,FALSE,0.5,TRUE,-0.131567679390594,0.985804452636759
0,0,0,0,0,0,0,0,0,3,chr21,47063783,47155305,91523,+,303,971,GT-AG,303,971,3,3.1,FALSE,FALSE,0.5,TRUE,-0.440632577883502,0.393472493431714
0,0,0,0,0,0,0,0,0,1,chr21,47063783,47269874,206092,+,303,972,GT-AG,303,972,1,4.2,FALSE,FALSE,0.125,TRUE,-0.937424334324612,0.00287553256258864
0,0,0,0,0,0,0,0,0,1,chr21,47088867,47152588,63722,+,304,973,GT-AG,304,973,1,0.549999999999999,FALSE,FALSE,0,FALSE,0.239789527279837,0.49999991007907
0,0,0,0,0,0,0,1,0,0,chr21,47088947,47155305,66359,+,305,971,GT-AG,305,971,1,2.1,FALSE,FALSE,0.666666666666667,TRUE,-0.343398720448515,0.98239683902932
0,0,0,0,1,0,0,0,0,0,chr21,47148663,47155305,6643,+,306,971,GT-AG,306,971,1,2.1,FALSE,FALSE,0.666666666666667,TRUE,-0.343398720448514,0.956220925808968
0,0,0,0,0,0,0,1,0,0,chr21,47155344,47164144,8801,+,307,974,GT-AG,307,974,1,2,FALSE,FALSE,0.25,TRUE,-0.304452243772342,0.0118651693409569
0,0,0,0,0,0,0,1,0,2,chr21,47155344,47269874,114531,+,307,972,GT-AG,307,972,2,2.55,FALSE,FALSE,0.375,TRUE,-0.414916338067169,0.00653782508149373
0,0,0,0,0,0,0,0,1,0,chr21,47169390,47269874,100485,+,308,972,GT-AG,308,972,1,2.1,FALSE,FALSE,0.75,TRUE,-0.583188247728352,0.948452135348154
0,0,0,0,0,1,0,0,0,0,chr21,47266689,47269874,3186,+,309,972,GT-AG,309,972,1,2.1,FALSE,FALSE,0.75,TRUE,-0.583188247728352,0.949735083374291
0,0,0,0,0,1,0,0,0,0,chr21,47270010,47270104,95,+,310,975,GT-AG,310,975,1,4.1,FALSE,FALSE,0.75,TRUE,-0.801244000213452,0.976627781939756
0,0,0,0,1,0,0,0,0,1,chr21,47270010,47278594,8585,+,310,976,GT-AG,310,976,1,4.1,FALSE,FALSE,0.2,TRUE,-0.740472166935278,0.00256692248350777
0,0,0,0,2,0,0,2,0,4,chr21,47270010,47316121,46112,+,310,977,GT-AG,310,977,4,4.1,FALSE,FALSE,0.533333333333333,TRUE,0.0211035850957671,0.00352619749884651
0,0,0,0,0,0,0,0,0,1,chr21,47278725,47278808,84,+,311,978,GT-AG,311,978,1,0.549999999999999,FALSE,FALSE,0,FALSE,0.239789527279837,0.49999991007907
0,0,0,0,0,0,0,1,0,0,chr21,47289239,47316121,26883,+,312,977,GT-AG,312,977,1,3.55,FALSE,FALSE,0.222222222222222,TRUE,-0.740472166935278,0.00902174342512256
0,1,0,0,3,4,0,0,1,6,chr21,47316277,47319512,3236,+,313,979,GT-AG,313,979,6,5.1,FALSE,FALSE,0,FALSE,1.60542236809595,0.985480028307905
0,2,0,3,4,6,0,0,0,5,chr21,47319537,47320504,968,+,314,980,GT-AG,314,980,6,5.55,FALSE,FALSE,0,FALSE,1.82347812058105,0.991557599447751
0,1,0,4,4,3,0,0,0,2,chr21,47320538,47320910,373,+,315,981,GT-AG,315,981,4,4,FALSE,FALSE,0,FALSE,1.63035490484155,0.988421342415469
0,2,0,4,2,2,2,2,0,4,chr21,47321028,47329268,8241,+,316,982,GT-AG,316,982,4,4,FALSE,FALSE,0,FALSE,2.26497563220257,0.988793628092504
0,0,0,3,3,3,0,1,0,4,chr21,47329401,47330815,1415,+,317,983,GT-AG,317,983,4,3.55,FALSE,FALSE,0,FALSE,1.64134289529581,0.986538150652799
0,3,0,1,0,2,1,2,0,2,chr21,47330945,47333864,2920,+,318,984,GT-AG,318,984,3,4,FALSE,FALSE,0.666666666666667,TRUE,0.647850964220857,0.00275207189649372
0,0,0,0,0,1,0,2,0,1,chr21,47330945,47337501,6557,+,318,985,GT-AG,318,985,2,7.55,FALSE,FALSE,0.206632653061225,TRUE,-1.79199241032751,0.00627921634378535
0,0,0,0,1,0,0,0,0,1,chr21,47330945,47349830,18886,+,318,986,GT-AG,318,986,1,7,FALSE,FALSE,0.257142857142857,TRUE,-1.92152798912347,0.0420315966248722
0,2,0,1,2,4,1,3,0,4,chr21,47333940,47337501,3562,+,319,985,GT-AG,319,985,4,5,FALSE,FALSE,0.285714285714286,TRUE,1.39056537756172,0.00265201633195284
0,2,0,0,2,4,0,3,0,1,chr21,47337544,47349830,12287,+,320,986,GT-AG,320,986,4,5.1,FALSE,FALSE,0.5,TRUE,0.105851439574261,0.00310351109493697
0,2,0,1,1,2,0,0,0,1,chr21,47337544,47349833,12290,+,320,987,GT-AG,320,987,2,5.1,FALSE,FALSE,0.555555555555556,TRUE,-0.235176872559271,0.0022017382662434
0,0,1,2,3,2,0,3,0,4,chr21,47349910,47350699,790,+,321,988,GT-AG,321,988,4,4,FALSE,FALSE,0.236111111111111,TRUE,1.42726960783231,0.00370518522708775
0,0,0,1,1,0,0,0,0,0,chr21,47349910,47355166,5257,+,321,989,GT-AG,321,989,1,8.1,FALSE,FALSE,0.193877551020408,TRUE,-2.11345120037597,0.0575629455406963
0,1,2,1,3,7,0,3,0,1,chr21,47350760,47355166,4407,+,322,989,GT-AG,322,989,7,5.65,FALSE,FALSE,0.392857142857143,TRUE,1.65730719965334,0.108991847299261
0,2,1,0,2,2,0,2,0,4,chr21,47355220,47359943,4724,+,323,990,GT-AG,323,990,4,4.1,FALSE,FALSE,0.244444444444444,TRUE,1.34937665447996,0.0032641247866301
0,0,0,0,0,0,0,1,0,1,chr21,47355220,47359950,4731,+,323,991,GT-AG,323,991,1,4.1,FALSE,FALSE,0.244444444444444,TRUE,-1.34937665447996,0.00326412727970412
1,1,0,2,3,2,0,1,0,2,chr21,47360114,47361583,1470,+,324,992,GT-AG,324,992,3,2.55,FALSE,FALSE,0,FALSE,1.97612403360505,0.980185162408955
2,0,0,0,0,2,0,3,0,1,chr21,47401862,47402547,686,+,325,993,GT-AG,325,993,3,2.55,FALSE,FALSE,0,FALSE,1.19209273527304,0.986492574923501
0,0,0,0,2,0,0,3,0,1,chr21,47402678,47404182,1505,+,326,994,GT-AG,326,994,3,2.55,FALSE,FALSE,0,FALSE,0.887640491500694,0.971706087097791
0,0,1,0,1,0,0,1,0,1,chr21,47404384,47406439,2056,+,327,995,GT-AG,327,995,1,1,FALSE,FALSE,0,FALSE,0.959158109119349,0.500000091915588
0,0,1,0,0,1,0,1,0,1,chr21,47406600,47406857,258,+,328,996,GT-AG,328,996,1,1,FALSE,FALSE,0,FALSE,0.959158109119349,0.500000117147554
0,0,1,0,0,1,0,1,1,1,chr21,47406987,47407068,82,+,329,997,GT-AG,329,997,1,1,FALSE,FALSE,0,FALSE,1.19894763639919,0.500000039868539
0,0,1,0,0,0,0,0,1,1,chr21,47407090,47407412,323,+,330,998,GT-AG,330,998,1,1,FALSE,FALSE,0,FALSE,0.719368581839512,0.500000141461629
0,0,1,0,0,0,0,1,1,1,chr21,47407434,47407523,90,+,331,999,GT-AG,331,999,1,1,FALSE,FALSE,0,FALSE,0.959158109119349,0.500000008340295
0,0,1,0,0,2,1,1,0,0,chr21,47407569,47408997,1429,+,332,1000,GT-AG,332,1000,2,1.55,FALSE,FALSE,0,FALSE,1.02382082561185,0.971503874954375
0,0,0,0,0,1,1,1,1,1,chr21,47409052,47409521,470,+,333,1001,GT-AG,333,1001,1,1,FALSE,FALSE,0,FALSE,1.19894763639919,0.499999999993462
0,0,0,0,0,1,1,0,1,1,chr21,47409567,47409665,99,+,334,1002,GT-AG,334,1002,1,1,FALSE,FALSE,0,FALSE,0.959158109119349,0.499999991661603
0,0,0,0,0,1,0,0,0,1,chr21,47409693,47410171,479,+,335,1003,GT-AG,335,1003,1,1,FALSE,FALSE,0,FALSE,0.479579054559674,0.499999991665523
0,0,0,0,0,0,0,0,1,2,chr21,47410199,47410291,93,+,336,1004,GT-AG,336,1004,2,1.55,FALSE,FALSE,0,FALSE,0.544241771052179,0.958507979853939
0,0,0,0,0,1,0,0,2,0,chr21,47410337,47410686,350,+,337,1005,GT-AG,337,1005,2,1.55,FALSE,FALSE,0,FALSE,0.544241771052179,0.978135482211565
0,0,1,0,0,4,0,0,1,0,chr21,47410741,47410892,152,+,338,1006,GT-AG,338,1006,4,2.65,FALSE,FALSE,0,FALSE,0.850936261230105,0.983859346259438
0,0,0,0,0,1,0,0,0,0,chr21,47410956,47411923,968,+,339,1007,GT-AG,339,1007,1,0.549999999999999,FALSE,FALSE,0,FALSE,0.239789527279837,0.499999984731113
0,0,1,0,0,4,0,0,1,0,chr21,47411987,47412077,91,+,340,1008,GT-AG,340,1008,4,2.65,FALSE,FALSE,0,FALSE,0.850936261230105,0.983859346259438
0,0,2,0,0,0,0,0,0,0,chr21,47412132,47412276,145,+,341,1009,GT-AG,341,1009,2,1.1,FALSE,FALSE,0,FALSE,0.304452243772342,0.978820203054868
0,0,2,0,1,1,0,0,1,0,chr21,47412313,47412661,349,+,342,1010,GT-AG,342,1010,2,1.55,FALSE,FALSE,0,FALSE,1.02382082561185,0.974712345915714
1,1,3,0,1,1,0,1,0,0,chr21,47412725,47414080,1356,+,343,1011,GT-AG,343,1011,3,2.1,FALSE,FALSE,0,FALSE,1.5423463568477,0.967764782454668
0,0,0,0,1,1,0,1,1,0,chr21,47414144,47417334,3191,+,344,1012,GT-AG,344,1012,1,1,FALSE,FALSE,0,FALSE,0.959158109119349,0.499999999992914
1,2,1,0,0,0,0,1,0,0,chr21,47417398,47417613,216,+,345,1013,GT-AG,345,1013,2,1.55,FALSE,FALSE,0,FALSE,1.02382082561185,0.923899742092926
0,0,1,0,0,0,0,1,0,0,chr21,47417677,47418034,358,+,346,1014,GT-AG,346,1014,1,1,FALSE,FALSE,0,FALSE,0.479579054559674,0.499999991664551
1,0,2,0,0,1,0,0,0,0,chr21,47418086,47418311,226,+,347,1015,GT-AG,347,1015,2,1.55,FALSE,FALSE,0,FALSE,0.784031298332016,0.972135486038972
0,1,1,0,0,0,0,1,0,1,chr21,47418348,47418810,463,+,348,1016,GT-AG,348,1016,1,1,FALSE,FALSE,0,FALSE,0.959158109119349,0.500000043290377
0,0,0,0,0,0,0,0,0,1,chr21,47418874,47419066,193,+,349,1017,GT-AG,349,1017,1,0.549999999999999,FALSE,FALSE,0,FALSE,0.239789527279837,0.49999991007907
1,0,0,0,1,0,0,0,0,0,chr21,47419133,47419570,438,+,350,1018,GT-AG,350,1018,1,1,FALSE,FALSE,0,FALSE,0.479579054559674,0.499999991667576
1,0,0,0,2,1,0,0,0,0,chr21,47419607,47420244,638,+,351,1019,GT-AG,351,1019,2,1.55,FALSE,FALSE,0,FALSE,0.784031298332016,0.934890474533781
1,0,0,0,1,1,0,0,0,0,chr21,47420282,47420672,391,+,352,1020,GT-AG,352,1020,1,1,FALSE,FALSE,0,FALSE,0.719368581839512,0.500000040453024
1,0,0,0,1,1,0,0,0,0,chr21,47420682,47421166,485,+,353,1021,GT-AG,353,1021,1,1,FALSE,FALSE,0,FALSE,0.719368581839512,0.500000040453024
0,0,0,0,1,1,0,2,0,1,chr21,47421301,47421874,574,+,354,1022,GT-AG,354,1022,2,1.55,FALSE,FALSE,0,FALSE,1.02382082561185,0.933762650240976
0,0,0,0,0,2,0,1,1,3,chr21,47421985,47422131,147,+,355,1023,GT-AG,355,1023,3,2.55,FALSE,FALSE,0,FALSE,1.12743001878053,0.971139107802474
1,1,1,2,0,0,1,6,1,1,chr21,47422316,47422440,125,+,356,1024,GT-AG,356,1024,6,4.2,FALSE,FALSE,0,FALSE,2.1542767938687,0.974588755552512
1,0,5,2,2,3,0,3,0,0,chr21,47422625,47423033,409,+,357,1025,GT-AG,357,1025,5,4.1,FALSE,FALSE,0,FALSE,1.92867401899398,0.989497879414006
3,0,2,2,2,1,0,2,0,0,chr21,47423064,47423304,241,+,358,1026,GT-AG,358,1026,3,2.55,FALSE,FALSE,0,FALSE,1.80099722281772,0.987967029603456
1,0,1,0,0,0,0,0,0,0,chr21,47649181,47650240,1060,+,359,1027,GT-AG,359,1027,1,2.55,FALSE,FALSE,0.833333333333333,TRUE,-1.80099722281772,0.1380201720232
0,1,0,1,1,0,0,0,1,2,chr21,47649181,47656137,6957,+,359,1028,GT-AG,359,1028,2,3.65,FALSE,FALSE,0.7,TRUE,-1.11255114511194,0.00509589198249702
0,1,0,0,0,0,2,0,1,0,chr21,47649181,47660747,11567,+,359,1029,GT-AG,359,1029,2,5.55,FALSE,FALSE,0.362962962962963,TRUE,-2.17300997064948,0.055412318762512
0,0,1,1,0,0,0,1,0,0,chr21,47649181,47660750,11570,+,359,1030,GT-AG,359,1030,1,2.55,FALSE,FALSE,0.777777777777778,TRUE,-1.56120769553788,0.0177725270362974
0,0,0,0,0,0,0,0,1,0,chr21,47650117,47650240,124,+,360,1027,GT-AG,360,1027,1,1,FALSE,FALSE,0.666666666666667,TRUE,-0.239789527279837,0.500000000005934
0,0,0,0,0,2,0,1,0,0,chr21,47650442,47654424,3983,+,361,1031,GT-AG,361,1031,2,3.55,FALSE,FALSE,0.722222222222222,TRUE,-0.850936261230105,0.0458920720656873
0,0,0,0,1,1,3,0,0,0,chr21,47650442,47656137,5696,+,361,1028,GT-AG,361,1028,3,3.55,FALSE,FALSE,0.574074074074074,TRUE,-1.56806259666403,0.0074733770977549
0,0,1,2,0,0,1,0,0,0,chr21,47650442,47660747,10306,+,361,1029,GT-AG,361,1029,2,6.2,FALSE,FALSE,0.3875,TRUE,-2.26621168719802,0.0201591809699531
2,0,1,1,1,0,0,0,1,2,chr21,47656241,47660747,4507,+,362,1029,GT-AG,362,1029,2,5.1,FALSE,FALSE,0.53125,TRUE,-0.210244335813666,0.00477451241706056
1,0,0,0,0,0,1,0,0,0,chr21,47656241,47660750,4510,+,362,1030,GT-AG,362,1030,1,2.55,FALSE,FALSE,0.833333333333333,TRUE,-1.45759850236921,0.0108418663292204
1,0,0,1,0,0,2,0,0,0,chr21,47656246,47660747,4502,+,363,1029,GT-AG,363,1029,2,4.55,FALSE,FALSE,0.277083333333333,TRUE,-1.60015417221406,0.00232507171087282
0,0,1,0,0,0,0,0,0,0,chr21,47660934,47661644,711,+,364,1032,GT-AG,364,1032,1,5.1,FALSE,FALSE,0.145833333333333,TRUE,-2.35594819810825,0.00610349217045652
0,0,0,0,0,1,1,1,0,0,chr21,47660934,47661688,755,+,364,1033,GT-AG,364,1033,1,5.1,FALSE,FALSE,0.78125,TRUE,-1.56186323669921,0.168570401846221
2,0,4,0,3,0,0,0,1,2,chr21,47660934,47663320,2387,+,364,1034,GT-AG,364,1034,4,5.1,FALSE,FALSE,0.510416666666667,TRUE,-0.200843050603665,0.119098208840174
1,0,1,0,0,0,3,0,0,0,chr21,47660934,47669499,8566,+,364,1035,GT-AG,364,1035,3,5.1,FALSE,FALSE,0.604166666666667,TRUE,-1.61323378476739,0.00505428298361491
1,0,0,0,1,1,0,0,0,0,chr21,47660934,47678837,17904,+,364,1036,GT-AG,364,1036,1,5.1,FALSE,FALSE,0.375,TRUE,-1.77369427775713,0.0064965396859879
1,0,0,0,0,0,0,0,0,0,chr21,47671417,47671428,12,+,365,1037,GT-AG,365,1037,1,0.549999999999999,FALSE,FALSE,0,FALSE,0.239789527279837,0.500000046432499
9,2,10,9,3,32,7,7,4,7,chr21,48055676,48056350,675,+,366,1038,GT-AG,366,1038,32,119.6,TRUE,TRUE,0.13484283703517,TRUE,-2.33381312848468,0.0270783606483675
3,1,4,2,1,7,1,0,0,3,chr21,48055676,48056355,680,+,366,1039,GT-AG,366,1039,7,116.3,FALSE,FALSE,0.0283098605257503,FALSE,-4.11443935924839,0.0124947665094005
0,1,1,0,3,1,3,2,0,0,chr21,48055676,48056804,1129,+,366,1040,GT-AG,366,1040,3,117.3,FALSE,FALSE,0.0206790938169463,FALSE,-4.92957968042837,0.00172621242246685
43,49,56,62,93,86,77,59,93,45,chr21,48055676,48056807,1132,+,366,1041,GT-AG,366,1041,93,156.35,TRUE,TRUE,0.220190531868841,TRUE,0.751065990662829,0.0527312902008421
0,0,0,0,1,1,0,0,0,0,chr21,48056460,48056804,345,+,367,1040,GT-AG,367,1040,1,40.35,FALSE,FALSE,0.0732456140350877,TRUE,-4.56188229860699,0.000383250344762441
14,17,18,15,8,53,12,6,5,18,chr21,48056460,48056807,348,+,367,1041,GT-AG,367,1041,53,131.3,TRUE,TRUE,0.165040823127166,TRUE,-1.63941558654604,0.040608266641081
1,1,1,2,0,3,2,0,2,0,chr21,48056903,48063443,6541,+,368,1042,GT-AG,368,1042,3,127.15,FALSE,FALSE,0.0139577139195677,FALSE,-4.6888318479974,0.000207595247956531
62,56,74,68,80,144,93,78,72,59,chr21,48056903,48063446,6544,+,368,1043,GT-AG,368,1043,144,139.05,TRUE,TRUE,0.0598190121980713,TRUE,1.85062887362923,0.000671181317052634
0,0,0,0,0,0,1,0,0,0,chr21,48056903,48068369,11467,+,368,1044,GT-AG,368,1044,1,270.25,FALSE,FALSE,0.00358565737051793,FALSE,-7.29999226468148,0.000170804733016496
0,0,1,0,0,0,0,0,0,0,chr21,48061249,48063446,2198,+,369,1043,GT-AG,369,1043,1,132.95,FALSE,FALSE,0.0101123595505618,FALSE,-6.4983908375769,0.00057188446042708
48,51,71,68,60,91,98,67,64,52,chr21,48063552,48064217,666,+,370,1045,GT-AG,370,1045,98,108.7,TRUE,TRUE,0.0839292599285651,TRUE,1.63006941228954,0.0132525298649184
0,0,0,0,1,0,1,0,0,0,chr21,48063552,48064222,671,+,370,1046,GT-AG,370,1046,1,96.5,FALSE,FALSE,0.0132956152758133,FALSE,-6.03074429200943,0.000224801211328618
68,73,108,124,125,131,148,119,102,62,chr21,48064401,48068369,3969,+,371,1044,GT-AG,371,1044,148,154.65,TRUE,TRUE,0.112191207023939,TRUE,2.70228696081259,0.00824966487804132
0,0,1,0,0,0,0,0,1,0,chr21,48064401,48068435,4035,+,371,1047,GT-AG,371,1047,1,141.9,FALSE,FALSE,0.00774475524475525,FALSE,-6.46721692466468,0.000150516900180904
0,0,0,0,0,0,1,0,0,0,chr21,48068532,48069424,893,+,372,1048,GT-AG,372,1048,1,162.4,FALSE,FALSE,0.00569620253164557,FALSE,-6.85956775691431,0.000254228221770383
87,87,123,135,158,133,145,130,103,95,chr21,48068532,48069486,955,+,372,1049,GT-AG,372,1049,158,163.3,TRUE,FALSE,0.0476809966024043,FALSE,3.08261444416539,4.30400071173927e-05
2,2,2,5,2,1,3,0,2,0,chr21,48069652,48072756,3105,+,373,1050,GT-AG,373,1050,5,87.6,FALSE,FALSE,0.0271400016713247,FALSE,-3.99996118012872,0.000126580060285034
0,0,0,0,1,0,0,0,0,0,chr21,48069652,48073602,3951,+,373,1051,GT-AG,373,1051,1,87.6,FALSE,FALSE,0.0145161290322581,FALSE,-6.28102249235254,0.00122762039753429
0,0,0,1,0,0,0,0,0,0,chr21,48069652,48077969,8318,+,373,1052,GT-AG,373,1052,1,87.6,FALSE,FALSE,0.00967741935483871,FALSE,-6.28156598052655,0.000350293305853743
39,27,44,54,46,54,44,40,22,38,chr21,48069652,48078656,9005,+,373,1053,GT-AG,373,1053,54,100.25,TRUE,TRUE,0.202518039810866,TRUE,0.12532905095241,0.00912130102808499
0,0,1,1,0,0,2,0,0,0,chr21,48069652,48080744,11093,+,373,1054,GT-AG,373,1054,2,148.5,FALSE,FALSE,0.0138086679321185,FALSE,-6.2840712001667,0.000139339502901072
0,0,0,0,0,0,2,1,2,0,chr21,48069652,48081711,12060,+,373,1055,GT-AG,373,1055,2,123.3,FALSE,FALSE,0.0206036772216548,FALSE,-5.98853506981842,0.00758986228059528
1,1,0,4,2,4,2,1,2,0,chr21,48069652,48083294,13643,+,373,1056,GT-AG,373,1056,4,115.35,FALSE,FALSE,0.0201912054955162,FALSE,-4.43811852959824,0.00107070547334333
1,1,1,3,2,3,8,3,2,1,chr21,48069652,48084206,14555,+,373,1057,GT-AG,373,1057,8,123.2,FALSE,FALSE,0.056581566011498,TRUE,-3.7916799451433,0.00123971563312798
0,0,0,0,1,0,0,0,1,0,chr21,48072673,48072756,84,+,374,1050,GT-AG,374,1050,1,4.1,FALSE,FALSE,0.25,TRUE,-2.01905297530282,0.0042170788912971
40,47,47,40,41,70,44,31,33,44,chr21,48078833,48080744,1912,+,375,1054,GT-AG,375,1054,70,93.95,TRUE,TRUE,0.073104171836393,TRUE,0.32972244377904,0.000174666279309315
0,0,0,0,1,0,0,0,0,0,chr21,48078833,48081202,2370,+,375,1058,GT-AG,375,1058,1,86.95,FALSE,FALSE,0.0126760563380282,FALSE,-6.26381603320624,0.000816801776259313
0,0,1,0,0,1,0,0,0,0,chr21,48078833,48084206,5374,+,375,1057,GT-AG,375,1057,1,127.2,FALSE,FALSE,0.00831972789115646,FALSE,-6.38652268627643,0.000114065538857637
22,22,28,25,24,50,15,29,15,22,chr21,48080875,48081711,837,+,376,1055,GT-AG,376,1055,50,55.15,TRUE,TRUE,0.301182449757335,TRUE,0.645610221216213,0.0438391042746666
1,0,0,0,0,0,0,0,1,0,chr21,48081849,48082771,923,+,377,1059,GT-AG,377,1059,1,30.3,FALSE,FALSE,0.035426731078905,FALSE,-4.92901907545387,0.000526549169459505
22,24,17,27,23,27,12,32,26,19,chr21,48081849,48083294,1446,+,377,1056,GT-AG,377,1056,32,34.55,TRUE,TRUE,0.13404419545596,TRUE,2.12139552432557,0.00723421116357347
0,1,1,0,0,0,0,0,0,0,chr21,48082974,48083294,321,+,378,1056,GT-AG,378,1056,1,34,FALSE,FALSE,0.0391534391534392,FALSE,-5.05320121336863,0.000780634444957292
27,19,28,31,30,44,26,23,19,20,chr21,48083467,48084206,740,+,379,1057,GT-AG,379,1057,44,42.6,TRUE,TRUE,0.142993806359865,TRUE,1.90147041577653,0.000303708429673325
3,0,0,0,0,0,0,1,0,0,chr21,48103339,48110672,7334,+,380,1060,GT-AG,380,1060,3,2.1,FALSE,FALSE,0,FALSE,0.583188247728352,0.985269330982659
0,0,0,0,0,0,1,0,0,0,chr21,9907463,9907986,524,-,381,1061,GT-AG,381,1061,1,3.65,FALSE,FALSE,0.4,TRUE,-1.24187657809695,0.243659487960473
2,1,2,0,0,0,0,0,0,0,chr21,9907463,9908277,815,-,381,1062,GT-AG,381,1062,2,18.55,FALSE,FALSE,0.125187969924812,TRUE,-3.61126294996045,0.00881631446872396
3,0,0,2,0,0,1,0,0,0,chr21,9907493,9907986,494,-,382,1061,GT-AG,382,1061,3,19.55,FALSE,FALSE,0.113533834586466,TRUE,-3.52898117008432,0.0357778900449159
13,5,8,12,18,4,5,7,2,14,chr21,9907493,9908277,785,-,382,1062,GT-AG,382,1062,18,22.75,FALSE,FALSE,0.278538461538462,TRUE,1.97477576438346,0.0328501051693658
3,3,1,0,2,0,0,0,0,0,chr21,9907493,9909046,1554,-,382,1063,GT-AG,382,1063,3,59,FALSE,FALSE,0.0710658374021545,TRUE,-4.56896615909281,0.00703938506793447
0,0,0,0,0,0,1,0,0,0,chr21,9907608,9908277,670,-,383,1062,GT-AG,383,1062,1,18.55,FALSE,FALSE,0.1,TRUE,-4.242408892605,0.0220637439987335
4,1,2,2,0,0,3,0,0,0,chr21,9908175,9908277,103,-,384,1062,GT-AG,384,1062,4,18.55,FALSE,FALSE,0.233709273182957,TRUE,-2.81834705112779,0.00261615559197898
20,14,18,11,24,13,9,11,8,26,chr21,9908433,9909046,614,-,385,1063,GT-AG,385,1063,26,79.55,TRUE,TRUE,0.299380015946392,TRUE,-0.570166970109919,0.0287009168910828
1,2,0,0,0,0,0,0,0,0,chr21,9908460,9909046,587,-,386,1063,GT-AG,386,1063,2,45.7,FALSE,FALSE,0.0623626373626374,TRUE,-4.96568857323295,0.000471812208713153
0,0,0,0,0,0,0,1,0,0,chr21,9908556,9909046,491,-,387,1063,GT-AG,387,1063,1,45.7,FALSE,FALSE,0.0428571428571429,FALSE,-5.27460696581967,0.00751969615906994
0,2,0,0,0,0,0,0,1,0,chr21,9909278,9909596,319,-,388,1064,GT-AG,388,1064,2,31.1,FALSE,FALSE,0.1,TRUE,-4.53590940535472,0.0151381757997712
0,1,1,0,0,0,0,0,0,0,chr21,9909278,9909622,345,-,388,1065,GT-AG,388,1065,1,31.1,FALSE,FALSE,0.0514880952380953,TRUE,-4.61574572171232,0.000930646472781324
0,0,1,0,1,1,0,0,0,0,chr21,9909278,9913947,4670,-,388,1066,GT-AG,388,1066,1,31.1,FALSE,FALSE,0.0369047619047619,FALSE,-4.37388679949045,0.000359550130549118
26,10,16,9,28,14,12,12,7,12,chr21,9909278,9966321,57044,-,388,1067,GT-AG,388,1067,28,50.15,TRUE,TRUE,0.221558790958244,TRUE,-0.0603181371733325,0.000243368749255014
0,0,0,0,0,0,0,0,1,0,chr21,9914175,9966321,52147,-,389,1067,GT-AG,389,1067,1,45.95,FALSE,FALSE,0.045,FALSE,-5.27811961030932,0.00524562006118862
0,0,1,0,0,0,0,0,0,0,chr21,9916537,9966321,49785,-,390,1067,GT-AG,390,1067,1,45.95,FALSE,FALSE,0.0257142857142857,FALSE,-5.28033238369233,0.000944421823858576
0,0,1,0,0,0,0,0,0,0,chr21,9916548,9921431,4884,-,391,1068,GT-AG,391,1068,1,17.55,FALSE,FALSE,0.0529411764705882,TRUE,-4.12942948405419,0.00180753463280105
0,0,0,1,0,0,0,0,1,0,chr21,9916548,9963194,46647,-,391,1069,GT-AG,391,1069,1,17.55,FALSE,FALSE,0.0833333333333333,TRUE,-3.87838778025005,0.00114852759207443
18,5,16,14,12,3,11,9,9,1,chr21,9916548,9966321,49774,-,391,1067,GT-AG,391,1067,18,45.95,FALSE,FALSE,0.270378441793076,TRUE,-0.745825706009343,0.0237664677391839
0,0,0,0,1,1,0,0,0,0,chr21,9920635,9966321,45687,-,392,1067,GT-AG,392,1067,1,45.95,FALSE,FALSE,0.0475609756097561,FALSE,-5.03528670483544,0.000564335047318108
1,0,0,0,0,0,2,0,0,0,chr21,9922806,9966321,43516,-,393,1067,GT-AG,393,1067,2,45.95,FALSE,FALSE,0.0646666666666667,TRUE,-4.96908772903439,0.00412459767409857
1,0,0,0,0,0,0,0,0,0,chr21,9927207,9966321,39115,-,394,1067,GT-AG,394,1067,1,45.95,FALSE,FALSE,0.018,FALSE,-5.28120656098153,0.000529189018766626
2,1,2,0,0,0,2,0,2,1,chr21,9963255,9966321,3067,-,395,1067,GT-AG,395,1067,2,45.95,FALSE,FALSE,0.0601798941798942,TRUE,-3.78449660798643,0.000470957514994969
0,0,1,0,0,0,0,0,0,0,chr21,9966381,9967792,1412,-,396,1070,GT-AG,396,1070,1,42.85,FALSE,FALSE,0.0375,FALSE,-5.01253847292078,0.0016801341290591
36,7,17,20,35,15,23,6,9,4,chr21,9966381,9968515,2135,-,396,1071,GT-AG,396,1071,36,58.05,TRUE,TRUE,0.346609794997471,TRUE,0.0510560105439302,0.012358538631497
0,0,1,0,0,0,0,0,0,0,chr21,9966381,9968519,2139,-,396,1072,GT-AG,396,1072,1,42.85,FALSE,FALSE,0.0375,FALSE,-5.01253847292078,0.0016801341290591
0,1,0,1,0,1,3,1,1,0,chr21,10996140,10998206,2067,-,397,1073,GT-AG,397,1073,3,2.1,FALSE,FALSE,0,FALSE,1.5423463568477,0.96397319326047
0,0,0,0,0,2,0,0,0,0,chr21,11015545,11020812,5268,-,398,1074,GT-AG,398,1074,2,1.1,FALSE,FALSE,0,FALSE,0.304452243772342,0.980915276636358
0,0,0,0,0,1,0,0,0,0,chr21,11020918,11021109,192,-,399,1075,GT-AG,399,1075,1,0.549999999999999,FALSE,FALSE,0,FALSE,0.239789527279837,0.499999984731113
0,0,0,0,1,0,0,0,0,0,chr21,15746196,15746207,12,-,400,1076,GT-AG,400,1076,1,0.549999999999999,FALSE,FALSE,0,FALSE,0.239789527279837,0.500000008335434
27,16,22,25,50,44,60,48,24,54,chr21,15746606,15747972,1367,-,401,1077,GT-AG,401,1077,60,63.6,TRUE,TRUE,0.124040531063772,TRUE,2.12860402615164,0.000110827749158405
0,0,1,0,0,2,1,0,1,0,chr21,15746606,15750519,3914,-,401,1078,GT-AG,401,1078,2,126.05,FALSE,FALSE,0.0184616253372439,FALSE,-5.51230703184295,0.00040640326699638
0,0,0,0,0,1,0,0,0,0,chr21,15746606,15753523,6918,-,401,1079,GT-AG,401,1079,1,120.25,FALSE,FALSE,0.0104651162790698,FALSE,-6.30226522177613,0.000491220664804757
0,0,0,1,0,0,0,0,0,0,chr21,15748141,15749845,1705,-,402,1080,GT-AG,402,1080,1,66.1,FALSE,FALSE,0.0473684210526316,FALSE,-5.62146691175181,0.0192638734444881
33,22,17,17,55,50,65,45,13,62,chr21,15748141,15750519,2379,-,402,1078,GT-AG,402,1078,65,68.65,TRUE,TRUE,0.0885940416877065,TRUE,2.23744473762794,0.000104377149854013
0,1,1,0,0,0,0,0,0,0,chr21,15748141,15753523,5383,-,402,1079,GT-AG,402,1079,1,125.95,FALSE,FALSE,0.0185314685314685,FALSE,-6.05803329215205,0.000705358076266431
36,15,29,12,38,34,59,27,26,56,chr21,15750734,15753523,2790,-,403,1079,GT-AG,403,1079,59,60.85,TRUE,TRUE,0.19226925766997,TRUE,2.17224379808743,0.005047015765754
0,0,0,2,0,0,0,0,0,0,chr21,15753733,15755415,1683,-,404,1081,GT-AG,404,1081,2,45.6,FALSE,FALSE,0.0782608695652174,TRUE,-5.30422308045069,0.0699499555962678
35,11,19,20,36,24,50,38,22,30,chr21,15753865,15755415,1551,-,405,1081,GT-AG,405,1081,50,48.05,TRUE,TRUE,0.0864222219849783,TRUE,2.47524116544796,0.000179396552153372
0,0,0,0,0,2,0,0,0,0,chr21,16340848,16363521,22674,-,406,1082,GT-AG,406,1082,2,2.1,FALSE,FALSE,0.444444444444444,TRUE,-0.414916338067169,0.0111981053847425
0,0,0,0,1,0,1,0,0,0,chr21,16340848,16386664,45817,-,406,1083,GT-AG,406,1083,1,3.2,FALSE,FALSE,0.666666666666667,TRUE,0.0863964912872417,0.99028732767849
0,0,0,0,0,1,0,0,0,0,chr21,16340848,16415815,74968,-,406,1084,GT-AG,406,1084,1,2.1,FALSE,FALSE,0.222222222222222,TRUE,-0.544241771052179,0.00763504533223396
0,0,0,0,0,2,0,0,0,0,chr21,16363628,16386664,23037,-,407,1083,GT-AG,407,1083,2,1.55,FALSE,FALSE,0.666666666666667,TRUE,-0.175126810787332,0.982996413761718
0,1,0,0,1,1,0,0,0,0,chr21,16415896,16437065,21170,-,408,1085,GT-AG,408,1085,1,1,FALSE,FALSE,0,FALSE,0.719368581839512,0.499999991667952
95,121,95,101,74,106,155,59,107,120,chr21,18966651,18970934,4284,-,409,1086,GT-AG,409,1086,155,167.05,TRUE,TRUE,0.0961840920004702,TRUE,1.74730968603109,0.00264003818663117
0,0,0,0,2,0,0,0,0,0,chr21,18966651,18970993,4343,-,409,1087,GT-AG,409,1087,2,163.9,FALSE,FALSE,0.0204545454545455,FALSE,-6.75801234375493,0.0115000287874194
0,0,0,1,0,0,0,0,0,0,chr21,18971143,18973685,2543,-,410,1088,GT-AG,410,1088,1,102.95,FALSE,FALSE,0.0118421052631579,FALSE,-6.3401950878375,0.000624943168153602
2,0,2,0,0,0,1,0,0,0,chr21,18971143,18973714,2572,-,410,1089,GT-AG,410,1089,2,102.95,FALSE,FALSE,0.0234424242424242,FALSE,-5.72566592179013,0.00688425854945258
4,2,0,5,9,5,8,0,6,6,chr21,18971143,18976462,5320,-,410,1090,GT-AG,410,1090,9,102.95,FALSE,FALSE,0.0625120602560929,TRUE,-3.34297880625123,0.0212739837565315
56,62,60,62,58,42,108,58,61,64,chr21,18971143,18977177,6035,-,410,1091,GT-AG,410,1091,108,128.75,TRUE,TRUE,0.110096449447947,TRUE,0.892405713892156,8.84641761332817e-05
0,0,0,1,0,0,0,0,0,0,chr21,18971143,18981289,10147,-,410,1092,GT-AG,410,1092,1,216.85,FALSE,FALSE,0.00576923076923077,FALSE,-7.14828603176524,0.000364794959313267
2,0,0,2,0,0,0,0,0,0,chr21,18973841,18977177,3337,-,411,1091,GT-AG,411,1091,2,113.1,FALSE,FALSE,0.0230827067669173,FALSE,-6.02830130620347,0.0154539024651715
2,2,8,5,9,8,10,0,0,3,chr21,18976595,18977177,583,-,412,1091,GT-AG,412,1091,10,113.1,FALSE,FALSE,0.0816447240560952,TRUE,-3.44416770520012,0.0273358567088672
0,0,0,0,0,1,0,0,0,0,chr21,18977291,18981289,3999,-,413,1092,GT-AG,413,1092,1,113.9,FALSE,FALSE,0.0128571428571429,FALSE,-6.55383817427769,0.00112356106006842
0,0,0,0,0,0,0,1,0,0,chr21,18977316,18979923,2608,-,414,1093,GT-AG,414,1093,1,117.9,FALSE,FALSE,0.0130434782608696,FALSE,-6.59323940215396,0.00176576065644299
0,0,0,1,0,0,0,0,0,0,chr21,18977316,18981244,3929,-,414,1094,GT-AG,414,1094,1,117.9,FALSE,FALSE,0.01,FALSE,-6.59452804767572,0.000581206401544285
70,83,99,79,100,67,119,64,100,104,chr21,18977316,18981289,3974,-,414,1092,GT-AG,414,1092,119,119.55,TRUE,TRUE,0.0523318094325196,TRUE,2.38906217700179,0.00198437866044596
0,0,0,0,1,0,0,0,0,0,chr21,18979989,18981244,1256,-,415,1094,GT-AG,415,1094,1,1,FALSE,FALSE,0.666666666666667,TRUE,-0.239789527279837,0.499999963521554
0,0,0,0,0,0,0,1,0,0,chr21,18979989,18981289,1301,-,415,1092,GT-AG,415,1092,1,113.9,FALSE,FALSE,0.0130434782608696,FALSE,-6.55480148875699,0.00154833845211031
0,0,0,1,0,1,0,0,0,0,chr21,18980515,18981289,775,-,416,1092,GT-AG,416,1092,1,113.9,FALSE,FALSE,0.0116225749559083,FALSE,-6.31280793629315,0.000231975303366628
1,1,1,0,1,0,3,0,1,2,chr21,18981471,18983894,2424,-,417,1095,GT-AG,417,1095,3,70.4,FALSE,FALSE,0.0914230637375289,TRUE,-3.93542899190505,0.000718972045121471
0,0,0,0,0,0,0,0,1,0,chr21,18981471,18983912,2442,-,417,1096,GT-AG,417,1096,1,70.4,FALSE,FALSE,0.0163636363636364,FALSE,-5.58137483402788,0.000715725992470792
0,0,2,0,0,1,1,0,0,0,chr21,18981471,18983937,2467,-,417,1097,GT-AG,417,1097,2,70.4,FALSE,FALSE,0.0399878382487078,FALSE,-5.0274570123375,0.00810943991197711
0,0,0,0,0,0,0,0,0,1,chr21,18981471,18983974,2504,-,417,1098,GT-AG,417,1098,1,70.4,FALSE,FALSE,0.025,FALSE,-5.58039721357182,0.0029992147510194
61,37,35,16,4,44,12,23,49,30,chr21,18981471,18985016,3546,-,417,1099,GT-AG,417,1099,61,82.95,TRUE,TRUE,0.380726888887317,TRUE,0.178073677651554,0.0292615586095221
3,1,1,0,0,2,0,0,1,0,chr21,18984093,18985016,924,-,418,1099,GT-AG,418,1099,3,68.15,FALSE,FALSE,0.0273934385204877,FALSE,-4.60832907881229,0.00106038608779014
1,0,0,0,0,0,0,0,0,0,chr21,26513574,26543070,29497,-,419,1100,GT-AG,419,1100,1,2,FALSE,FALSE,0.857142857142857,TRUE,-1.3282730693842,0.976027526576254
0,1,0,0,0,0,1,0,0,0,chr21,26541960,26543070,1111,-,420,1100,GT-AG,420,1100,1,2,FALSE,FALSE,0.785714285714286,TRUE,-1.02382082561185,0.0101922101316851
0,1,1,1,0,1,0,0,0,2,chr21,26542064,26543070,1007,-,421,1100,GT-AG,421,1100,2,2,FALSE,FALSE,0.642857142857143,TRUE,0.54424177105218,0.0101389996365698
2,3,0,2,3,3,0,1,0,2,chr21,26543221,26547554,4334,-,422,1101,GT-AG,422,1101,3,3,FALSE,FALSE,0,FALSE,2.18334241994241,0.988702916897603
0,0,0,0,0,1,0,0,2,0,chr21,26547760,26548356,597,-,423,1102,GT-AG,423,1102,2,2,FALSE,FALSE,0.8125,TRUE,-1.19894763639919,0.438888269807214
1,1,1,1,0,1,0,1,0,0,chr21,26547760,26733501,185742,-,423,1103,GT-AG,423,1103,1,2.55,FALSE,FALSE,0.518518518518519,TRUE,-0.12932543298501,0.00548245997468092
0,0,0,1,0,0,0,0,0,1,chr21,26547760,26793019,245260,-,423,1104,GT-AG,423,1104,1,2,FALSE,FALSE,0.8125,TRUE,-1.3282730693842,0.0154248245484043
0,0,0,0,1,0,0,0,0,0,chr21,26601036,26733501,132466,-,424,1103,GT-AG,424,1103,1,2.1,FALSE,FALSE,0.857142857142857,TRUE,-1.30255682956786,0.976736414274365
0,1,0,0,0,0,0,0,0,0,chr21,26702948,26706050,3103,-,425,1105,GT-AG,425,1105,1,0.549999999999999,FALSE,FALSE,0,FALSE,0.239789527279837,0.499999965255526
2,0,0,0,0,0,0,0,0,0,chr21,26706139,26733501,27363,-,426,1103,GT-AG,426,1103,2,2.1,FALSE,FALSE,0.571428571428571,TRUE,-1.37407444718652,0.217727073188984
130,70,115,180,91,170,70,99,120,116,chr21,27254083,27264033,9951,-,427,1106,GT-AG,427,1106,180,201.8,TRUE,TRUE,0.0732923969624003,TRUE,2.02451480655243,5.46367384028588e-05
0,0,0,0,0,0,0,0,1,0,chr21,27264181,27266731,2551,-,428,1107,GT-AG,428,1107,1,239.85,FALSE,FALSE,0.00463917525773196,FALSE,-7.19731126902798,0.00023614975438787
0,1,0,0,0,0,0,0,0,0,chr21,27264181,27266973,2793,-,428,1108,GT-AG,428,1108,1,239.85,FALSE,FALSE,0.0075,FALSE,-7.19699167382956,0.00157404591693319
177,114,196,255,151,178,142,107,186,184,chr21,27264181,27269884,5704,-,428,1109,GT-AG,428,1109,255,241.95,TRUE,FALSE,0.0427348188306812,FALSE,3.47771200330803,0.00831988773099313
112,74,114,202,105,114,87,93,116,140,chr21,27269986,27277335,7350,-,429,1110,GT-AG,429,1110,202,210.15,TRUE,TRUE,0.114350845354549,TRUE,1.33172118383957,0.00131982226179359
23,27,16,24,15,25,19,17,12,21,chr21,27269986,27284052,14067,-,429,1111,GT-AG,429,1111,27,370.6,TRUE,TRUE,0.066118043346509,TRUE,-2.50038702635275,0.00215756783499669
0,0,0,1,0,0,0,0,0,0,chr21,27269986,27326903,56918,-,429,1112,GT-AG,429,1112,1,379.55,FALSE,FALSE,0.00211764705882353,FALSE,-7.62418260288281,8.28990269295984e-05
113,71,136,175,98,125,82,89,118,127,chr21,27277390,27284052,6663,-,430,1111,GT-AG,430,1111,175,187.15,TRUE,TRUE,0.134053432363441,TRUE,1.44128139508119,0.00201395158970205
152,97,111,179,89,166,86,77,112,142,chr21,27284275,27326903,42629,-,431,1112,GT-AG,431,1112,179,181,TRUE,TRUE,0.0576925774162622,TRUE,3.68812212729307,0.0104040052154867
0,1,0,0,0,0,0,0,0,0,chr21,27284275,27394155,109881,-,431,1113,GT-AG,431,1113,1,333.55,FALSE,FALSE,0.00620689655172414,FALSE,-7.43045578320284,0.00158788993065622
118,65,89,123,77,125,75,66,84,106,chr21,27327004,27327940,937,-,432,1114,GT-AG,432,1114,125,142.3,TRUE,TRUE,0.0942653211531775,TRUE,2.11120050829093,0.0032281755746449
0,0,0,1,0,0,0,0,0,0,chr21,27327998,27327998,1,-,433,1115,GC-AG,433,1115,1,0.549999999999999,FALSE,FALSE,0,FALSE,0.239789527279837,0.499999943136996
104,65,108,142,102,160,71,72,73,150,chr21,27328070,27347382,19313,-,434,1116,GT-AG,434,1116,160,168.45,TRUE,TRUE,0.0561329708439948,TRUE,2.40598584062004,0.000223083367209879
126,58,121,150,99,141,90,111,94,151,chr21,27347542,27348266,725,-,435,1117,GT-AG,435,1117,151,156.65,TRUE,FALSE,0.04303207629678,FALSE,3.12794387799209,0.00182354933283324
101,76,125,144,94,139,82,102,81,129,chr21,27348342,27354656,6315,-,436,1118,GT-AG,436,1118,144,157.1,TRUE,TRUE,0.0643279871728503,TRUE,1.90185534404675,0.00129030153662619
11,10,24,20,16,13,8,10,11,14,chr21,27354791,27369674,14884,-,437,1119,GT-AG,437,1119,24,148.7,TRUE,TRUE,0.0653295677834398,TRUE,-2.01502019814625,0.00102587421099236
89,44,96,108,98,129,83,82,63,98,chr21,27354791,27372329,17539,-,437,1120,GT-AG,437,1120,129,175.7,TRUE,TRUE,0.0751225124997373,TRUE,0.754728409713884,8.31305931493795e-05
9,3,7,12,9,13,10,6,11,10,chr21,27354791,27394155,39365,-,437,1113,GT-AG,437,1113,13,293.6,FALSE,FALSE,0.0247136673045054,FALSE,-3.09667909592703,3.08831593598873e-05
19,5,17,26,14,23,9,10,9,17,chr21,27369732,27372329,2598,-,438,1120,GT-AG,438,1120,26,147.55,TRUE,TRUE,0.0565986283990043,TRUE,-1.87951394837945,0.000397745385319597
0,0,0,0,0,0,0,0,1,0,chr21,27369732,27394155,24424,-,438,1113,GT-AG,438,1113,1,182.8,FALSE,FALSE,0.00957446808510638,FALSE,-6.73990364397497,0.00112366806632761
0,1,0,0,0,0,0,0,0,0,chr21,27372498,27374748,2251,-,439,1121,GT-AG,439,1121,1,152.35,FALSE,FALSE,0.0219512195121951,FALSE,-6.56963724330709,0.00969237228552413
101,37,87,134,45,150,75,84,71,97,chr21,27372498,27394155,21658,-,439,1113,GT-AG,439,1113,150,167,TRUE,TRUE,0.133386256707829,TRUE,1.3864316223083,0.00434201568189449
0,1,0,0,0,0,0,0,0,0,chr21,27374848,27394155,19308,-,440,1113,GT-AG,440,1113,1,157.45,FALSE,FALSE,0.0209302325581395,FALSE,-6.59827040235017,0.00920984336019153
130,89,125,193,154,253,133,124,125,204,chr21,27394359,27423315,28957,-,441,1122,GT-AG,441,1122,253,242.7,TRUE,FALSE,0.0235042016993442,FALSE,2.86632766539625,3.30056907064885e-05
102,47,95,134,97,105,80,102,69,103,chr21,27423510,27425551,2042,-,442,1123,GT-AG,442,1123,134,132.9,TRUE,FALSE,0.0457635408393178,FALSE,2.77315056778487,0.000139674074638516
69,38,73,119,82,87,62,75,50,51,chr21,27425665,27462258,36594,-,443,1124,GT-AG,443,1124,119,113.45,TRUE,TRUE,0.0925022990128886,TRUE,2.27594998536936,0.000146584566721441
72,34,93,102,101,122,60,72,77,99,chr21,27462389,27484295,21907,-,444,1125,GT-AG,444,1125,122,116.9,TRUE,TRUE,0.0788751038362791,TRUE,3.07259840956092,8.29943161273865e-05
0,0,0,0,0,0,1,0,0,0,chr21,27462389,27542881,80493,-,444,1126,GT-AG,444,1126,1,181.2,FALSE,FALSE,0.0104651162790698,FALSE,-6.92195871498373,0.00218069368171549
82,20,59,34,42,71,22,70,36,56,chr21,27484464,27542881,58418,-,445,1126,GT-AG,445,1126,82,82.5,TRUE,TRUE,0.0656066848286276,TRUE,2.55950532122162,0.000189014035130288
0,0,0,0,0,0,1,0,0,0,chr21,29584671,29589496,4826,-,446,1127,GT-AG,446,1127,1,0.549999999999999,FALSE,FALSE,0,FALSE,0.239789527279837,0.500000072077643
0,0,3,0,0,0,0,0,0,0,chr21,29949703,29998906,49204,-,447,1128,GT-AG,447,1128,3,1.65,FALSE,FALSE,0,FALSE,0.343398720448515,0.984204195054355
0,0,1,0,0,0,0,0,0,0,chr21,29998999,30144315,145317,-,448,1129,GT-AG,448,1129,1,0.549999999999999,FALSE,FALSE,0,FALSE,0.239789527279837,0.500000040097874
0,0,0,0,0,0,0,0,1,0,chr21,33672246,33688776,16531,-,449,1130,GT-AG,449,1130,1,30.2,FALSE,FALSE,0.0409090909090909,FALSE,-5.14347224870876,0.00181505536578936
22,14,20,23,28,23,21,31,19,15,chr21,33687411,33688776,1366,-,450,1130,GT-AG,450,1130,31,31.85,TRUE,TRUE,0.120426501035197,TRUE,3.96289681252321,0.0362535000562564
34,26,21,40,33,42,67,47,29,23,chr21,33689377,33689986,610,-,451,1131,GT-AG,451,1131,67,59.35,TRUE,TRUE,0.113061799790846,TRUE,3.53199030592798,0.00168748297039031
0,0,0,0,0,0,0,1,0,0,chr21,33689377,33690168,792,-,451,1132,GT-AG,451,1132,1,58.9,FALSE,FALSE,0.0183673469387755,FALSE,-5.62308067444971,0.000718282411015787
0,0,0,0,0,0,0,1,1,0,chr21,33689377,33691526,2150,-,451,1133,GT-AG,451,1133,1,107.45,FALSE,FALSE,0.0145236508994004,FALSE,-6.00840753479334,0.000240732193985787
18,20,19,34,40,42,57,30,24,27,chr21,33690229,33691526,1298,-,452,1133,GT-AG,452,1133,57,53.6,TRUE,TRUE,0.180448303023854,TRUE,2.73931538019075,0.0289343734475364
0,0,0,0,0,0,0,0,2,0,chr21,33690229,33692840,2612,-,452,1134,GT-AG,452,1134,2,102.4,FALSE,FALSE,0.0305084745762712,FALSE,-6.18212117195665,0.0267715355658254
34,13,25,41,35,36,57,51,27,24,chr21,33691725,33692840,1116,-,453,1134,GT-AG,453,1134,57,57.3,TRUE,TRUE,0.101145767422941,TRUE,2.30740649519902,0.00343395926737221
24,11,15,33,27,24,54,32,22,20,chr21,33692951,33694110,1160,-,454,1135,GT-AG,454,1135,54,46.1,TRUE,TRUE,0.129704400991166,TRUE,3.04970164844557,0.0305832160620862
0,0,0,0,2,0,0,0,0,0,chr21,33692951,33694787,1837,-,454,1136,GT-AG,454,1136,2,104.75,FALSE,FALSE,0.0264705882352941,FALSE,-6.0263168923401,0.0173669715917198
25,14,20,35,30,29,78,27,27,22,chr21,33694255,33694787,533,-,455,1136,GT-AG,455,1136,78,66.1,TRUE,TRUE,0.135222134011464,TRUE,1.5953414020645,0.0383827824968031
1,0,0,0,0,0,0,0,0,0,chr21,33694278,33694787,510,-,456,1136,GT-AG,456,1136,1,61.45,FALSE,FALSE,0.0290322580645161,FALSE,-5.50482163790928,0.00218425827708509
30,10,23,23,38,25,62,44,25,19,chr21,33694895,33696800,1906,-,457,1137,GT-AG,457,1137,62,71.1,TRUE,TRUE,0.0688341134016218,TRUE,1.35330395153383,0.000149167612881924
0,1,2,0,1,0,4,0,1,0,chr21,33694960,33696800,1841,-,458,1137,GT-AG,458,1137,4,59.35,FALSE,FALSE,0.0618956516120695,TRUE,-4.26232266298203,0.000353788782783132
0,0,0,0,0,1,0,5,0,0,chr21,33695037,33696800,1764,-,459,1137,GT-AG,459,1137,5,59.35,FALSE,FALSE,0.0862962962962963,TRUE,-5.0401732527133,0.0352163996628253
24,17,23,26,55,40,53,37,25,23,chr21,33696913,33697538,626,-,460,1138,GT-AG,460,1138,55,57.65,TRUE,TRUE,0.0582718948692064,TRUE,3.21673009818338,0.0139496295257367
15,8,15,30,37,23,54,43,22,23,chr21,33697700,33705625,7926,-,461,1139,GT-AG,461,1139,54,51.95,TRUE,TRUE,0.123340275751958,TRUE,2.79183494085286,0.000169096750849461
13,10,15,22,37,32,35,45,25,23,chr21,33705729,33706471,743,-,462,1140,GT-AG,462,1140,45,45.85,TRUE,TRUE,0.199960903072724,TRUE,2.8637481819053,0.0164820110956206
15,9,14,19,16,31,21,39,11,14,chr21,33706644,33709402,2759,-,463,1141,GT-AG,463,1141,39,38.75,TRUE,TRUE,0.0797701365806132,TRUE,3.12701469597825,0.0111315327365631
9,3,12,14,16,28,32,29,21,5,chr21,33709467,33709712,246,-,464,1142,GT-AG,464,1142,32,32.55,TRUE,TRUE,0.177023601398601,TRUE,3.06696183315966,0.000250343819057156
16,7,18,20,38,21,43,20,19,15,chr21,33709824,33711015,1192,-,465,1143,GT-AG,465,1143,43,44.5,TRUE,TRUE,0.170610088060764,TRUE,2.57688604629306,0.0402845893899308
1,0,0,0,0,0,1,0,1,0,chr21,33709840,33711015,1176,-,466,1143,GT-AG,466,1143,1,41.3,FALSE,FALSE,0.0400956937799043,FALSE,-4.59967137085421,0.00032670257184298
26,10,29,24,42,52,54,44,33,23,chr21,33711210,33713774,2565,-,467,1144,GT-AG,467,1144,54,54.75,TRUE,TRUE,0.0565369399951681,TRUE,4.01569615753652,0.00730764525800497
34,9,31,32,37,61,61,35,26,36,chr21,33713834,33716878,3045,-,468,1145,GT-AG,468,1145,61,65.2,TRUE,TRUE,0.131995638122897,TRUE,3.81916057696295,0.016464563479413
0,0,1,0,0,0,0,0,0,0,chr21,33716043,33716878,836,-,469,1145,GT-AG,469,1145,1,64.3,FALSE,FALSE,0.0272727272727273,FALSE,-5.57263012904581,0.00243402468007319
0,0,0,0,0,0,2,2,0,0,chr21,33717066,33717668,603,-,470,1146,GT-AG,470,1146,2,48.5,FALSE,FALSE,0.0448750637429883,FALSE,-4.89311369734321,0.0175018730577749
22,7,15,20,38,40,33,51,32,15,chr21,33717066,33717682,617,-,470,1147,GT-AG,470,1147,51,52.5,TRUE,TRUE,0.109479449051153,TRUE,2.32133671792461,0.00323518355799072
16,5,13,10,22,29,27,35,11,7,chr21,33717885,33719264,1380,-,471,1148,GT-AG,471,1148,35,33.3,TRUE,TRUE,0.116412698412698,TRUE,3.45866853606627,0.0141654646255977
10,0,9,8,10,23,4,25,11,10,chr21,33720121,33721612,1492,-,472,1149,GT-AG,472,1149,25,25,TRUE,TRUE,0.875333333333333,TRUE,3.36547029811381,0.0658450793433316
0,0,0,0,0,2,0,0,0,0,chr21,33721793,33722821,1029,-,473,1150,GT-AG,473,1150,2,29.55,FALSE,FALSE,0.0620689655172414,TRUE,-4.52646666652989,0.0341969979817
12,6,11,11,16,25,8,26,6,9,chr21,33721793,33723012,1220,-,473,1151,GT-AG,473,1151,26,30,TRUE,TRUE,0.186690009337068,TRUE,2.56978534609248,0.0316675727624684
1,0,0,0,0,0,0,0,0,0,chr21,33723223,33725018,1796,-,474,1152,GT-AG,474,1152,1,30.6,FALSE,FALSE,0.0428571428571429,FALSE,-4.33563663151786,0.00164281849541504
19,3,13,2,7,23,3,36,7,13,chr21,33723232,33725018,1787,-,475,1152,GT-AG,475,1152,36,32.6,TRUE,TRUE,0.253328250696672,TRUE,2.43415303790485,0.000301180972031198
0,0,0,0,0,0,0,1,0,0,chr21,33723232,33726241,3010,-,475,1153,GT-AG,475,1153,1,64.95,FALSE,FALSE,0.0130434782608696,FALSE,-5.4253549782024,0.000472455046945106
0,0,0,0,1,1,0,1,0,0,chr21,33723232,33727167,3936,-,475,1154,GT-AG,475,1154,1,69.35,FALSE,FALSE,0.0160958489065992,FALSE,-5.12372027764934,0.000154977283198155
16,1,14,14,40,34,39,30,20,14,chr21,33725216,33726241,1026,-,476,1153,GT-AG,476,1153,40,41.65,TRUE,TRUE,0.0693800934207911,TRUE,2.98353752503243,0.00116774930545446
25,7,11,13,37,32,55,37,24,24,chr21,33726413,33727167,755,-,477,1154,GT-AG,477,1154,55,49.8,TRUE,TRUE,0.0647281171973084,TRUE,3.07607993983551,0.0103568447874277
0,0,0,0,0,0,0,0,1,0,chr21,33727267,33727757,491,-,478,1155,GT-AG,478,1155,1,40.85,FALSE,FALSE,0.06,TRUE,-5.05100013383427,0.0128511104401134
20,6,13,12,37,30,44,34,14,19,chr21,33727307,33727757,451,-,479,1155,GT-AG,479,1155,44,40.85,TRUE,FALSE,0.0446825396825397,FALSE,4.25922313834232,0.000359703801545668
12,8,17,9,22,37,41,26,18,19,chr21,33727875,33729845,1971,-,480,1156,GT-AG,480,1156,41,42.75,TRUE,TRUE,0.159331501831502,TRUE,2.52822120013053,0.000238183527108754
0,0,0,0,1,0,0,0,0,0,chr21,33727875,33732104,4230,-,480,1157,GT-AG,480,1157,1,65.4,FALSE,FALSE,0.0176470588235294,FALSE,-5.61622668307351,0.00112685939416065
15,6,10,8,25,21,21,28,9,8,chr21,33729966,33732104,2139,-,481,1157,GT-AG,481,1157,28,29,TRUE,TRUE,0.106995633676668,TRUE,2.60823706712791,0.000426953256408665
10,4,8,14,33,17,37,26,9,9,chr21,33732218,33733315,1098,-,482,1158,GT-AG,482,1158,37,37.3,TRUE,TRUE,0.145566543408099,TRUE,2.87267439105516,0.0175535403000063
14,0,13,12,29,18,34,31,10,18,chr21,33733433,33734200,768,-,483,1159,GT-AG,483,1159,34,33.1,TRUE,TRUE,0.873756720430108,TRUE,3.29475031364162,0.022459624092833
9,6,24,13,38,28,36,31,8,18,chr21,33734331,33735464,1134,-,484,1160,GT-AG,484,1160,38,38.65,TRUE,FALSE,0.0433944759806828,FALSE,4.08996633072493,0.000332865681342016
0,0,0,0,2,0,0,0,0,0,chr21,33735582,33738926,3345,-,485,1161,GT-AG,485,1161,2,34.5,FALSE,FALSE,0.0461538461538462,FALSE,-4.62938564295517,0.00845577099003878
8,7,5,8,37,16,29,21,15,18,chr21,33735639,33738926,3288,-,486,1161,GT-AG,486,1161,37,35.4,TRUE,TRUE,0.129152505200892,TRUE,2.98501929461419,0.000471085508349283
10,5,7,8,25,24,45,16,10,14,chr21,33739065,33740711,1647,-,487,1162,GT-AG,487,1162,45,41,TRUE,TRUE,0.171489621489621,TRUE,1.80339548883292,0.00362068882242346
0,0,0,0,0,0,1,0,0,0,chr21,33739474,33740711,1238,-,488,1162,GT-AG,488,1162,1,37,FALSE,FALSE,0.0195652173913043,FALSE,-4.70306866019488,0.000622241987552659
9,0,6,9,37,35,36,30,8,14,chr21,33740908,33744815,3908,-,489,1163,GT-AG,489,1163,37,38.1,TRUE,TRUE,0.838866861366861,TRUE,2.40791075893255,0.0286249965176839
5,3,8,9,27,32,29,26,9,7,chr21,33744941,33745955,1015,-,490,1164,GT-AG,490,1164,32,35,TRUE,TRUE,0.204381613756614,TRUE,2.57659679139378,0.00167160830044817
0,0,0,0,0,1,0,0,0,0,chr21,33746078,33747706,1629,-,491,1165,GT-AG,491,1165,1,38.65,FALSE,FALSE,0.0225,FALSE,-4.67882079472487,0.0007146029284795
10,2,9,10,24,38,36,23,12,10,chr21,33746082,33747706,1625,-,492,1165,GT-AG,492,1165,38,39.75,TRUE,TRUE,0.0542283662283662,TRUE,3.26057504222116,0.000976792112924662
0,0,1,0,0,0,0,0,0,0,chr21,33747771,33750753,2983,-,493,1166,GT-AG,493,1166,1,22.1,FALSE,FALSE,0.111111111111111,TRUE,-4.10266118553059,0.0635898876890204
12,0,7,9,19,20,19,23,6,8,chr21,33747793,33750753,2961,-,494,1166,GT-AG,494,1166,23,22.1,TRUE,TRUE,0.136880711880712,TRUE,3.30867141665563,0.00121302457959846
7,1,8,4,15,33,14,17,4,12,chr21,33750851,33755730,4880,-,495,1167,GT-AG,495,1167,33,26.8,TRUE,TRUE,0.268627450980392,TRUE,3.09050499487483,0.00114864250922675
6,5,4,7,22,22,20,21,3,8,chr21,33755864,33756621,758,-,496,1168,GT-AG,496,1168,22,23.55,TRUE,TRUE,0.143725766986637,TRUE,2.72203550049328,0.000452091969884521
10,6,9,6,21,31,35,24,6,19,chr21,33756774,33757853,1080,-,497,1169,GT-AG,497,1169,35,33.2,TRUE,FALSE,0.036,FALSE,4.67502139737382,0.00170170905353026
4,0,4,5,4,23,8,18,8,9,chr21,33757994,33765077,7084,-,498,1170,GT-AG,498,1170,23,22.1,TRUE,TRUE,0.161904761904762,TRUE,3.31813319132031,0.0775048898276827
0,1,0,0,0,0,0,0,0,0,chr21,34402994,34443639,40646,-,499,1171,GT-AG,499,1171,1,0.549999999999999,FALSE,FALSE,0,FALSE,0.239789527279837,0.499999965255526
0,0,0,0,0,1,0,0,0,0,chr21,34635519,34635519,1,-,500,1172,AT-AA,500,1172,1,0.549999999999999,FALSE,FALSE,0,FALSE,0.239789527279837,0.499999984731113
1,0,0,0,0,0,1,1,0,0,chr21,34637970,37083946,2445977,-,501,1173,GC-AG,501,1173,1,1,FALSE,FALSE,0,FALSE,0.719368581839512,0.500000000003339
1,0,0,4,5,2,2,4,0,2,chr21,34638208,34638367,160,-,502,1174,GT-AG,502,1174,5,4.55,FALSE,FALSE,0,FALSE,2.28904323521016,0.984079609199775
4,11,36,41,42,10,32,11,40,12,chr21,35284704,35286753,2050,-,503,1175,GT-AG,503,1175,42,41.55,TRUE,FALSE,0,FALSE,5.2259050088715,0.964913416735635
0,0,1,1,2,0,1,1,0,0,chr21,35286805,35287955,1151,-,504,1176,GT-AG,504,1176,2,66.55,FALSE,FALSE,0.0558356933946557,TRUE,-4.40627306643514,0.000140765477483048
7,20,65,51,62,14,52,13,66,22,chr21,35286805,35288031,1227,-,504,1177,GT-AG,504,1177,66,100.65,TRUE,TRUE,0.371286779602569,TRUE,0.505327273982351,0.129883599769167
0,0,0,0,0,0,0,0,1,0,chr21,35286805,35288035,1231,-,504,1178,GC-AG,504,1178,1,66.55,FALSE,FALSE,0.0134328358208955,FALSE,-5.44448211941955,0.000563273989341407
0,0,0,0,0,0,0,0,1,0,chr21,35339316,35339428,113,-,505,1179,GT-AG,505,1179,1,1,FALSE,FALSE,0.5,TRUE,2.08721928629529e-16,0.500000016668571
0,0,0,0,1,0,0,0,0,0,chr21,35339316,35340533,1218,-,505,1180,GT-AG,505,1180,1,4.1,FALSE,FALSE,0.875,TRUE,-1.7604021093328,0.973314282277085
1,5,3,0,0,1,2,0,0,1,chr21,35339653,35340533,881,-,506,1180,GT-AG,506,1180,5,4.1,FALSE,FALSE,0.857142857142857,TRUE,1.52061258205296,0.976537702464693
0,0,1,0,0,0,0,0,0,0,chr21,35340637,35349314,8678,-,507,1181,GT-AG,507,1181,1,0.549999999999999,FALSE,FALSE,0,FALSE,0.239789527279837,0.500000040097874
0,0,0,0,0,0,0,0,0,1,chr21,35477975,35477975,1,-,508,1182,AT-AA,508,1182,1,0.549999999999999,FALSE,FALSE,0,FALSE,0.239789527279837,0.49999991007907
0,1,0,0,0,0,0,0,0,0,chr21,35478083,35478083,1,-,509,1183,AT-AA,509,1183,1,0.549999999999999,FALSE,FALSE,0,FALSE,0.239789527279837,0.499999965255526
0,0,3,2,1,0,1,0,0,1,chr21,37416255,37417879,1625,-,510,1184,GT-AG,510,1184,3,2.55,FALSE,FALSE,0,FALSE,1.36721954606037,0.985717021664417
1,0,1,0,0,0,0,0,1,2,chr21,37834075,37882660,48586,-,511,1185,GT-AG,511,1185,2,9.2,FALSE,FALSE,0.311623376623377,TRUE,-2.51011338174743,0.00124023338677372
1,0,0,0,0,0,0,0,0,0,chr21,37834075,37914862,80788,-,511,1186,GT-AG,511,1186,1,33.3,FALSE,FALSE,0.0391304347826087,FALSE,-4.9210329407334,0.00153871781926962
0,0,1,1,0,0,1,0,0,0,chr21,37874727,37882660,7934,-,512,1185,GT-AG,512,1185,1,8.75,FALSE,FALSE,0.874242424242424,TRUE,-2.63461360414087,0.00164004072554962
0,0,0,0,0,0,0,0,1,0,chr21,37876611,37882660,6050,-,513,1185,GT-AG,513,1185,1,8.75,FALSE,FALSE,0.225,TRUE,-3.35336949135047,0.0424530515398086
5,2,9,5,2,4,0,3,2,3,chr21,37881680,37882660,981,-,514,1185,GT-AG,514,1185,9,8.75,FALSE,FALSE,0.758484848484849,TRUE,1.5762371429245,0.00887114020245758
8,6,6,4,6,5,2,4,9,6,chr21,37882799,37914862,32064,-,515,1186,GT-AG,515,1186,9,32.3,FALSE,FALSE,0.174780290703212,TRUE,-0.766816084307593,0.000671645638588021
0,0,0,0,0,0,0,0,1,0,chr21,37898826,37914638,15813,-,516,1187,GT-AG,516,1187,1,25.85,FALSE,FALSE,0.0409090909090909,FALSE,-4.50358808615103,0.00139889973412189
12,6,27,6,6,7,11,11,20,9,chr21,37898826,37914862,16037,-,516,1186,GT-AG,516,1186,27,34.3,TRUE,TRUE,0.219083324775924,TRUE,0.216713829571501,0.0139600342239259
9,5,5,16,2,10,11,11,6,3,chr21,38126719,38128842,2124,-,517,1188,GT-AG,517,1188,16,13.75,FALSE,FALSE,0,FALSE,4.20794795627978,0.977910499381748
0,0,0,1,0,0,0,0,0,0,chr21,38128997,38132027,3031,-,518,1189,GT-AG,518,1189,1,17.65,FALSE,FALSE,0.128571428571429,TRUE,-4.35697576214595,0.0422348959819844
4,8,7,5,6,16,19,15,15,12,chr21,38129057,38132027,2971,-,519,1189,GT-AG,519,1189,19,17.65,FALSE,FALSE,0.236950549450549,TRUE,3.77371156242532,0.0493734025555531
0,0,1,1,0,0,0,0,0,1,chr21,38129282,38132027,2746,-,520,1189,GT-AG,520,1189,1,17.65,FALSE,FALSE,0.108379120879121,TRUE,-3.85627910206273,0.00123574790062333
13,0,12,7,12,9,17,17,6,6,chr21,38132143,38137312,5170,-,521,1190,GT-AG,521,1190,17,17,FALSE,FALSE,0.118437118437118,TRUE,3.6949602093708,0.00343143870831537
0,0,0,0,0,0,0,0,0,1,chr21,38132143,38139518,7376,-,521,1191,GT-AG,521,1191,1,26.1,FALSE,FALSE,0.06,TRUE,-4.74641605065516,0.00942409813365551
0,0,1,0,0,0,0,0,0,0,chr21,38132143,38302550,170408,-,521,1192,GT-AG,521,1192,1,36.65,FALSE,FALSE,0.0333333333333333,FALSE,-5.12540008109788,0.00162082058626177
0,0,0,0,0,0,0,0,1,0,chr21,38137394,38139518,2125,-,522,1191,GT-AG,522,1191,1,9.55,FALSE,FALSE,0.1,TRUE,-3.94221706891051,0.0033166034459138
7,2,9,7,6,4,10,8,8,8,chr21,38137474,38139518,2045,-,523,1191,GT-AG,523,1191,10,9.55,FALSE,FALSE,0.0888888888888889,TRUE,3.69078650644623,0.00138335907033245
2,1,5,4,7,11,11,9,4,9,chr21,38139587,38269159,129573,-,524,1193,GT-AG,524,1193,11,11,FALSE,FALSE,0.29,TRUE,3.47090562237577,0.00260016573306252
0,0,0,0,0,0,0,1,0,0,chr21,38146718,38269159,122442,-,525,1193,GT-AG,525,1193,1,11,FALSE,FALSE,0.09,TRUE,-3.74964162633178,0.00307233553129665
1,0,0,0,0,0,0,0,0,0,chr21,38266936,38269159,2224,-,526,1193,GT-AG,526,1193,1,11,FALSE,FALSE,0.3,TRUE,-3.72112125068805,0.146671660843291
0,0,0,0,0,0,0,2,0,0,chr21,38269432,38272891,3460,-,527,1194,GT-AG,527,1194,2,24.4,FALSE,FALSE,0.12,TRUE,-4.55956372009181,0.0928919303909728
0,1,0,1,0,0,0,0,0,1,chr21,38269432,38282473,13042,-,527,1195,GT-AG,527,1195,1,24.4,FALSE,FALSE,0.105952380952381,TRUE,-4.11986839638398,0.0023226218539625
7,5,13,6,14,25,19,12,17,10,chr21,38269432,38302550,33119,-,527,1192,GT-AG,527,1192,25,25.85,TRUE,TRUE,0.194241217425802,TRUE,1.73117660458038,0.00086344843182687
0,0,0,0,0,0,0,0,0,1,chr21,38269432,38308748,39317,-,527,1196,GT-AG,527,1196,1,34.5,FALSE,FALSE,0.0409090909090909,FALSE,-5.18413472761379,0.00318227018162619
0,0,1,0,0,1,0,2,0,0,chr21,38272941,38302550,29610,-,528,1192,GT-AG,528,1192,2,23.75,FALSE,FALSE,0.118058608058608,TRUE,-4.03707460619617,0.0007406529077884
8,6,10,11,8,11,9,11,10,10,chr21,38302734,38308748,6015,-,529,1196,GT-AG,529,1196,11,11,FALSE,FALSE,0.0818181818181819,TRUE,4.29866885616975,0.00311544114479137
4,5,10,3,11,15,15,13,12,10,chr21,38309693,38311131,1439,-,530,1197,GT-AG,530,1197,15,15.55,FALSE,FALSE,0.0755681818181818,TRUE,3.99289131357396,0.000917533077245017
0,0,0,0,0,0,1,0,0,1,chr21,38309693,38334335,24643,-,530,1198,GT-AG,530,1198,1,26.1,FALSE,FALSE,0.0781144781144781,TRUE,-4.65058739786197,0.000741211535120351
0,0,0,0,0,0,1,0,0,0,chr21,38311261,38334335,23075,-,531,1198,GT-AG,531,1198,1,12.55,FALSE,FALSE,0.075,TRUE,-4.01587816195361,0.00265692187900094
0,0,0,0,0,0,1,0,0,0,chr21,38311295,38313586,2292,-,532,1199,GT-AG,532,1199,1,16.65,FALSE,FALSE,0.06,TRUE,-4.01508407549512,0.00187215799451778
0,0,3,1,0,1,3,1,1,1,chr21,38311295,38318308,7014,-,532,1200,GT-AG,532,1200,3,16.65,FALSE,FALSE,0.808095238095238,TRUE,-2.03722821752473,0.0468810227055137
2,0,0,1,0,2,2,0,0,0,chr21,38311295,38319632,8338,-,532,1201,GT-AG,532,1201,2,16.65,FALSE,FALSE,0.117835497835498,TRUE,-3.0488973156616,0.00984888149268235
2,0,3,0,0,0,0,0,0,0,chr21,38311295,38320465,9171,-,532,1202,GT-AG,532,1202,3,16.65,FALSE,FALSE,0.146969696969697,TRUE,-3.57588584427313,0.0894200510992276
7,6,12,5,5,7,9,6,5,0,chr21,38311295,38334335,23041,-,532,1198,GT-AG,532,1198,12,18,FALSE,FALSE,0.574568078979844,TRUE,0.425928892879467,0.118930385786085
0,0,0,0,0,1,0,0,0,0,chr21,38318455,38319632,1178,-,533,1201,GT-AG,533,1201,1,4.55,FALSE,FALSE,0.208333333333333,TRUE,-1.79249368488282,0.0163454198062788
3,0,0,1,3,1,1,2,0,0,chr21,38318455,38334335,15881,-,533,1198,GT-AG,533,1198,3,12.55,FALSE,FALSE,0.260332167832168,TRUE,-2.43280743053199,0.00163678166338281
3,0,0,0,0,2,0,2,0,0,chr21,38320588,38334335,13748,-,534,1198,GT-AG,534,1198,3,12.55,FALSE,FALSE,0.167692307692308,TRUE,-3.24184856259894,0.0856162515689864
0,0,0,0,0,0,0,0,1,0,chr21,38334471,38334551,81,-,535,1203,GT-AG,535,1203,1,6.65,FALSE,FALSE,0.888888888888889,TRUE,-2.26450974129255,0.985990886758015
0,0,0,0,0,0,0,1,0,0,chr21,38334471,38334935,465,-,535,1204,GT-AG,535,1204,1,6.65,FALSE,FALSE,0.888888888888889,TRUE,-2.26450974129255,0.985948083755019
0,0,2,0,3,6,2,0,0,0,chr21,38334471,38338743,4273,-,535,1205,GT-AG,535,1205,6,6.65,FALSE,FALSE,0.664814814814815,TRUE,-0.748913773305682,0.279600086559541
0,0,0,0,2,0,0,0,0,0,chr21,38334471,38352940,18470,-,535,1206,GT-AG,535,1206,2,6.65,FALSE,FALSE,0.355555555555556,TRUE,-2.38985270925596,0.105442348822818
2,1,0,1,0,2,1,0,0,0,chr21,38334471,38362457,27987,-,535,1207,GT-AG,535,1207,2,6.65,FALSE,FALSE,0.601851851851852,TRUE,-0.564480422409926,0.0559473059512081
0,0,0,0,0,0,1,1,0,0,chr21,38409206,38439561,30356,-,536,1208,GT-AG,536,1208,1,120.45,FALSE,FALSE,0.0123543123543124,FALSE,-6.27399049925824,0.000239883576426692
0,0,0,0,0,0,0,1,0,0,chr21,38414368,38439561,25194,-,537,1208,GT-AG,537,1208,1,120.45,FALSE,FALSE,0.0136363636363636,FALSE,-6.51506870416572,0.00170679465785899
77,104,121,90,55,88,72,62,68,91,chr21,38438013,38439561,1549,-,538,1208,GT-AG,538,1208,121,140.75,TRUE,TRUE,0.0647835083804975,TRUE,1.59654658291106,0.000131513167733339
0,3,2,1,1,0,3,0,2,2,chr21,38438013,38441851,3839,-,538,1209,GT-AG,538,1209,3,240.15,FALSE,FALSE,0.00904432451863077,FALSE,-5.42265738411576,0.000132381763472824
0,0,0,0,0,0,3,1,0,0,chr21,38438013,38444733,6721,-,538,1210,GT-AG,538,1210,3,221.35,FALSE,FALSE,0.0145023575888875,FALSE,-6.87242665841007,0.00699217752778141
0,0,0,1,0,0,0,0,0,0,chr21,38438036,38439561,1526,-,539,1208,GT-AG,539,1208,1,120.45,FALSE,FALSE,0.00957446808510638,FALSE,-6.5155247376992,0.000441380411999138
0,0,0,0,0,0,0,0,0,1,chr21,38439637,38441851,2215,-,540,1209,GT-AG,540,1209,1,110.05,FALSE,FALSE,0.0103448275862069,FALSE,-6.57381640987338,0.000620329129697325
0,0,0,1,1,0,1,0,1,0,chr21,38439681,38441847,2167,-,541,1211,GT-AG,541,1211,1,98.75,FALSE,FALSE,0.00927556793753977,FALSE,-5.77906728530148,0.000106113411245084
84,98,95,87,68,76,89,75,82,78,chr21,38439681,38441851,2171,-,541,1209,GT-AG,541,1209,98,112.15,TRUE,TRUE,0.0834951800407644,TRUE,2.18771559297854,0.0016424598159378
2,1,1,1,2,0,0,0,0,1,chr21,38439681,38444733,5053,-,541,1210,GT-AG,541,1210,2,187.2,FALSE,FALSE,0.00890239709205227,FALSE,-5.83521217272148,5.13722627467403e-05
0,0,0,0,0,0,1,0,0,0,chr21,38439715,38441851,2137,-,542,1209,GT-AG,542,1209,1,110.05,FALSE,FALSE,0.00891089108910891,FALSE,-6.57397711314533,0.000428105666791914
0,0,1,0,0,0,0,0,0,0,chr21,38441925,38443528,1604,-,543,1212,GT-AG,543,1212,1,92.3,FALSE,FALSE,0.0101123595505618,FALSE,-6.39576451106945,0.000417437134573818
1,0,0,0,0,0,0,0,0,0,chr21,38441925,38443801,1877,-,543,1213,GT-AG,543,1213,1,92.3,FALSE,FALSE,0.0118421052631579,FALSE,-6.39557042061316,0.000601681061347228
13,5,13,8,13,9,11,9,14,0,chr21,38441925,38444444,2520,-,543,1214,GT-AG,543,1214,14,92.75,FALSE,FALSE,0.120552929777123,TRUE,-2.34575573948214,0.0412556501794616
56,58,75,86,65,71,74,52,60,58,chr21,38441925,38444733,2809,-,543,1210,GT-AG,543,1210,86,107.55,TRUE,TRUE,0.123271547085558,TRUE,0.903926063764776,0.0125714136988705
0,0,1,0,0,0,1,0,0,0,chr21,38444118,38444444,327,-,544,1214,GT-AG,544,1214,1,14,FALSE,FALSE,0.0661375661375661,TRUE,-3.69403463264521,0.00114950747870729
0,0,0,0,0,1,0,0,0,0,chr21,38444118,38444733,616,-,544,1210,GT-AG,544,1210,1,95,FALSE,FALSE,0.0113924050632911,FALSE,-6.45616427077929,0.000571916444637366
18,14,16,8,9,7,16,10,18,18,chr21,38444611,38444733,123,-,545,1210,GT-AG,545,1210,18,94.55,FALSE,FALSE,0.0822187012439699,TRUE,-1.66223666090635,0.00721031010610884
0,0,1,0,0,0,0,0,0,0,chr21,38444838,38444992,155,-,546,1215,GT-AG,546,1215,1,70.1,FALSE,FALSE,0.0130434782608696,FALSE,-6.06900354237975,0.000512138931952546
4,2,1,2,0,0,0,4,2,2,chr21,38444838,38445147,310,-,546,1216,GT-AG,546,1216,4,70.1,FALSE,FALSE,0.0695635523810156,TRUE,-4.0758883123584,0.0120534966840506
2,0,0,1,0,1,0,2,1,0,chr21,38444838,38445163,326,-,546,1217,GT-AG,546,1217,2,70.1,FALSE,FALSE,0.0372630193351692,FALSE,-4.96773485012678,0.00152259502913643
0,0,0,0,0,1,0,0,0,0,chr21,38444838,38445272,435,-,546,1218,GT-AG,546,1218,1,70.1,FALSE,FALSE,0.0160714285714286,FALSE,-6.06866268450458,0.000782954624385226
2,2,0,0,0,2,4,1,3,2,chr21,38444838,38445290,453,-,546,1219,GT-AG,546,1219,4,70.1,FALSE,FALSE,0.0310447587070157,FALSE,-4.1095499203667,0.00659267410498841
22,33,55,29,25,38,33,32,49,37,chr21,38444838,38445299,462,-,546,1220,GT-AG,546,1220,55,74.55,TRUE,TRUE,0.168659764105438,TRUE,0.397459634846953,0.0115250547906872
1,0,0,0,0,0,2,4,3,1,chr21,38444838,38445360,523,-,546,1221,GT-AG,546,1221,4,70.1,FALSE,FALSE,0.0564697592234855,TRUE,-4.79201297442508,0.0129114224342042
0,0,2,0,0,0,0,2,0,1,chr21,38444838,38445396,559,-,546,1222,GT-AG,546,1222,2,70.1,FALSE,FALSE,0.0293395754952712,FALSE,-5.45304434009386,0.00365686700081435
0,0,0,0,0,0,0,1,0,0,chr21,38444838,38445536,699,-,546,1223,GT-AG,546,1223,1,70.1,FALSE,FALSE,0.0169811320754717,FALSE,-6.0685600961927,0.00105152219550559
0,0,0,0,0,0,0,0,0,1,chr21,38597547,38599954,2408,-,547,1224,GT-AG,547,1224,1,119.75,FALSE,FALSE,0.00947368421052632,FALSE,-6.50466756572036,0.000535297523607603
0,1,1,1,0,0,0,0,0,0,chr21,38597928,38598422,495,-,548,1225,GT-AG,548,1225,1,120.75,FALSE,FALSE,0.0130530626641063,FALSE,-6.04347471661088,0.000179466161888838
82,51,67,75,117,119,102,97,62,94,chr21,38597928,38599954,2027,-,548,1224,GT-AG,548,1224,119,122.4,TRUE,TRUE,0.130068435758526,TRUE,3.31971127196869,0.000160542310689644
0,2,0,0,0,1,0,0,1,0,chr21,38598487,38599954,1468,-,549,1224,GT-AG,549,1224,2,119.75,FALSE,FALSE,0.029735883424408,FALSE,-5.95543287318002,0.000147766077747365
0,0,0,0,0,0,0,1,0,0,chr21,38600099,38600523,425,-,550,1226,GT-AG,550,1226,1,68.65,FALSE,FALSE,0.0134328358208955,FALSE,-5.81278216587703,0.000496801080680748
47,29,34,44,34,70,26,66,37,50,chr21,38600108,38600523,416,-,551,1226,GT-AG,551,1226,70,74.4,TRUE,TRUE,0.109263229073966,TRUE,2.36285162025336,0.000394896869013273
5,3,3,1,0,6,4,0,0,0,chr21,38600108,38600542,435,-,551,1227,GT-AG,551,1227,6,73.95,FALSE,FALSE,0.0845924445924446,TRUE,-3.96639145621243,0.0254413876208358
0,0,0,0,0,0,0,0,0,1,chr21,38600108,38604677,4570,-,551,1228,GT-AG,551,1228,1,159.15,FALSE,FALSE,0.00676691729323308,FALSE,-6.8517279539591,0.000397282034228596
1,0,0,0,0,0,0,0,0,0,chr21,38600335,38600523,189,-,552,1226,GT-AG,552,1226,1,68.65,FALSE,FALSE,0.0183673469387755,FALSE,-5.81222600982015,0.000781472917081705
0,1,2,0,0,0,0,0,0,0,chr21,38600675,38603793,3119,-,553,1229,GT-AG,553,1229,2,88.55,FALSE,FALSE,0.0186622191011236,FALSE,-6.06731630922619,0.00404360472439934
69,58,84,53,78,84,75,80,58,79,chr21,38600675,38604677,4003,-,553,1228,GT-AG,553,1228,84,91.1,TRUE,FALSE,0.0425507218977679,FALSE,2.65407952433519,6.68381912176043e-05
1,2,2,1,1,1,0,3,1,2,chr21,38603120,38603793,674,-,554,1229,GT-AG,554,1229,3,4.1,FALSE,FALSE,0.496296296296296,TRUE,1.87251484043638,0.157117385349004
0,0,1,0,0,0,0,0,0,0,chr21,38603120,38604677,1558,-,554,1228,GT-AG,554,1228,1,89.65,FALSE,FALSE,0.00989010989010989,FALSE,-6.38389485474832,0.000400208786234793
0,0,0,0,0,0,0,1,0,0,chr21,38603892,38604188,297,-,555,1230,GT-AG,555,1230,1,3,FALSE,FALSE,0.291666666666667,TRUE,-2.07973322677373,0.00948121161479987
3,0,2,1,0,1,1,2,2,3,chr21,38603892,38604677,786,-,555,1228,GT-AG,555,1228,3,88.1,FALSE,FALSE,0.0211765259412441,FALSE,-4.267697568977,0.000137643883797338
0,0,0,0,0,1,0,0,0,0,chr21,38604277,38604677,401,-,556,1228,GT-AG,556,1228,1,88.1,FALSE,FALSE,0.0103448275862069,FALSE,-6.36526768037856,0.000423384616247667
77,53,89,60,93,129,111,96,57,92,chr21,38604753,38605662,910,-,557,1231,GT-AG,557,1231,129,134.55,TRUE,TRUE,0.0692019077843949,TRUE,1.92965534109329,0.00044392558932334
8,4,5,7,4,8,6,7,3,4,chr21,38604753,38610760,6008,-,557,1232,GT-AG,557,1232,8,225.85,FALSE,FALSE,0.0231579370220767,FALSE,-3.37076468534991,4.3044239387475e-05
0,0,0,0,1,1,0,0,1,0,chr21,38604753,38612796,8044,-,557,1233,GT-AG,557,1233,1,232.95,FALSE,FALSE,0.00636412101825936,FALSE,-6.66525212592328,5.73335839494699e-05
1,0,3,3,4,3,2,3,1,2,chr21,38604753,38639538,34786,-,557,1234,GT-AG,557,1234,4,225,FALSE,FALSE,0.0130716433915853,FALSE,-4.50153723120321,5.8505525053441e-05
69,55,68,46,95,92,87,70,57,61,chr21,38605744,38610760,5017,-,558,1232,GT-AG,558,1232,95,107.4,TRUE,TRUE,0.0834348041320258,TRUE,1.73236080093815,0.00381877783774346
0,0,0,1,0,0,0,1,0,0,chr21,38605744,38639538,33795,-,558,1234,GT-AG,558,1234,1,201.3,FALSE,FALSE,0.0080799693408278,FALSE,-6.74758412472125,0.000138424606303853
0,1,0,0,0,0,0,0,0,0,chr21,38610250,38610760,511,-,559,1232,GT-AG,559,1232,1,101.2,FALSE,FALSE,0.015,FALSE,-6.39123385373961,0.00170469409598882
0,0,0,1,0,0,0,0,1,0,chr21,38610380,38610760,381,-,560,1232,GT-AG,560,1232,1,101.2,FALSE,FALSE,0.0144585253456221,FALSE,-6.14970019625952,0.000315900968596212
77,38,62,55,80,101,94,64,57,65,chr21,38610911,38612796,1886,-,561,1233,GT-AG,561,1233,101,101.6,TRUE,FALSE,0.0494546580790691,FALSE,3.12066387643365,0.00327974657340029
1,0,0,0,0,0,0,1,0,0,chr21,38610911,38612832,1922,-,561,1235,GT-AG,561,1235,1,99.5,FALSE,FALSE,0.0120304748405386,FALSE,-6.05213302196788,0.000197887752410064
0,0,0,0,1,2,0,1,1,1,chr21,38610911,38639538,28628,-,561,1234,GT-AG,561,1234,2,193.6,FALSE,FALSE,0.00670661856804381,FALSE,-5.92129692243726,8.12753081476034e-05
0,0,0,0,1,0,0,1,1,0,chr21,38612937,38639538,26602,-,562,1234,GT-AG,562,1234,1,105,FALSE,FALSE,0.0126777560339204,FALSE,-5.73223604756149,0.000123716481406777
0,0,0,0,1,0,0,0,0,0,chr21,38612941,38630482,17542,-,563,1236,GT-AG,563,1236,1,88.1,FALSE,FALSE,0.0103448275862069,FALSE,-5.97230660101169,0.000449623334400927
0,0,0,0,0,0,0,1,0,0,chr21,38612941,38634012,21072,-,563,1237,GT-AG,563,1237,1,88.55,FALSE,FALSE,0.0140625,FALSE,-5.97745605462499,0.000632448066987106
43,21,46,32,78,67,81,59,39,38,chr21,38612941,38639538,26598,-,563,1234,GT-AG,563,1234,81,113.55,TRUE,TRUE,0.14306920220036,TRUE,0.88662043038033,0.00451673552660987
0,1,0,0,1,0,0,0,0,0,chr21,38633852,38634012,161,-,564,1237,GT-AG,564,1237,1,1,FALSE,FALSE,0.666666666666667,TRUE,0.239789527279837,0.500000000001474
9,4,6,14,13,7,13,4,13,11,chr21,38634239,38639538,5300,-,565,1234,GT-AG,565,1234,14,105,FALSE,FALSE,0.112023879824805,TRUE,-1.83460482597814,0.0131320671971831
0,0,0,0,0,1,0,0,0,0,chr21,39693721,39697704,3984,-,566,1238,GT-AG,566,1238,1,0.549999999999999,FALSE,FALSE,0,FALSE,0.239789527279837,0.499999984731113
0,9,5,11,11,0,14,3,15,8,chr21,40715086,40717071,1986,-,567,1239,GT-AG,567,1239,15,14.55,FALSE,FALSE,0,FALSE,3.56562216282165,0.985494815872364
0,0,1,0,0,0,0,0,0,0,chr21,42515343,42517003,1661,-,568,1240,GT-AG,568,1240,1,0.549999999999999,FALSE,FALSE,0,FALSE,0.239789527279837,0.500000040097874
0,0,0,0,1,0,0,0,0,0,chr21,44513360,44513583,224,-,569,1241,GT-AG,569,1241,1,457.5,FALSE,FALSE,0.00371900826446281,FALSE,-7.64299139467922,0.000556162563152426
259,185,203,512,234,222,364,260,263,164,chr21,44513360,44514580,1221,-,569,1242,GT-AG,569,1242,512,471.95,TRUE,TRUE,0.0903102621673123,TRUE,2.27357332694666,0.00655812496065121
0,0,0,0,0,0,2,0,2,1,chr21,44514004,44514580,577,-,570,1242,GT-AG,570,1242,2,459.85,FALSE,FALSE,0.00534919577405952,FALSE,-7.0427183518688,0.00197983389242253
286,195,233,640,310,300,498,289,284,197,chr21,44514674,44514764,91,-,571,1243,GT-AG,571,1243,640,643.7,TRUE,TRUE,0.0970338064300309,TRUE,1.81504195115708,0.00627363504284709
579,435,598,1338,767,753,1224,540,793,469,chr21,44514899,44515547,649,-,572,1244,GT-AG,572,1244,1338,1393.15,TRUE,TRUE,0.0768136044786418,TRUE,2.48850137938694,0.00325863556014888
0,0,0,0,0,0,0,1,0,0,chr21,44514899,44515557,659,-,572,1245,GT-AG,572,1245,1,1380.1,FALSE,FALSE,0.0015929203539823,FALSE,-8.67441797859049,0.000230268446064095
1,0,0,1,0,0,0,0,0,0,chr21,44514899,44524424,9526,-,572,1246,GT-AG,572,1246,1,2260.6,FALSE,FALSE,0.000781732029438452,FALSE,-9.03602520666929,1.1855061499874e-05
0,0,0,0,0,0,0,0,1,0,chr21,44514935,44515547,613,-,573,1244,GT-AG,573,1244,1,1299.75,FALSE,FALSE,0.00111524163568773,FALSE,-8.6415191506624,6.92807381080658e-05
1,1,0,2,0,0,0,1,3,0,chr21,44515644,44515803,160,-,574,1247,GT-AG,574,1247,3,1057.75,FALSE,FALSE,0.00242472454830321,FALSE,-7.52417415789069,0.000397642224681019
577,591,644,1056,638,980,1000,395,827,585,chr21,44515647,44515803,157,-,575,1247,GT-AG,575,1247,1056,1173.35,TRUE,TRUE,0.0606726839802519,TRUE,1.83812111926477,0.00376400361607068
442,484,503,863,559,684,860,393,719,443,chr21,44515854,44520562,4709,-,576,1248,GT-AG,576,1248,863,1208.4,TRUE,FALSE,0.0450728276635565,FALSE,0.824336927421932,2.7463687879766e-05
160,153,219,305,174,281,308,126,243,212,chr21,44515854,44521475,5622,-,576,1249,GT-AG,576,1249,308,1228.75,TRUE,TRUE,0.0526801512339583,TRUE,-1.10791793325748,0.00249591578867463
0,0,0,0,0,0,0,0,0,1,chr21,44515875,44520562,4688,-,577,1248,GT-AG,577,1248,1,871.65,FALSE,FALSE,0.002,FALSE,-8.43050534783222,0.000269738841953176
10,25,12,23,21,13,24,14,28,18,chr21,44520630,44521475,846,-,578,1249,GT-AG,578,1249,28,1026.75,TRUE,FALSE,0.0181389925758362,FALSE,-3.62793252295385,0.00123376695626136
314,314,373,592,399,558,675,272,520,351,chr21,44520630,44524424,3795,-,578,1246,GT-AG,578,1246,675,965.3,TRUE,FALSE,0.047069905833108,FALSE,0.539333723117969,0.000636094012877001
0,0,0,0,0,0,0,0,0,1,chr21,44520651,44521475,825,-,579,1249,GT-AG,579,1249,1,337.75,FALSE,FALSE,0.00376569037656904,FALSE,-7.53533210363627,0.000273192361454061
0,0,0,1,0,0,0,0,0,0,chr21,44520651,44524424,3774,-,579,1246,GT-AG,579,1246,1,889.95,FALSE,FALSE,0.00107015457788347,FALSE,-8.47260192449801,5.26944941888376e-05
0,0,1,0,0,0,0,0,0,0,chr21,44521543,44521932,390,-,580,1250,GT-AG,580,1250,1,281.25,FALSE,FALSE,0.00428571428571429,FALSE,-7.356935751105,0.000246867080107212
0,0,0,1,0,0,0,0,0,0,chr21,44521543,44522171,629,-,580,1251,GT-AG,580,1251,1,281.25,FALSE,FALSE,0.0032967032967033,FALSE,-7.35704601297759,0.000143382829455599
165,113,197,246,167,275,249,126,193,168,chr21,44521543,44524424,2882,-,580,1246,GT-AG,580,1246,275,908.15,TRUE,FALSE,0.0470298720840419,FALSE,-0.875691628139941,0.00159024678470465
0,2,0,3,0,3,4,0,5,0,chr21,44524513,44525611,1099,-,581,1252,GT-AG,581,1252,5,688.6,FALSE,FALSE,0.00575573106989777,FALSE,-6.62418820729352,0.00224334816320718
0,0,0,0,0,0,0,0,0,3,chr21,44524513,44525895,1383,-,581,1253,GT-AG,581,1253,3,688.6,FALSE,FALSE,0.00921501706484642,FALSE,-8.03866929259929,0.00879968973372927
0,1,0,0,0,1,1,2,1,0,chr21,44524513,44526837,2325,-,581,1254,GT-AG,581,1254,2,688.6,FALSE,FALSE,0.00447715112225277,FALSE,-7.11806156196265,2.07857913457837e-05
0,0,0,0,0,0,0,0,2,1,chr21,44524513,44526937,2425,-,581,1255,GT-AG,581,1255,2,688.6,FALSE,FALSE,0.00285019243337448,FALSE,-7.83815811674847,0.00103712852679743
354,243,284,499,276,483,570,297,484,249,chr21,44524513,44527560,3048,-,581,1256,GT-AG,581,1256,570,692.7,TRUE,TRUE,0.103073495400934,TRUE,1.44256265401741,0.00387479333117235
0,0,1,0,0,4,0,0,0,0,chr21,44524513,44528819,4307,-,581,1257,GT-AG,581,1257,4,688.6,FALSE,FALSE,0.00609312988389578,FALSE,-7.77096087594583,0.0034174402148699
2,0,0,1,1,2,1,2,2,1,chr21,44525666,44527560,1895,-,582,1256,GT-AG,582,1256,2,542.15,FALSE,FALSE,0.00337198704381183,FALSE,-6.0164440367316,1.74634943090145e-05
0,0,0,0,0,0,0,1,0,1,chr21,44525956,44527560,1605,-,583,1256,GT-AG,583,1256,1,542.15,FALSE,FALSE,0.00324569567240577,FALSE,-7.71625734419227,0.000120326772112259
0,0,0,0,0,1,0,0,0,0,chr21,44527060,44527560,501,-,584,1256,GT-AG,584,1256,1,542.15,FALSE,FALSE,0.00181451612903226,FALSE,-7.95656871073072,8.43701478553282e-05
0,1,0,0,0,0,0,0,0,0,chr21,44527064,44527560,497,-,585,1256,GT-AG,585,1256,1,542.15,FALSE,FALSE,0.00362903225806452,FALSE,-7.95636660865437,0.000886667434101536
1,0,5,0,1,0,0,0,0,0,chr21,44949843,45012105,62263,-,586,1258,GT-AG,586,1258,5,3.74999999999999,FALSE,FALSE,0.111111111111111,TRUE,0.63297209055227,0.180286471837036
0,0,1,0,0,0,0,0,0,0,chr21,44949843,45050202,100360,-,586,1259,GT-AG,586,1259,1,5.2,FALSE,FALSE,0.107142857142857,TRUE,-1.05893835063819,0.246892002058423
0,0,4,0,1,0,0,1,0,0,chr21,45012210,45033710,21501,-,587,1260,GT-AG,587,1260,4,2.65,FALSE,FALSE,0,FALSE,0.850936261230105,0.985827961893005
0,0,1,2,2,0,0,0,0,0,chr21,45033829,45050202,16374,-,588,1259,GT-AG,588,1259,2,2,FALSE,FALSE,0.333333333333333,TRUE,0.608904487544684,0.0148391989537734
1,0,0,0,1,0,0,0,0,0,chr21,45050336,45053152,2817,-,589,1261,GT-AG,589,1261,1,1,FALSE,FALSE,0,FALSE,0.479579054559674,0.499999991667576
1,0,0,0,1,0,0,1,1,0,chr21,45053303,45064169,10867,-,590,1262,GT-AG,590,1262,1,1,FALSE,FALSE,0,FALSE,0.959158109119349,0.50000006108103
0,0,3,0,0,0,0,1,0,0,chr21,45064274,45076467,12194,-,591,1263,GT-AG,591,1263,3,2.1,FALSE,FALSE,0,FALSE,0.583188247728352,0.981337120943507
0,0,0,0,0,0,0,1,0,0,chr21,45076619,45077941,1323,-,592,1264,GT-AG,592,1264,1,0.549999999999999,FALSE,FALSE,0,FALSE,0.239789527279837,0.499999999997727
0,0,0,1,0,0,0,0,0,0,chr21,45078202,45079266,1065,-,593,1265,GT-AG,593,1265,1,0.549999999999999,FALSE,FALSE,0,FALSE,0.239789527279837,0.499999943136996
0,1,0,0,0,0,0,0,0,1,chr21,45226470,45228681,2212,-,594,1266,GT-AG,594,1266,1,1,FALSE,FALSE,0,FALSE,0.479579054559674,0.500000000001082
0,0,0,0,0,0,0,1,0,0,chr21,45561482,46122358,560877,-,595,1267,GT-AG,595,1267,1,0.549999999999999,FALSE,FALSE,0,FALSE,0.239789527279837,0.499999999997727
0,0,0,0,1,0,0,0,0,0,chr21,45564595,45564875,281,-,596,1268,GT-AG,596,1268,1,0.549999999999999,FALSE,FALSE,0,FALSE,0.239789527279837,0.500000008335434
0,0,0,0,0,0,0,0,1,0,chr21,45594238,45594700,463,-,597,1269,GT-AG,597,1269,1,0.549999999999999,FALSE,FALSE,0,FALSE,0.239789527279837,0.499999991666228
0,0,0,0,0,0,0,0,0,1,chr21,45622724,45626411,3688,-,598,1270,GT-AG,598,1270,1,0.549999999999999,FALSE,FALSE,0,FALSE,0.239789527279837,0.49999991007907
0,0,0,0,0,0,0,1,0,2,chr21,45628788,45628819,32,-,599,1271,GT-AG,599,1271,2,1.55,FALSE,FALSE,0,FALSE,0.544241771052179,0.937874143813421
0,0,0,1,0,0,0,0,1,0,chr21,45750800,45751725,926,-,600,1272,GT-AG,600,1272,1,2,FALSE,FALSE,0.5,TRUE,-0.0646627164925052,0.0221771803767167
0,0,2,0,0,0,0,0,1,0,chr21,45750803,45751725,923,-,601,1272,GT-AG,601,1272,2,2,FALSE,FALSE,0.5,TRUE,0.0646627164925051,0.0221771934019865
0,0,1,0,0,0,0,0,0,0,chr21,45928795,45929081,287,-,602,1273,GT-AG,602,1273,1,0.549999999999999,FALSE,FALSE,0,FALSE,0.239789527279837,0.500000040097874
0,0,0,0,0,1,0,0,0,0,chr21,45929270,45929937,668,-,603,1274,GT-AG,603,1274,1,0.549999999999999,FALSE,FALSE,0,FALSE,0.239789527279837,0.499999984731113
0,0,0,0,0,1,0,0,0,0,chr21,45947402,45948334,933,-,604,1275,GT-AG,604,1275,1,0.549999999999999,FALSE,FALSE,0,FALSE,0.239789527279837,0.499999984731113
2,0,1,3,0,2,4,6,3,1,chr21,46685551,46685936,386,-,605,1276,GT-AG,605,1276,6,24.75,FALSE,FALSE,0.160116283498636,TRUE,-2.5543074941536,0.0326951781107014
9,12,16,15,11,14,18,14,9,20,chr21,46685551,46687504,1954,-,605,1277,GT-AG,605,1277,20,30,TRUE,TRUE,0.234122925891805,TRUE,0.428641495810403,0.0205196724234545
2,1,1,2,1,4,1,1,3,2,chr21,46686143,46687504,1362,-,606,1277,GT-AG,606,1277,4,22.55,FALSE,FALSE,0.143614099477944,TRUE,-2.2299846924208,0.000554837435306197
2,0,0,0,0,0,0,1,0,0,chr21,46686476,46687504,1029,-,607,1277,GT-AG,607,1277,2,22.55,FALSE,FALSE,0.107954545454545,TRUE,-4.6095526696513,0.0322290508079138
11,9,12,17,10,8,18,19,17,11,chr21,46687629,46689753,2125,-,608,1278,GT-AG,608,1278,19,18.55,FALSE,FALSE,0,FALSE,4.84693776985698,0.970732298966075
0,0,0,0,0,0,0,1,0,0,chr21,46689935,46691416,1482,-,609,1279,GT-AG,609,1279,1,12,FALSE,FALSE,0.0818181818181818,TRUE,-4.20650140903114,0.0029413138250554
11,7,11,10,12,6,12,10,3,7,chr21,46689935,46696931,6997,-,609,1280,GT-AG,609,1280,12,12,FALSE,FALSE,0.284090909090909,TRUE,3.27572183002173,0.0317422474264766
0,0,0,0,0,1,0,0,0,0,chr21,46689935,46705592,15658,-,609,1281,GT-AG,609,1281,1,37.2,FALSE,FALSE,0.0473684210526316,FALSE,-5.24651426330586,0.00459241465480433
0,2,0,0,0,0,0,0,0,0,chr21,46689965,46696931,6967,-,610,1280,GT-AG,610,1280,2,12,FALSE,FALSE,0.163636363636364,TRUE,-4.1760976239333,0.0766275402896078
0,2,0,1,0,1,0,0,0,0,chr21,46691522,46696931,5410,-,611,1280,GT-AG,611,1280,2,12,FALSE,FALSE,0.14025974025974,TRUE,-3.67189699963971,0.00115601582882192
10,13,11,11,19,13,22,19,13,15,chr21,46697058,46698017,960,-,612,1282,GT-AG,612,1282,22,24.55,TRUE,TRUE,0.183902748953833,TRUE,1.74393273020676,0.0194408732930545
1,0,0,2,0,0,0,0,0,0,chr21,46697689,46698017,329,-,613,1282,GT-AG,613,1282,2,23.2,FALSE,FALSE,0.129370629370629,TRUE,-4.50691414655652,0.0539205826080889
0,1,0,0,0,0,3,0,0,0,chr21,46698085,46698212,128,-,614,1283,GT-AG,614,1283,3,28.95,FALSE,FALSE,0.0772727272727273,TRUE,-4.64300054365261,0.0200999162896958
0,0,0,0,0,0,0,1,0,0,chr21,46698085,46698498,414,-,614,1284,GT-AG,614,1284,1,28.95,FALSE,FALSE,0.0409090909090909,FALSE,-4.99590007516394,0.00183734978469335
18,18,11,10,23,20,30,21,11,16,chr21,46698085,46702263,4179,-,614,1285,GT-AG,614,1285,30,33.5,TRUE,TRUE,0.161442356517266,TRUE,1.47372819977552,0.00055931370832321
0,0,0,0,0,0,3,0,0,1,chr21,46698300,46702263,3964,-,615,1285,GT-AG,615,1285,3,30.5,FALSE,FALSE,0.0715873015873016,TRUE,-4.67225402419202,0.0330370761452003
0,0,0,0,0,1,0,0,0,0,chr21,46702314,46702718,405,-,616,1286,GT-AG,616,1286,1,2,FALSE,FALSE,0.857142857142857,TRUE,-1.45759850236921,0.987211964516713
0,0,2,0,1,0,1,0,0,0,chr21,46702314,46703297,984,-,616,1287,GT-AG,616,1287,2,26.85,FALSE,FALSE,0.19231884057971,TRUE,-4.24004685640515,0.0216371301526219
0,1,0,0,0,0,0,0,0,0,chr21,46702314,46705592,3279,-,616,1281,GT-AG,616,1281,1,26.2,FALSE,FALSE,0.06,TRUE,-4.82776163551919,0.00451916784655309
2,0,0,0,1,0,0,0,2,0,chr21,46702375,46702718,344,-,617,1286,GT-AG,617,1286,2,27.65,FALSE,FALSE,0.0968891402714932,TRUE,-4.16425761768734,0.0343839551517851
4,0,1,0,0,1,5,0,0,2,chr21,46702375,46703266,892,-,617,1288,GT-AG,617,1288,5,27.65,FALSE,FALSE,0.166943961492643,TRUE,-3.41967212800487,0.0592293698834874
11,9,6,6,21,15,22,18,12,18,chr21,46702375,46703297,923,-,617,1287,GT-AG,617,1287,22,32.95,TRUE,TRUE,0.290916034611687,TRUE,1.15770763334287,0.0846966341831829
0,0,0,0,3,0,0,1,0,0,chr21,46702375,46705592,3218,-,617,1281,GT-AG,617,1281,3,51.5,FALSE,FALSE,0.05566534914361,TRUE,-5.1537134701861,0.0134424261073461
0,0,0,1,0,0,0,0,0,0,chr21,46702854,46703297,444,-,618,1287,GT-AG,618,1287,1,26.85,FALSE,FALSE,0.09,TRUE,-4.79003266984632,0.0218097689706589
0,0,0,0,0,1,0,0,0,0,chr21,46702962,46703266,305,-,619,1288,GT-AG,619,1288,1,4.55,FALSE,FALSE,0.4,TRUE,-1.30878154099504,0.383522102620876
0,0,0,0,0,1,0,0,0,0,chr21,46703443,46705060,1618,-,620,1289,GT-AG,620,1289,1,27.95,FALSE,FALSE,0.05625,TRUE,-4.82963414762126,0.00349193945577196
1,0,1,2,1,0,1,1,0,0,chr21,46703443,46705183,1741,-,620,1290,GT-AG,620,1290,2,27.95,FALSE,FALSE,0.0826350732600733,TRUE,-3.52848470530155,0.000380218726848591
19,12,7,16,18,11,26,11,6,21,chr21,46703443,46705592,2150,-,620,1281,GT-AG,620,1281,26,29.85,TRUE,TRUE,0.146287046287046,TRUE,1.18752838336609,0.000734598923753775
0,0,0,0,1,0,0,0,0,0,chr21,46705145,46705592,448,-,621,1281,GT-AG,621,1281,1,25.2,FALSE,FALSE,0.0391304347826087,FALSE,-4.79015240245491,0.00171839894182653
0,1,0,0,1,0,1,0,1,1,chr21,46705244,46705592,349,-,622,1281,GT-AG,622,1281,1,25.2,FALSE,FALSE,0.0932363489972186,TRUE,-3.80257507276891,0.000280118642344315
0,2,0,0,0,0,0,0,0,0,chr21,46705844,46707606,1763,-,623,1291,GT-AG,623,1291,2,16.1,FALSE,FALSE,0.15,TRUE,-4.43805779161589,0.0794187935218906
14,10,9,8,12,15,13,17,10,9,chr21,46705844,46707655,1812,-,623,1292,GT-AG,623,1292,17,16.1,FALSE,FALSE,0.15,TRUE,4.43805779161589,0.0794188058663703
0,0,0,0,0,1,0,0,0,0,chr21,46923958,46945730,21773,-,624,1293,GT-AG,624,1293,1,61.65,FALSE,FALSE,0.015,FALSE,-5.63767126467249,0.00050656542103341
0,1,0,0,0,0,0,0,0,0,chr21,46926672,46926693,22,-,625,1294,GT-AG,625,1294,1,0.549999999999999,FALSE,FALSE,0,FALSE,0.239789527279837,0.499999965255526
0,0,0,0,0,1,0,0,0,0,chr21,46932980,46933093,114,-,626,1295,GC-AG,626,1295,1,0.549999999999999,FALSE,FALSE,0,FALSE,0.239789527279837,0.499999984731113
0,1,0,0,0,0,0,0,3,0,chr21,46933473,46934809,1337,-,627,1296,GT-AG,627,1296,3,2.1,FALSE,FALSE,0.666666666666667,TRUE,0.343398720448515,0.985046839091073
0,0,0,1,0,0,0,0,0,0,chr21,46933473,46945730,12258,-,627,1293,GT-AG,627,1293,1,61.65,FALSE,FALSE,0.0272727272727273,FALSE,-5.6485292810721,0.00226329035037578
0,0,0,0,1,0,0,0,0,1,chr21,46935067,46935553,487,-,628,1297,GT-AG,628,1297,1,3.1,FALSE,FALSE,0.75,TRUE,-0.91559897772261,0.222160723941679
0,1,0,2,0,0,4,1,0,1,chr21,46935067,46945730,10664,-,628,1293,GT-AG,628,1293,4,61.65,FALSE,FALSE,0.0635059385059385,TRUE,-4.46536365134592,0.0143355560337965
38,18,26,30,26,57,40,58,39,23,chr21,46936055,46945730,9676,-,629,1293,GT-AG,629,1293,58,68.3,TRUE,TRUE,0.0749016155011861,TRUE,1.82184195393334,0.000124780502162263
0,0,1,0,0,0,0,0,0,0,chr21,46936427,46945730,9304,-,630,1293,GT-AG,630,1293,1,61.65,FALSE,FALSE,0.0321428571428571,FALSE,-5.63572557154,0.00474947285350546
0,0,1,0,0,0,0,0,0,0,chr21,46945873,46946859,987,-,631,1298,GT-AG,631,1298,1,49.75,FALSE,FALSE,0.0290322580645161,FALSE,-5.56381782027015,0.00178596809449091
30,15,28,35,32,44,43,32,30,18,chr21,46945873,46950683,4811,-,631,1299,GT-AG,631,1299,44,50.2,TRUE,TRUE,0.113345544523388,TRUE,1.8797267838306,0.000133805241725399
0,0,0,0,0,0,0,0,1,0,chr21,46946942,46950683,3742,-,632,1299,GT-AG,632,1299,1,44,FALSE,FALSE,0.0290322580645161,FALSE,-5.46677173408218,0.00142828927054345
17,7,10,4,0,26,3,31,22,11,chr21,46950886,46951302,417,-,633,1300,GT-AG,633,1300,31,30.75,TRUE,TRUE,0.838589061586773,TRUE,2.56051491474163,0.000335969933158171
14,5,3,18,16,9,14,31,11,7,chr21,46952063,46955939,3877,-,634,1301,GC-AG,634,1301,31,51.45,TRUE,TRUE,0.141839774934287,TRUE,-0.354923113333613,0.000515916701647401
2,0,0,0,2,3,2,2,1,0,chr21,46952063,46957680,5618,-,634,1302,GT-AG,634,1302,3,51.45,FALSE,FALSE,0.0639357583800936,TRUE,-3.72467338290103,0.000600469353943148
14,3,7,16,22,14,19,20,14,5,chr21,46952063,46957684,5622,-,634,1303,GC-AG,634,1303,22,54.55,TRUE,TRUE,0.21274774922793,TRUE,-0.314966017554277,0.000169947725808198
2,0,0,0,0,1,0,0,0,0,chr21,46952063,46962281,10219,-,634,1304,GT-AG,634,1304,2,74.25,FALSE,FALSE,0.041038961038961,FALSE,-5.31069247943283,0.00872760556954134
0,0,1,0,0,0,0,0,0,0,chr21,46955232,46955939,708,-,635,1301,GC-AG,635,1301,1,25.15,FALSE,FALSE,0.18,TRUE,-4.48205670574478,0.0837705925159343
0,0,1,0,0,0,0,0,0,0,chr21,46955232,46957684,2453,-,635,1303,GC-AG,635,1303,1,24,FALSE,FALSE,0.1,TRUE,-4.66389383362091,0.0272725568068941
0,0,0,0,0,1,0,0,0,0,chr21,46957564,46957684,121,-,636,1303,GC-AG,636,1303,1,24,FALSE,FALSE,0.0473684210526316,FALSE,-4.65851619394283,0.00185978080818312
0,0,0,0,0,0,0,0,1,0,chr21,46957894,46962281,4388,-,637,1304,GT-AG,637,1304,1,27.75,FALSE,FALSE,0.0583333333333333,TRUE,-3.32824930137945,0.0190149904727682
0,0,0,1,0,0,0,0,0,0,chr21,46957917,46962275,4359,-,638,1305,GT-AG,638,1305,1,0.549999999999999,FALSE,FALSE,0,FALSE,0.239789527279837,0.499999943136996
0,0,0,0,0,0,0,1,0,0,chr21,46957923,46961519,3597,-,639,1306,GT-AG,639,1306,1,31.15,FALSE,FALSE,0.0243243243243243,FALSE,-3.99811551659645,0.000752979560284681
0,0,0,0,0,0,0,1,0,0,chr21,46957923,46961621,3699,-,639,1307,GT-AG,639,1307,1,31.15,FALSE,FALSE,0.0243243243243243,FALSE,-3.99811551659645,0.000752979560284681
1,2,2,0,0,0,0,4,1,1,chr21,46957923,46961700,3778,-,639,1308,GT-AG,639,1308,4,31.15,FALSE,FALSE,0.189109824109824,TRUE,-2.43439203647271,0.00114257582020751
0,0,0,0,0,0,1,0,0,0,chr21,46957923,46962173,4251,-,639,1309,GT-AG,639,1309,1,31.15,FALSE,FALSE,0.45,TRUE,-3.9361852105314,0.237082650580653
10,5,7,0,0,24,0,30,14,3,chr21,46957923,46962281,4359,-,639,1304,GT-AG,639,1304,30,31.6,TRUE,TRUE,0.519144573144573,TRUE,-0.0102875958477486,0.225792324467243
1,0,0,0,0,0,0,0,0,0,chr21,46957923,46962285,4363,-,639,1310,GC-AG,639,1310,1,31.15,FALSE,FALSE,0.075,TRUE,-3.99222189259547,0.00836659449088573
0,0,1,0,0,0,0,0,0,0,chr21,46963774,46964050,277,-,640,1311,GT-AG,640,1311,1,0.549999999999999,FALSE,FALSE,0,FALSE,0.239789527279837,0.500000040097874
39,25,35,7,8,56,4,41,28,21,chr21,47581620,47581829,210,-,641,1312,GT-AG,641,1312,56,57.6,TRUE,TRUE,0.201251251728032,TRUE,1.61947942134403,0.0354298198085664
36,27,28,15,24,31,12,27,31,18,chr21,47581982,47588221,6240,-,642,1313,GT-AG,642,1313,36,38.65,TRUE,TRUE,0.112382727555141,TRUE,3.73599424301431,0.046865733667307
3,0,0,0,0,0,0,0,0,0,chr21,47581982,47588285,6304,-,642,1314,GT-AG,642,1314,3,35.85,FALSE,FALSE,0.0692307692307692,TRUE,-5.13413172958723,0.0667772541026511
0,0,0,0,0,1,0,0,0,0,chr21,47581982,47604269,22288,-,642,1315,GT-AG,642,1315,1,90.7,FALSE,FALSE,0.00927835051546392,FALSE,-6.31059605565903,0.000332687770246122
0,1,0,0,0,0,1,2,0,0,chr21,47588573,47602537,13965,-,643,1316,GT-AG,643,1316,2,57.6,FALSE,FALSE,0.0347306260786393,FALSE,-5.31401954824017,0.00550985175576955
0,1,0,0,0,0,1,0,0,0,chr21,47588573,47604252,15680,-,643,1317,GT-AG,643,1317,1,57.6,FALSE,FALSE,0.0199904351984696,FALSE,-5.62290710876749,0.000358067785784967
39,42,48,35,40,58,36,42,32,41,chr21,47588573,47604269,15697,-,643,1315,GT-AG,643,1315,58,64.7,TRUE,TRUE,0.119428423152142,TRUE,1.73202449840908,0.000445476110934989
0,0,0,1,0,0,0,0,0,0,chr21,47588573,47625749,37177,-,643,1318,GT-AG,643,1318,1,57.6,FALSE,FALSE,0.0230769230769231,FALSE,-5.86454534519232,0.0013910479105992
0,1,0,0,0,0,0,0,0,0,chr21,47588573,47648347,59775,-,643,1319,GT-AG,643,1319,1,57.6,FALSE,FALSE,0.0176470588235294,FALSE,-5.8651598147663,0.000877311498941314
2,3,4,0,0,0,3,4,2,0,chr21,47608736,47610989,2254,-,644,1320,GT-AG,644,1320,4,4,FALSE,FALSE,0.773809523809524,TRUE,1.31904775994306,0.00917764041240758
0,1,0,0,1,0,0,0,1,0,chr21,47608736,47611794,3059,-,644,1321,GT-AG,644,1321,1,4,FALSE,FALSE,0.773809523809524,TRUE,-1.31904775994306,0.00917764640316724
0,0,0,0,0,0,1,0,0,0,chr21,47655339,47656742,1404,-,645,1322,GT-AG,645,1322,1,149.65,FALSE,FALSE,0.0075,FALSE,-6.61677769784469,0.000375809433246087
85,137,97,160,56,91,119,52,104,100,chr21,47655341,47656742,1402,-,646,1322,GT-AG,646,1322,160,172.75,TRUE,FALSE,0.0427246847176099,FALSE,2.25181542710681,7.30275141540701e-05
0,0,0,0,0,0,0,0,1,1,chr21,47656809,47660724,3916,-,647,1323,GT-AG,647,1323,1,95.5,FALSE,FALSE,0.0153682288496652,FALSE,-5.89529422348671,0.000310675592009696
39,64,61,90,33,73,54,25,44,57,chr21,47656894,47660724,3831,-,648,1323,GT-AG,648,1323,90,95.5,TRUE,TRUE,0.0649213993631979,TRUE,1.84147354139966,0.000271268192506474
0,0,0,0,0,0,0,0,1,0,chr21,47656894,47662715,5822,-,648,1324,GT-AG,648,1324,1,213.8,FALSE,FALSE,0.00620689655172414,FALSE,-7.09021086899146,0.000390916443317771
0,0,0,0,1,0,0,0,0,0,chr21,47656894,47663378,6485,-,648,1325,GT-AG,648,1325,1,233.5,FALSE,FALSE,0.0075,FALSE,-7.17548649681712,0.00157123816851867
0,0,0,0,0,0,0,0,1,0,chr21,47660932,47662710,1779,-,649,1326,GT-AG,649,1326,1,142.15,FALSE,FALSE,0.00833333333333333,FALSE,-6.72430713181347,0.000428464276738228
111,96,89,135,82,119,132,61,95,84,chr21,47660932,47662715,1784,-,649,1324,GT-AG,649,1324,135,145.8,TRUE,TRUE,0.0961416673006669,TRUE,2.4049939765871,0.00689918204561018
0,1,0,0,0,0,0,0,1,0,chr21,47660932,47663378,2447,-,649,1325,GT-AG,649,1325,1,301.85,FALSE,FALSE,0.00391708701134931,FALSE,-7.21953290126721,8.18628149568361e-05
87,116,98,157,85,112,157,89,97,120,chr21,47662846,47663378,533,-,650,1325,GT-AG,650,1325,157,166.55,TRUE,TRUE,0.0773983738353119,TRUE,2.51637697906049,0.00394025630015539
0,0,0,0,0,0,0,1,0,0,chr21,47662883,47663378,496,-,651,1325,GT-AG,651,1325,1,160.3,FALSE,FALSE,0.00927835051546392,FALSE,-6.80014327252961,0.000799347281530367
70,50,45,94,53,70,65,80,50,52,chr21,47663637,47664720,1084,-,652,1327,GT-AG,652,1327,94,99.25,TRUE,TRUE,0.0728448346420237,TRUE,1.83387770997523,0.000132174780524274
10,6,8,14,19,15,15,17,6,9,chr21,47666801,47671442,4642,-,653,1328,GT-AG,653,1328,19,18.65,FALSE,FALSE,0.109285714285714,TRUE,3.99257476365394,0.000786683638245564
0,0,0,0,1,0,0,0,0,0,chr21,47666801,47674305,7505,-,653,1329,GT-AG,653,1329,1,79.05,FALSE,FALSE,0.0140625,FALSE,-5.9802686393032,0.00081814442937949
0,1,0,0,0,0,0,0,1,0,chr21,47670530,47671442,913,-,654,1328,GT-AG,654,1328,1,18.1,FALSE,FALSE,0.114285714285714,TRUE,-4.23236429093377,0.00391999333461455
36,29,27,44,44,57,69,45,24,34,chr21,47671597,47674305,2709,-,655,1329,GT-AG,655,1329,69,77.25,TRUE,TRUE,0.136828661457506,TRUE,1.46398886931437,0.000215838936213901
0,0,0,0,0,1,0,0,0,0,chr21,47672595,47674305,1711,-,656,1329,GT-AG,656,1329,1,64.05,FALSE,FALSE,0.0155172413793103,FALSE,-5.72806127722358,0.000534904922140464
53,40,43,75,47,94,72,53,50,46,chr21,47676901,47678852,1952,-,657,1330,GT-AG,657,1330,94,89.45,TRUE,TRUE,0.0539534658012549,TRUE,2.71561244225615,0.000113620638337974
0,0,1,0,0,0,0,2,0,0,chr21,47676901,47678868,1968,-,657,1331,GC-AG,657,1331,2,85.45,FALSE,FALSE,0.0304545454545455,FALSE,-5.77210260161048,0.00546912919675032
42,23,31,42,41,43,77,40,29,35,chr21,47679006,47680706,1701,-,658,1332,GT-AG,658,1332,77,63.05,TRUE,TRUE,0.0549790252299101,TRUE,3.97442740860666,0.0087092794541167
0,0,0,0,0,0,0,1,0,0,chr21,48019417,48022190,2774,-,659,1333,GT-AG,659,1333,1,0.549999999999999,FALSE,FALSE,0,FALSE,0.239789527279837,0.499999999997727
0,0,0,1,0,0,0,0,0,0,chr21,48022330,48024925,2596,-,660,1334,GT-AG,660,1334,1,0.549999999999999,FALSE,FALSE,0,FALSE,0.239789527279837,0.499999943136996
